"id","grade","volume","chapter","topicTitleZhHans","type","difficulty","promptZhHans","optionsZhHans","answer","acceptedAnswers","explanationZhHans","reviewReason"
"hjb-high-ds-v4-s4-002","S4","必修 第一册","集合与逻辑","集合与逻辑","fill-in","Challenge","V4修复变式0002：填空：设集合 A={1,2,3,...,31}，B 为 A 中能被 9 整除的数，C 为 A 中能被 10 整除的数。求只属于 B 和 C 中一个集合的元素个数。","","6","6","|B|=floor(31/9)=3，|C|=floor(31/10)=3，|B∩C|=floor(31/90)=0。只属于一个集合的元素个数为 |B|+|C|-2|B∩C|=6。","challenge-exam-targeted-p2-sweep"
"hjb-high-ds-v4-s4-008","S4","必修 第一册","集合与逻辑","集合与逻辑","fill-in","Exam","V4修复变式0008：填空：设集合 A={1,2,3,...,34}，B 为 A 中能被 10 整除的数，C 为 A 中能被 11 整除的数。求只属于 B 和 C 中一个集合的元素个数。","","6","6","|B|=floor(34/10)=3，|C|=floor(34/11)=3，|B∩C|=floor(34/110)=0。只属于一个集合的元素个数为 |B|+|C|-2|B∩C|=6。","mandatory-original-p2-recheck"
"hjb-high-ds-v4-s4-024","S4","必修 第一册","集合与逻辑","集合与逻辑","short-answer","Exam","V4修复变式0024：解答：设集合 A={1,2,3,...,39}，B 为 A 中能被 3 整除的数，C 为 A 中能被 4 整除的数。求只属于 B 和 C 中一个集合的元素个数。","","16","16","|B|=floor(39/3)=13，|C|=floor(39/4)=9，|B∩C|=floor(39/12)=3。只属于一个集合的元素个数为 |B|+|C|-2|B∩C|=16。","challenge-exam-targeted-p2-sweep"
"hjb-high-ds-v4-s4-028","S4","必修 第一册","集合与逻辑","集合与逻辑","multiple-choice","Exam","V4修复变式0028：选择：设集合 A={1,2,3,...,43}，B 为 A 中能被 8 整除的数，C 为 A 中能被 9 整除的数。求只属于 B 和 C 中一个集合的元素个数。","9 | 10 | 8 | 11","9","9","|B|=floor(43/8)=5，|C|=floor(43/9)=4，|B∩C|=floor(43/72)=0。只属于一个集合的元素个数为 |B|+|C|-2|B∩C|=9。","mandatory-original-p2-recheck"
"hjb-high-ds-v4-s4-034","S4","必修 第一册","集合与逻辑","集合与逻辑","multiple-choice","Challenge","V4修复变式0034：选择：设集合 A={1,2,3,...,26}，B 为 A 中能被 2 整除的数，C 为 A 中能被 3 整除的数。求只属于 B 和 C 中一个集合的元素个数。","14 | 12 | 15 | 13","13","13","|B|=floor(26/2)=13，|C|=floor(26/3)=8，|B∩C|=floor(26/6)=4。只属于一个集合的元素个数为 |B|+|C|-2|B∩C|=13。","challenge-exam-targeted-p2-sweep"
"hjb-high-ds-v4-s4-039","S4","必修 第一册","集合与逻辑","集合与逻辑","short-answer","Foundation","V4修复变式0039：解答：设集合 A={1,2,3,...,24}，集合 B 为其中能被 2 整除的数。求集合 B 的元素个数。","","12","12","B 中元素为不超过 24 的 2 的倍数，共 floor(24/2)=12 个。","fresh-150-sample-fill"
"hjb-high-ds-v4-s4-041","S4","必修 第一册","集合与逻辑","集合与逻辑","fill-in","Core","V4修复变式0041：填空：设集合 A={1,2,3,...,99}，集合 B 为其中能被 10 整除的数。求集合 B 的元素个数。","","9","9","B 中元素为不超过 99 的 10 的倍数，共 floor(99/10)=9 个。","fresh-150-sample-fill"
"hjb-high-ds-v4-s4-050","S4","必修 第一册","集合与逻辑","集合与逻辑","fill-in","Challenge","V4修复变式0050：填空：设集合 A={1,2,3,...,116}，B 为 A 中能被 9 整除的数，C 为 A 中能被 10 整除的数。求只属于 B 和 C 中一个集合的元素个数。","","21","21","|B|=floor(116/9)=12，|C|=floor(116/10)=11，|B∩C|=floor(116/90)=1。只属于一个集合的元素个数为 |B|+|C|-2|B∩C|=21。","mandatory-original-p2-recheck"
"hjb-high-ds-v4-s4-051","S4","必修 第一册","等式与不等式","等式与不等式","short-answer","Foundation","V4修复变式0051：解答：解不等式 x+4>8，求 x 的取值范围右端常数 8-4 的值。","","4","4","两边同时减去 4，得 x>8-4=4。","fresh-150-sample-fill"
"hjb-high-ds-v4-s4-056","S4","必修 第一册","等式与不等式","等式与不等式","fill-in","Exam","V4修复变式0056：填空：求不等式组 x+6>8，x≤6 的整数解个数。","","4","4","由 x+6>8 得 x>2。又 x≤6，整数 x 为 3 到 6，共有 6-2=4 个。","mandatory-original-p2-recheck"
"hjb-high-ds-v4-s4-070","S4","必修 第一册","等式与不等式","等式与不等式","multiple-choice","Challenge","V4修复变式0070：选择：求不等式组 x+7>11，x≤7 的整数解个数。","4 | 2 | 5 | 3","3","3","由 x+7>11 得 x>4。又 x≤7，整数 x 为 5 到 7，共有 7-4=3 个。","challenge-exam-targeted-p2-sweep"
"hjb-high-ds-v4-s4-107","S4","必修 第一册","幂、指数与对数","幂、指数与对数","fill-in","Foundation","V4修复变式0107：填空：已知 log_6(6^7)=m，求 m。","","7","7","由对数定义，log_6(6^7)=7，所以 m=7。","fresh-150-sample-fill"
"hjb-high-ds-v4-s4-122","S4","必修 第一册","幂、指数与对数","幂、指数与对数","fill-in","Challenge","V4修复变式0122：填空：已知 log_10(10^23)=m，且 log_10(10^n)=m+3。求 m+n。","","49","49","由对数定义得 m=23。又 log_10(10^n)=n=m+3=26，所以 m+n=23+26=49。","challenge-exam-targeted-p2-sweep"
"hjb-high-ds-v4-s4-126","S4","必修 第一册","幂、指数与对数","幂、指数与对数","short-answer","Challenge","V4修复变式0126：解答：已知 log_2(2^14)=m，且 log_2(2^n)=m+3。求 m+n。","","31","31","由对数定义得 m=14。又 log_2(2^n)=n=m+3=17，所以 m+n=14+17=31。","mandatory-original-p2-recheck"
"hjb-high-ds-v4-s4-127","S4","必修 第一册","幂、指数与对数","幂、指数与对数","multiple-choice","Foundation","V4修复变式0127：选择：已知 log_6(6^11)=m，求 m。","12 | 10 | 11 | 13","11","11","由对数定义，log_6(6^11)=11，所以 m=11。","fresh-150-sample-fill"
"hjb-high-ds-v4-s4-134","S4","必修 第一册","幂、指数与对数","幂、指数与对数","fill-in","Challenge","V4修复变式0134：填空：已知 log_2(2^12)=m，且 log_2(2^n)=m+3。求 m+n。","","27","27","由对数定义得 m=12。又 log_2(2^n)=n=m+3=15，所以 m+n=12+15=27。","mandatory-original-p2-recheck"
"hjb-high-ds-v4-s4-148","S4","必修 第一册","幂、指数与对数","幂、指数与对数","multiple-choice","Exam","V4修复变式0148：选择：已知 log_12(12^22)=m，且 log_12(12^n)=m+3。求 m+n。","48 | 46 | 49 | 47","47","47","由对数定义得 m=22。又 log_12(12^n)=n=m+3=25，所以 m+n=22+25=47。","mandatory-original-p2-recheck"
"hjb-high-ds-v4-s4-160","S4","必修 第一册","幂函数、指数函数与对数函数","幂函数、指数函数与对数函数","multiple-choice","Exam","V4修复变式0160：选择：函数 f(x)=6^x。若 f(t)=6·f(2)，求 f(t)+f(t-1)。","254 | 252 | 253 | 251","252","252","f(2)=6²，所以 f(t)=6·f(2)=6³，得 t=3。因此 f(t)+f(t-1)=f(3)+f(2)=216+36=252。","challenge-exam-targeted-p2-sweep"
"hjb-high-ds-v4-s4-163","S4","必修 第一册","幂函数、指数函数与对数函数","幂函数、指数函数与对数函数","multiple-choice","Foundation","V4修复变式0163：选择：函数 f(x)=11^x，求 f(2)。","132 | 110 | 121 | 143","121","121","代入 x=2，f(2)=11^2=121。","fresh-150-sample-fill"
"hjb-high-ds-v4-s4-170","S4","必修 第一册","幂函数、指数函数与对数函数","幂函数、指数函数与对数函数","fill-in","Challenge","V4修复变式0170：填空：函数 f(x)=7^x。若 f(t)=7·f(2)，求 f(t)+f(t-1)。","","392","392","f(2)=7²，所以 f(t)=7·f(2)=7³，得 t=3。因此 f(t)+f(t-1)=f(3)+f(2)=343+49=392。","mandatory-original-p2-recheck"
"hjb-high-ds-v4-s4-174","S4","必修 第一册","幂函数、指数函数与对数函数","幂函数、指数函数与对数函数","short-answer","Challenge","V4修复变式0174：解答：函数 f(x)=3^x。若 f(t)=3·f(2)，求 f(t)+f(t-1)。","","36","36","f(2)=3²，所以 f(t)=3·f(2)=3³，得 t=3。因此 f(t)+f(t-1)=f(3)+f(2)=27+9=36。","mandatory-original-p2-recheck"
"hjb-high-ds-v4-s4-176","S4","必修 第一册","幂函数、指数函数与对数函数","幂函数、指数函数与对数函数","fill-in","Exam","V4修复变式0176：填空：函数 f(x)=10^x。若 f(t)=10·f(2)，求 f(t)+f(t-1)。","","1100","1100","f(2)=10²，所以 f(t)=10·f(2)=10³，得 t=3。因此 f(t)+f(t-1)=f(3)+f(2)=1000+100=1100。","challenge-exam-targeted-p2-sweep"
"hjb-high-ds-v4-s4-186","S4","必修 第一册","幂函数、指数函数与对数函数","幂函数、指数函数与对数函数","short-answer","Challenge","V4修复变式0186：解答：函数 f(x)=3^x。若 f(t)=3·f(2)，求 f(t)+f(t-1)。","","36","36","f(2)=3²，所以 f(t)=3·f(2)=3³，得 t=3。因此 f(t)+f(t-1)=f(3)+f(2)=27+9=36。","challenge-exam-targeted-p2-sweep"
"hjb-high-ds-v4-s4-198","S4","必修 第一册","幂函数、指数函数与对数函数","幂函数、指数函数与对数函数","short-answer","Challenge","V4修复变式0198：解答：函数 f(x)=11^x。若 f(t)=11·f(2)，求 f(t)+f(t-1)。","","1452","1452","f(2)=11²，所以 f(t)=11·f(2)=11³，得 t=3。因此 f(t)+f(t-1)=f(3)+f(2)=1331+121=1452。","mandatory-original-p2-recheck"
"hjb-high-ds-v4-s4-200","S4","必修 第一册","幂函数、指数函数与对数函数","幂函数、指数函数与对数函数","fill-in","Exam","V4修复变式0200：填空：函数 f(x)=3^x。若 f(t)=3·f(2)，求 f(t)+f(t-1)。","","36","36","f(2)=3²，所以 f(t)=3·f(2)=3³，得 t=3。因此 f(t)+f(t-1)=f(3)+f(2)=27+9=36。","fresh-150-sample-fill"
"hjb-high-ds-v4-s4-204","S4","必修 第一册","函数的概念、性质及应用","函数的概念、性质及应用","short-answer","Core","V4修复变式0204：解答：已知 f(x)=9x+6，求 f(16)。","","150","150","f(16)=9×16+6=150。","fresh-150-sample-fill"
"hjb-high-ds-v4-s4-208","S4","必修 第一册","函数的概念、性质及应用","函数的概念、性质及应用","multiple-choice","Challenge","V4修复变式0208：选择：已知 f(x)=12x+4，若 f(t)=f(17)+2×12，求 t+f(t)。","251 | 252 | 250 | 253","251","251","一次函数斜率为 12，函数值增加 2×12 时自变量增加 2，所以 t=17+2=19。f(t)=12×19+4=232，故 t+f(t)=251。","mandatory-original-p2-recheck"
"hjb-high-ds-v4-s4-212","S4","必修 第一册","函数的概念、性质及应用","函数的概念、性质及应用","fill-in","Foundation","V4修复变式0212：填空：已知 f(x)=6x+2，求 f(18)。","","110","110","f(18)=6×18+2=110。","fresh-150-sample-fill"
"hjb-high-ds-v4-s4-214","S4","必修 第一册","函数的概念、性质及应用","函数的概念、性质及应用","multiple-choice","Challenge","V4修复变式0214：选择：已知 f(x)=9x+3，若 f(t)=f(11)+2×9，求 t+f(t)。","134 | 132 | 135 | 133","133","133","一次函数斜率为 9，函数值增加 2×9 时自变量增加 2，所以 t=11+2=13。f(t)=9×13+3=120，故 t+f(t)=133。","fresh-150-sample-fill"
"hjb-high-ds-v4-s4-218","S4","必修 第一册","函数的概念、性质及应用","函数的概念、性质及应用","fill-in","Foundation","V4修复变式0218：填空：已知 f(x)=11x+2，求 f(10)。","","112","112","f(10)=11×10+2=112。","fresh-150-sample-fill"
"hjb-high-ds-v4-s4-235","S4","必修 第一册","函数的概念、性质及应用","函数的概念、性质及应用","multiple-choice","Challenge","V4修复变式0235：选择：已知 f(x)=7x+8，若 f(t)=f(10)+2×7，求 t+f(t)。","104 | 105 | 103 | 106","104","104","一次函数斜率为 7，函数值增加 2×7 时自变量增加 2，所以 t=10+2=12。f(t)=7×12+8=92，故 t+f(t)=104。","challenge-exam-targeted-p2-sweep"
"hjb-high-ds-v4-s4-244","S4","必修 第一册","函数的概念、性质及应用","函数的概念、性质及应用","multiple-choice","Challenge","V4修复变式0244：选择：已知 f(x)=12x+8，若 f(t)=f(14)+2×12，求 t+f(t)。","216 | 217 | 215 | 218","216","216","一次函数斜率为 12，函数值增加 2×12 时自变量增加 2，所以 t=14+2=16。f(t)=12×16+8=200，故 t+f(t)=216。","challenge-exam-targeted-p2-sweep"
"hjb-high-ds-v4-s4-250","S4","必修 第一册","函数的概念、性质及应用","函数的概念、性质及应用","multiple-choice","Challenge","V4修复变式0250：选择：已知 f(x)=9x+2，若 f(t)=f(12)+2×9，求 t+f(t)。","143 | 141 | 144 | 142","142","142","一次函数斜率为 9，函数值增加 2×9 时自变量增加 2，所以 t=12+2=14。f(t)=9×14+2=128，故 t+f(t)=142。","challenge-exam-targeted-p2-sweep"
"hjb-high-ds-v4-s4-251","S4","必修 第二册","三角","三角","fill-in","Foundation","V4修复变式0251：填空：在三角形 ABC 中，AB=10，AC=16，且 ∠A=60°。求 △ABC 的面积。","","40√3","40√3","三角形面积 S=1/2×AB×AC×sin60°=1/2×10×16×√3/2=40√3。","fresh-150-sample-fill"
"hjb-high-ds-v4-s4-253","S4","必修 第二册","三角","三角","multiple-choice","Challenge","V4修复变式0253：选择：在三角形 ABC 中，AB=10，AC=17，且 ∠A=60°。求 BC²。","219 | 220 | 218 | 221","219","219","由余弦定理，BC²=AB²+AC²-2AB·AC·cos60°=10²+17²-10×17=219。","challenge-exam-targeted-p2-sweep"
"hjb-high-ds-v4-s4-254","S4","必修 第二册","三角","三角","fill-in","Foundation","V4修复变式0254：填空：在三角形 ABC 中，AB=6，AC=11，且 ∠A=60°。求 △ABC 的面积。","","33√3/2","33√3/2","三角形面积 S=1/2×AB×AC×sin60°=1/2×6×11×√3/2=33√3/2。","mandatory-original-p2-recheck"
"hjb-high-ds-v4-s4-262","S4","必修 第二册","三角","三角","multiple-choice","Challenge","V4修复变式0262：选择：在三角形 ABC 中，AB=3，AC=9，且 ∠A=60°。求 BC²。","63 | 64 | 62 | 65","63","63","由余弦定理，BC²=AB²+AC²-2AB·AC·cos60°=3²+9²-3×9=63。","fresh-150-sample-fill"
"hjb-high-ds-v4-s4-263","S4","必修 第二册","三角","三角","fill-in","Foundation","V4修复变式0263：填空：在三角形 ABC 中，AB=6，AC=20，且 ∠A=60°。求 △ABC 的面积。","","30√3","30√3","三角形面积 S=1/2×AB×AC×sin60°=1/2×6×20×√3/2=30√3。","fresh-150-sample-fill"
"hjb-high-ds-v4-s4-264","S4","必修 第二册","三角","三角","short-answer","Core","V4修复变式0264：解答：在三角形 ABC 中，AB=3，AC=12，且 ∠A=60°。求 △ABC 的面积。","","9√3","9√3","三角形面积 S=1/2×AB×AC×sin60°=1/2×3×12×√3/2=9√3。","mandatory-original-p2-recheck"
"hjb-high-ds-v4-s4-266","S4","必修 第二册","三角","三角","fill-in","Foundation","V4修复变式0266：填空：在三角形 ABC 中，AB=8，AC=16，且 ∠A=60°。求 △ABC 的面积。","","32√3","32√3","三角形面积 S=1/2×AB×AC×sin60°=1/2×8×16×√3/2=32√3。","mandatory-original-p2-recheck"
"hjb-high-ds-v4-s4-283","S4","必修 第二册","三角","三角","multiple-choice","Challenge","V4修复变式0283：选择：在三角形 ABC 中，AB=4，AC=5，且 ∠A=60°。求 BC²。","22 | 20 | 23 | 21","21","21","由余弦定理，BC²=AB²+AC²-2AB·AC·cos60°=4²+5²-4×5=21。","fresh-150-sample-fill"
"hjb-high-ds-v4-s4-288","S4","必修 第二册","三角","三角","short-answer","Core","V4修复变式0288：解答：在三角形 ABC 中，AB=7，AC=16，且 ∠A=60°。求 △ABC 的面积。","","28√3","28√3","三角形面积 S=1/2×AB×AC×sin60°=1/2×7×16×√3/2=28√3。","mandatory-original-p2-recheck"
"hjb-high-ds-v4-s4-289","S4","必修 第二册","三角","三角","multiple-choice","Challenge","V4修复变式0289：选择：在三角形 ABC 中，AB=7，AC=15，且 ∠A=60°。求 BC²。","171 | 169 | 170 | 168","169","169","由余弦定理，BC²=AB²+AC²-2AB·AC·cos60°=7²+15²-7×15=169。","mandatory-original-p2-recheck"
"hjb-high-ds-v4-s4-306","S4","必修 第二册","三角","三角","short-answer","Core","V4修复变式0306：解答：在三角形 ABC 中，AB=6，AC=13，且 ∠A=60°。求 △ABC 的面积。","","39√3/2","39√3/2","三角形面积 S=1/2×AB×AC×sin60°=1/2×6×13×√3/2=39√3/2。","fresh-150-sample-fill"
"hjb-high-ds-v4-s4-307","S4","必修 第二册","三角","三角","multiple-choice","Challenge","V4修复变式0307：选择：在三角形 ABC 中，AB=11，AC=15，且 ∠A=60°。求 BC²。","180 | 183 | 181 | 182","181","181","由余弦定理，BC²=AB²+AC²-2AB·AC·cos60°=11²+15²-11×15=181。","fresh-150-sample-fill"
"hjb-high-ds-v4-s4-308","S4","必修 第二册","三角","三角","fill-in","Foundation","V4修复变式0308：填空：在三角形 ABC 中，AB=5，AC=16，且 ∠A=60°。求 △ABC 的面积。","","20√3","20√3","三角形面积 S=1/2×AB×AC×sin60°=1/2×5×16×√3/2=20√3。","mandatory-original-p2-recheck"
"hjb-high-ds-v4-s4-313","S4","必修 第二册","三角","三角","multiple-choice","Challenge","V4修复变式0313：选择：在三角形 ABC 中，AB=10，AC=12，且 ∠A=60°。求 BC²。","126 | 124 | 125 | 123","124","124","由余弦定理，BC²=AB²+AC²-2AB·AC·cos60°=10²+12²-10×12=124。","mandatory-original-p2-recheck"
"hjb-high-ds-v4-s4-329","S4","必修 第二册","三角函数","三角函数","fill-in","Foundation","V4修复变式0329：填空：函数 y=8sin(2x+12π/6) 的最小正周期是多少？","","π","π","sin(ωx+φ) 的周期为 2π/|ω|，这里 ω=2，所以周期为 π。","fresh-150-sample-fill"
"hjb-high-ds-v4-s4-338","S4","必修 第二册","三角函数","三角函数","fill-in","Foundation","V4修复变式0338：填空：函数 y=8sin(2x+9π/6) 的最小正周期是多少？","","π","π","sin(ωx+φ) 的周期为 2π/|ω|，这里 ω=2，所以周期为 π。","fresh-150-sample-fill"
"hjb-high-ds-v4-s4-348","S4","必修 第二册","三角函数","三角函数","short-answer","Core","V4修复变式0348：解答：函数 y=10sin(2x+11π/6) 的最小正周期是多少？","","π","π","sin(ωx+φ) 的周期为 2π/|ω|，这里 ω=2，所以周期为 π。","fresh-150-sample-fill"
"hjb-high-ds-v4-s4-352","S4","必修 第二册","三角函数","三角函数","multiple-choice","Challenge","V4修复变式0352：选择：函数 y=9sin(2x+7π/6)。求它在区间 [0,2π] 内取得最大值的次数。","2 | 3 | 1 | 4","2","2","最大值在 2x+7π/6=π/2+2kπ 时取得，即 x=π(3-7)/12+kπ。限制 0≤x≤2π，可得符合条件的整数 k 有 2 个。","fresh-150-sample-fill"
"hjb-high-ds-v4-s4-355","S4","必修 第二册","三角函数","三角函数","multiple-choice","Challenge","V4修复变式0355：选择：函数 y=8sin(2x+2π/6)。求它在区间 [0,2π] 内取得最大值的次数。","3 | 1 | 4 | 2","2","2","最大值在 2x+2π/6=π/2+2kπ 时取得，即 x=π(3-2)/12+kπ。限制 0≤x≤2π，可得符合条件的整数 k 有 2 个。","mandatory-original-p2-recheck"
"hjb-high-ds-v4-s4-385","S4","必修 第二册","平面向量","平面向量","fill-in","Challenge","V4修复变式0385：填空：已知向量 u=(10,6)，v=(5,7)，求 |u+v|²-|u|²-|v|²。","","184","184","由 |u+v|²=|u|²+2u·v+|v|²，所求为 2u·v=2×(10×5+6×7)=184。","mandatory-original-p2-recheck"
"hjb-high-ds-v4-s4-387","S4","必修 第二册","平面向量","平面向量","fill-in","Core","V4修复变式0387：填空：已知向量 u=(12,1)，v=(8,2)，求 u·v。","","98","98","u·v=12×8+1×2=98。","fresh-150-sample-fill"
"hjb-high-ds-v4-s4-391","S4","必修 第二册","平面向量","平面向量","fill-in","Challenge","V4修复变式0391：填空：已知向量 u=(12,4)，v=(6,5)，求 |u+v|²-|u|²-|v|²。","","184","184","由 |u+v|²=|u|²+2u·v+|v|²，所求为 2u·v=2×(12×6+4×5)=184。","challenge-exam-targeted-p2-sweep"
"hjb-high-ds-v4-s4-397","S4","必修 第二册","平面向量","平面向量","fill-in","Challenge","V4修复变式0397：填空：已知向量 u=(4,6)，v=(17,7)，求 |u+v|²-|u|²-|v|²。","","220","220","由 |u+v|²=|u|²+2u·v+|v|²，所求为 2u·v=2×(4×17+6×7)=220。","mandatory-original-p2-recheck"
"hjb-high-ds-v4-s4-400","S4","必修 第二册","平面向量","平面向量","multiple-choice","Challenge","V4修复变式0400：选择：已知向量 u=(5,5)，v=(18,6)，求 |u+v|²-|u|²-|v|²。","239 | 242 | 240 | 241","240","240","由 |u+v|²=|u|²+2u·v+|v|²，所求为 2u·v=2×(5×18+5×6)=240。","fresh-150-sample-fill"
"hjb-high-ds-v4-s4-409","S4","必修 第二册","平面向量","平面向量","fill-in","Challenge","V4修复变式0409：填空：已知向量 u=(11,7)，v=(8,8)，求 |u+v|²-|u|²-|v|²。","","288","288","由 |u+v|²=|u|²+2u·v+|v|²，所求为 2u·v=2×(11×8+7×8)=288。","fresh-150-sample-fill"
"hjb-high-ds-v4-s4-418","S4","必修 第二册","平面向量","平面向量","multiple-choice","Challenge","V4修复变式0418：选择：已知向量 u=(7,9)，v=(6,10)，求 |u+v|²-|u|²-|v|²。","266 | 264 | 265 | 263","264","264","由 |u+v|²=|u|²+2u·v+|v|²，所求为 2u·v=2×(7×6+9×10)=264。","challenge-exam-targeted-p2-sweep"
"hjb-high-ds-v4-s4-421","S4","必修 第二册","平面向量","平面向量","fill-in","Challenge","V4修复变式0421：填空：已知向量 u=(6,8)，v=(18,9)，求 |u+v|²-|u|²-|v|²。","","360","360","由 |u+v|²=|u|²+2u·v+|v|²，所求为 2u·v=2×(6×18+8×9)=360。","challenge-exam-targeted-p2-sweep"
"hjb-high-ds-v4-s4-432","S4","必修 第二册","平面向量","平面向量","multiple-choice","Core","V4修复变式0432：选择：已知向量 u=(6,2)，v=(17,3)，求 u·v。","116 | 100 | 124 | 108","108","108","u·v=6×17+2×3=108。","fresh-150-sample-fill"
"hjb-high-ds-v4-s4-436","S4","必修 第二册","平面向量","平面向量","multiple-choice","Core","V4修复变式0436：选择：已知向量 u=(5,7)，v=(17,8)，求 u·v。","153 | 129 | 165 | 141","141","141","u·v=5×17+7×8=141。","fresh-150-sample-fill"
"hjb-high-ds-v4-s4-439","S4","必修 第二册","复数","复数","fill-in","Core","V4修复变式0439：填空：复数 z=(4+2i)+(12-2i)，求 z 的实部。","","16","16","实部相加，虚部抵消，z=16，实部为 16。","fresh-150-sample-fill"
"hjb-high-ds-v4-s4-486","S4","必修 第二册","复数","复数","multiple-choice","Core","V4修复变式0486：选择：复数 z=(8+5i)+(7-5i)，求 z 的实部。","15 | 16 | 14 | 17","15","15","实部相加，虚部抵消，z=15，实部为 15。","fresh-150-sample-fill"
"hjb-high-ds-v4-s4-488","S4","必修 第二册","复数","复数","multiple-choice","Core","V4修复变式0488：选择：复数 z=(6+5i)+(8-5i)，求 z 的实部。","15 | 13 | 14 | 16","14","14","实部相加，虚部抵消，z=14，实部为 14。","fresh-150-sample-fill"
"hjb-high-ds-v4-s5-002","S5","必修 第三册","空间直线与平面","空间直线与平面","fill-in","Challenge","V4修复变式0502：填空：长方体中同一顶点出发的三条互相垂直棱长分别为 6、6、5。求含有长为 6 的棱的两个相邻面的面积之和。","","66","66","两个相邻面的面积分别为 6×6 和 6×5，面积和为 6×6+6×5=66。","challenge-exam-targeted-p2-sweep"
"hjb-high-ds-v4-s5-004","S5","必修 第三册","空间直线与平面","空间直线与平面","multiple-choice","Exam","V4修复变式0504：选择：长方体中同一顶点出发的三条互相垂直棱长分别为 10、8、7。求含有长为 10 的棱的两个相邻面的面积之和。","151 | 149 | 152 | 150","150","150","两个相邻面的面积分别为 10×8 和 10×7，面积和为 10×8+10×7=150。","challenge-exam-targeted-p2-sweep"
"hjb-high-ds-v4-s5-006","S5","必修 第三册","空间直线与平面","空间直线与平面","short-answer","Challenge","V4修复变式0506：解答：长方体中同一顶点出发的三条互相垂直棱长分别为 12、18、9。求含有长为 12 的棱的两个相邻面的面积之和。","","324","324","两个相邻面的面积分别为 12×18 和 12×9，面积和为 12×18+12×9=324。","mandatory-original-p2-recheck"
"hjb-high-ds-v4-s5-010","S5","必修 第三册","空间直线与平面","空间直线与平面","multiple-choice","Challenge","V4修复变式0510：选择：长方体中同一顶点出发的三条互相垂直棱长分别为 3、10、4。求含有长为 3 的棱的两个相邻面的面积之和。","42 | 43 | 41 | 44","42","42","两个相邻面的面积分别为 3×10 和 3×4，面积和为 3×10+3×4=42。","mandatory-original-p2-recheck"
"hjb-high-ds-v4-s5-012","S5","必修 第三册","空间直线与平面","空间直线与平面","short-answer","Exam","V4修复变式0512：解答：长方体中同一顶点出发的三条互相垂直棱长分别为 3、6、6。求含有长为 3 的棱的两个相邻面的面积之和。","","36","36","两个相邻面的面积分别为 3×6 和 3×6，面积和为 3×6+3×6=36。","challenge-exam-targeted-p2-sweep"
"hjb-high-ds-v4-s5-014","S5","必修 第三册","空间直线与平面","空间直线与平面","fill-in","Challenge","V4修复变式0514：填空：长方体中同一顶点出发的三条互相垂直棱长分别为 3、4、8。求含有长为 3 的棱的两个相邻面的面积之和。","","36","36","两个相邻面的面积分别为 3×4 和 3×8，面积和为 3×4+3×8=36。","challenge-exam-targeted-p2-sweep"
"hjb-high-ds-v4-s5-019","S5","必修 第三册","空间直线与平面","空间直线与平面","multiple-choice","Foundation","V4修复变式0519：选择：长方体中同一顶点出发的两条互相垂直棱长分别为 3 和 15，这两条棱围成的矩形面积是多少？","48 | 42 | 51 | 45","45","45","相邻垂直棱围成矩形，面积=3×15=45。","fresh-150-sample-fill"
"hjb-high-ds-v4-s5-026","S5","必修 第三册","空间直线与平面","空间直线与平面","fill-in","Challenge","V4修复变式0526：填空：长方体中同一顶点出发的三条互相垂直棱长分别为 7、8、11。求含有长为 7 的棱的两个相邻面的面积之和。","","133","133","两个相邻面的面积分别为 7×8 和 7×11，面积和为 7×8+7×11=133。","mandatory-original-p2-recheck"
"hjb-high-ds-v4-s5-032","S5","必修 第三册","空间直线与平面","空间直线与平面","fill-in","Exam","V4修复变式0532：填空：长方体中同一顶点出发的三条互相垂直棱长分别为 6、12、8。求含有长为 6 的棱的两个相邻面的面积之和。","","120","120","两个相邻面的面积分别为 6×12 和 6×8，面积和为 6×12+6×8=120。","fresh-150-sample-fill"
"hjb-high-ds-v4-s5-034","S5","必修 第三册","空间直线与平面","空间直线与平面","multiple-choice","Challenge","V4修复变式0534：选择：长方体中同一顶点出发的三条互相垂直棱长分别为 8、13、10。求含有长为 8 的棱的两个相邻面的面积之和。","183 | 186 | 184 | 185","184","184","两个相邻面的面积分别为 8×13 和 8×10，面积和为 8×13+8×10=184。","fresh-150-sample-fill"
"hjb-high-ds-v4-s5-038","S5","必修 第三册","空间直线与平面","空间直线与平面","fill-in","Challenge","V4修复变式0538：填空：长方体中同一顶点出发的三条互相垂直棱长分别为 11、13、5。求含有长为 11 的棱的两个相邻面的面积之和。","","198","198","两个相邻面的面积分别为 11×13 和 11×5，面积和为 11×13+11×5=198。","challenge-exam-targeted-p2-sweep"
"hjb-high-ds-v4-s5-043","S5","必修 第三册","空间直线与平面","空间直线与平面","multiple-choice","Foundation","V4修复变式0543：选择：长方体中同一顶点出发的两条互相垂直棱长分别为 5 和 4，这两条棱围成的矩形面积是多少？","20 | 25 | 15 | 30","20","20","相邻垂直棱围成矩形，面积=5×4=20。","fresh-150-sample-fill"
"hjb-high-ds-v4-s5-048","S5","必修 第三册","空间直线与平面","空间直线与平面","short-answer","Exam","V4修复变式0548：解答：长方体中同一顶点出发的三条互相垂直棱长分别为 5、10、6。求含有长为 5 的棱的两个相邻面的面积之和。","","80","80","两个相邻面的面积分别为 5×10 和 5×6，面积和为 5×10+5×6=80。","mandatory-original-p2-recheck"
"hjb-high-ds-v4-s5-052","S5","必修 第三册","空间直线与平面","空间直线与平面","multiple-choice","Exam","V4修复变式0552：选择：长方体中同一顶点出发的三条互相垂直棱长分别为 7、5、10。求含有长为 7 的棱的两个相邻面的面积之和。","104 | 107 | 105 | 106","105","105","两个相邻面的面积分别为 7×5 和 7×10，面积和为 7×5+7×10=105。","challenge-exam-targeted-p2-sweep"
"hjb-high-ds-v4-s5-054","S5","必修 第三册","空间直线与平面","空间直线与平面","short-answer","Challenge","V4修复变式0554：解答：长方体中同一顶点出发的三条互相垂直棱长分别为 12、17、3。求含有长为 12 的棱的两个相邻面的面积之和。","","240","240","两个相邻面的面积分别为 12×17 和 12×3，面积和为 12×17+12×3=240。","mandatory-original-p2-recheck"
"hjb-high-ds-v4-s5-062","S5","必修 第三册","简单几何体","简单几何体","fill-in","Challenge","V4修复变式0562：填空：一个长方体的长、宽、高分别为 10、10、17；另一个长方体的长、宽、高分别为 11、9、17。求两个长方体体积之和。","","3383","3383","两个体积分别为 10×10×17 和 11×9×17，体积之和为 3383。","mandatory-original-p2-recheck"
"hjb-high-ds-v4-s5-064","S5","必修 第三册","简单几何体","简单几何体","multiple-choice","Exam","V4修复变式0564：选择：一个长方体的长、宽、高分别为 10、10、18；另一个长方体的长、宽、高分别为 11、9、18。求两个长方体体积之和。","3584 | 3582 | 3583 | 3581","3582","3582","两个体积分别为 10×10×18 和 11×9×18，体积之和为 3582。","mandatory-original-p2-recheck"
"hjb-high-ds-v4-s5-070","S5","必修 第三册","简单几何体","简单几何体","multiple-choice","Challenge","V4修复变式0570：选择：一个长方体的长、宽、高分别为 4、4、18；另一个长方体的长、宽、高分别为 5、3、18。求两个长方体体积之和。","557 | 560 | 558 | 559","558","558","两个体积分别为 4×4×18 和 5×3×18，体积之和为 558。","fresh-150-sample-fill"
"hjb-high-ds-v4-s5-072","S5","必修 第三册","简单几何体","简单几何体","short-answer","Exam","V4修复变式0572：解答：一个长方体的长、宽、高分别为 12、12、15；另一个长方体的长、宽、高分别为 13、11、15。求两个长方体体积之和。","","4305","4305","两个体积分别为 12×12×15 和 13×11×15，体积之和为 4305。","mandatory-original-p2-recheck"
"hjb-high-ds-v4-s5-084","S5","必修 第三册","简单几何体","简单几何体","short-answer","Exam","V4修复变式0584：解答：一个长方体的长、宽、高分别为 7、7、6；另一个长方体的长、宽、高分别为 8、6、6。求两个长方体体积之和。","","582","582","两个体积分别为 7×7×6 和 8×6×6，体积之和为 582。","challenge-exam-targeted-p2-sweep"
"hjb-high-ds-v4-s5-086","S5","必修 第三册","简单几何体","简单几何体","fill-in","Challenge","V4修复变式0586：填空：一个长方体的长、宽、高分别为 5、5、16；另一个长方体的长、宽、高分别为 6、4、16。求两个长方体体积之和。","","784","784","两个体积分别为 5×5×16 和 6×4×16，体积之和为 784。","fresh-150-sample-fill"
"hjb-high-ds-v4-s5-102","S5","必修 第三册","简单几何体","简单几何体","short-answer","Challenge","V4修复变式0602：解答：一个长方体的长、宽、高分别为 11、11、16；另一个长方体的长、宽、高分别为 12、10、16。求两个长方体体积之和。","","3856","3856","两个体积分别为 11×11×16 和 12×10×16，体积之和为 3856。","mandatory-original-p2-recheck"
"hjb-high-ds-v4-s5-128","S5","必修 第三册","概率初步","概率初步","fill-in","Exam","V4修复变式0628：填空：袋中有 2 个红球和 5 个蓝球，不放回连续取出 2 个。求两次都取到红球的概率。","","1/21","1/21 | 2/42","不放回取两次都为红球的概率为 2/7×1/6=2/42=1/21。","mandatory-original-p2-recheck"
"hjb-high-ds-v4-s5-130","S5","必修 第三册","概率初步","概率初步","multiple-choice","Challenge","V4修复变式0630：选择：袋中有 11 个红球和 7 个蓝球，不放回连续取出 2 个。求两次都取到红球的概率。","37/102 | 109/306 | 110/307 | 55/153","55/153","55/153 | 110/306","不放回取两次都为红球的概率为 11/18×10/17=110/306=55/153。","challenge-exam-targeted-p2-sweep"
"hjb-high-ds-v4-s5-132","S5","必修 第三册","概率初步","概率初步","short-answer","Exam","V4修复变式0632：解答：袋中有 11 个红球和 10 个蓝球，不放回连续取出 2 个。求两次都取到红球的概率。","","11/42","11/42 | 110/420","不放回取两次都为红球的概率为 11/21×10/20=110/420=11/42。","mandatory-original-p2-recheck"
"hjb-high-ds-v4-s5-134","S5","必修 第三册","概率初步","概率初步","fill-in","Challenge","V4修复变式0634：填空：袋中有 2 个红球和 20 个蓝球，不放回连续取出 2 个。求两次都取到红球的概率。","","1/231","1/231 | 2/462","不放回取两次都为红球的概率为 2/22×1/21=2/462=1/231。","challenge-exam-targeted-p2-sweep"
"hjb-high-ds-v4-s5-136","S5","必修 第三册","概率初步","概率初步","multiple-choice","Exam","V4修复变式0636：选择：袋中有 2 个红球和 18 个蓝球，不放回连续取出 2 个。求两次都取到红球的概率。","2/381 | 1/190 | 3/380 | 1/380","1/190","1/190 | 2/380","不放回取两次都为红球的概率为 2/20×1/19=2/380=1/190。","challenge-exam-targeted-p2-sweep"
"hjb-high-ds-v4-s5-140","S5","必修 第三册","概率初步","概率初步","fill-in","Exam","V4修复变式0640：填空：袋中有 7 个红球和 11 个蓝球，不放回连续取出 2 个。求两次都取到红球的概率。","","7/51","7/51 | 42/306","不放回取两次都为红球的概率为 7/18×6/17=42/306=7/51。","mandatory-original-p2-recheck"
"hjb-high-ds-v4-s5-150","S5","必修 第三册","概率初步","概率初步","short-answer","Challenge","V4修复变式0650：解答：袋中有 2 个红球和 14 个蓝球，不放回连续取出 2 个。求两次都取到红球的概率。","","1/120","1/120 | 2/240","不放回取两次都为红球的概率为 2/16×1/15=2/240=1/120。","fresh-150-sample-fill"
"hjb-high-ds-v4-s5-156","S5","必修 第三册","概率初步","概率初步","short-answer","Exam","V4修复变式0656：解答：袋中有 12 个红球和 14 个蓝球，不放回连续取出 2 个。求两次都取到红球的概率。","","66/325","66/325 | 132/650","不放回取两次都为红球的概率为 12/26×11/25=132/650=66/325。","mandatory-original-p2-recheck"
"hjb-high-ds-v4-s5-163","S5","必修 第三册","概率初步","概率初步","multiple-choice","Foundation","V4修复变式0663：选择：袋中有 3 个红球和 12 个蓝球，随机取出 1 个，取到红球的概率是多少？","4/15 | 2/15 | 3/16 | 1/5","1/5","1/5 | 3/15","总球数为 15，红球 3 个，所以概率为 3/15=1/5。","mandatory-original-p2-recheck"
"hjb-high-ds-v4-s5-172","S5","必修 第三册","统计","统计","multiple-choice","Exam","V4修复变式0672：选择：一组数据为 9，10，11，若再加入一个数 x 后，四个数平均数比原平均数大 2，求 x。","20 | 18 | 19 | 17","18","18","原平均数为 (9+10+11)/3=10。加入 x 后平均数为 10+2=12，所以 x=4×12-(9+10+11)=18。","mandatory-original-p2-recheck"
"hjb-high-ds-v4-s5-174","S5","必修 第三册","统计","统计","short-answer","Challenge","V4修复变式0674：解答：一组数据为 11，14，17，若再加入一个数 x 后，四个数平均数比原平均数大 1，求 x。","","18","18","原平均数为 (11+14+17)/3=14。加入 x 后平均数为 14+1=15，所以 x=4×15-(11+14+17)=18。","fresh-150-sample-fill"
"hjb-high-ds-v4-s5-178","S5","必修 第三册","统计","统计","multiple-choice","Challenge","V4修复变式0678：选择：一组数据为 8，14，20，若再加入一个数 x 后，四个数平均数比原平均数大 2，求 x。","23 | 21 | 24 | 22","22","22","原平均数为 (8+14+20)/3=14。加入 x 后平均数为 14+2=16，所以 x=4×16-(8+14+20)=22。","mandatory-original-p2-recheck"
"hjb-high-ds-v4-s5-184","S5","必修 第三册","统计","统计","multiple-choice","Exam","V4修复变式0684：选择：一组数据为 2，15，28，若再加入一个数 x 后，四个数平均数比原平均数大 2，求 x。","22 | 25 | 23 | 24","23","23","原平均数为 (2+15+28)/3=15。加入 x 后平均数为 15+2=17，所以 x=4×17-(2+15+28)=23。","challenge-exam-targeted-p2-sweep"
"hjb-high-ds-v4-s5-190","S5","必修 第三册","统计","统计","multiple-choice","Challenge","V4修复变式0690：选择：一组数据为 12，16，20，若再加入一个数 x 后，四个数平均数比原平均数大 2，求 x。","26 | 24 | 25 | 23","24","24","原平均数为 (12+16+20)/3=16。加入 x 后平均数为 16+2=18，所以 x=4×18-(12+16+20)=24。","challenge-exam-targeted-p2-sweep"
"hjb-high-ds-v4-s5-198","S5","必修 第三册","统计","统计","short-answer","Challenge","V4修复变式0698：解答：一组数据为 11，22，33，若再加入一个数 x 后，四个数平均数比原平均数大 1，求 x。","","26","26","原平均数为 (11+22+33)/3=22。加入 x 后平均数为 22+1=23，所以 x=4×23-(11+22+33)=26。","challenge-exam-targeted-p2-sweep"
"hjb-high-ds-v4-s5-200","S5","必修 第三册","统计","统计","fill-in","Exam","V4修复变式0700：填空：一组数据为 4，16，28，若再加入一个数 x 后，四个数平均数比原平均数大 3，求 x。","","28","28","原平均数为 (4+16+28)/3=16。加入 x 后平均数为 16+3=19，所以 x=4×19-(4+16+28)=28。","challenge-exam-targeted-p2-sweep"
"hjb-high-ds-v4-s5-202","S5","必修 第三册","统计","统计","multiple-choice","Challenge","V4修复变式0702：选择：一组数据为 9，18，27，若再加入一个数 x 后，四个数平均数比原平均数大 2，求 x。","27 | 25 | 28 | 26","26","26","原平均数为 (9+18+27)/3=18。加入 x 后平均数为 18+2=20，所以 x=4×20-(9+18+27)=26。","challenge-exam-targeted-p2-sweep"
"hjb-high-ds-v4-s5-205","S5","必修 第三册","统计","统计","multiple-choice","Challenge","V4修复变式0705：选择：一组数据为 6，12，18，若再加入一个数 x 后，四个数平均数比原平均数大 2，求 x。","20 | 21 | 19 | 22","20","20","原平均数为 (6+12+18)/3=12。加入 x 后平均数为 12+2=14，所以 x=4×14-(6+12+18)=20。","mandatory-original-p2-recheck"
"hjb-high-ds-v4-s5-208","S5","必修 第三册","统计","统计","multiple-choice","Challenge","V4修复变式0708：选择：一组数据为 12，25，38，若再加入一个数 x 后，四个数平均数比原平均数大 2，求 x。","35 | 33 | 34 | 32","33","33","原平均数为 (12+25+38)/3=25。加入 x 后平均数为 25+2=27，所以 x=4×27-(12+25+38)=33。","fresh-150-sample-fill"
"hjb-high-ds-v4-s5-214","S5","必修 第三册","统计","统计","multiple-choice","Challenge","V4修复变式0714：选择：一组数据为 7，10，13，若再加入一个数 x 后，四个数平均数比原平均数大 2，求 x。","17 | 20 | 18 | 19","18","18","原平均数为 (7+10+13)/3=10。加入 x 后平均数为 10+2=12，所以 x=4×12-(7+10+13)=18。","fresh-150-sample-fill"
"hjb-high-ds-v4-s5-217","S5","必修 第三册","统计","统计","multiple-choice","Challenge","V4修复变式0717：选择：一组数据为 2，12，22，若再加入一个数 x 后，四个数平均数比原平均数大 2，求 x。","22 | 20 | 21 | 19","20","20","原平均数为 (2+12+22)/3=12。加入 x 后平均数为 12+2=14，所以 x=4×14-(2+12+22)=20。","challenge-exam-targeted-p2-sweep"
"hjb-high-ds-v4-s5-228","S5","选择性必修 第一册","平面直角坐标系中的直线","平面直角坐标系中的直线","short-answer","Core","V4修复变式0728：解答：直线经过点 (12,9) 和 (13,24)，求斜率。","","15","15","斜率=(24-9)/(13-12)=15。","fresh-150-sample-fill"
"hjb-high-ds-v4-s5-229","S5","选择性必修 第一册","平面直角坐标系中的直线","平面直角坐标系中的直线","multiple-choice","Challenge","V4修复变式0729：选择：直线 l 经过点 (8,9) 和 (9,25)。直线 m 与 l 平行，且经过点 (0,6)。求直线 m 在 x=2 时的 y 坐标。","37 | 40 | 38 | 39","38","38","l 的斜率为 (25-9)/(9-8)=16。m 与 l 平行，斜率也为 16，且过 (0,6)，所以 x=2 时 y=16×2+6=38。","challenge-exam-targeted-p2-sweep"
"hjb-high-ds-v4-s5-250","S5","选择性必修 第一册","平面直角坐标系中的直线","平面直角坐标系中的直线","multiple-choice","Challenge","V4修复变式0750：选择：直线 l 经过点 (9,7) 和 (10,20)。直线 m 与 l 平行，且经过点 (0,6)。求直线 m 在 x=2 时的 y 坐标。","31 | 34 | 32 | 33","32","32","l 的斜率为 (20-7)/(10-9)=13。m 与 l 平行，斜率也为 13，且过 (0,6)，所以 x=2 时 y=13×2+6=32。","mandatory-original-p2-recheck"
"hjb-high-ds-v4-s5-280","S5","选择性必修 第一册","平面直角坐标系中的直线","平面直角坐标系中的直线","multiple-choice","Challenge","V4修复变式0780：选择：直线 l 经过点 (4,5) 和 (5,14)。直线 m 与 l 平行，且经过点 (0,1)。求直线 m 在 x=2 时的 y 坐标。","21 | 19 | 20 | 18","19","19","l 的斜率为 (14-5)/(5-4)=9。m 与 l 平行，斜率也为 9，且过 (0,1)，所以 x=2 时 y=9×2+1=19。","fresh-150-sample-fill"
"hjb-high-ds-v4-s5-285","S5","选择性必修 第一册","平面直角坐标系中的直线","平面直角坐标系中的直线","short-answer","Core","V4修复变式0785：解答：直线经过点 (7,5) 和 (8,16)，求斜率。","","11","11","斜率=(16-5)/(8-7)=11。","fresh-150-sample-fill"
"hjb-high-ds-v4-s5-289","S5","选择性必修 第一册","平面直角坐标系中的直线","平面直角坐标系中的直线","multiple-choice","Challenge","V4修复变式0789：选择：直线 l 经过点 (9,9) 和 (10,28)。直线 m 与 l 平行，且经过点 (0,3)。求直线 m 在 x=2 时的 y 坐标。","41 | 42 | 40 | 43","41","41","l 的斜率为 (28-9)/(10-9)=19。m 与 l 平行，斜率也为 19，且过 (0,3)，所以 x=2 时 y=19×2+3=41。","mandatory-original-p2-recheck"
"hjb-high-ds-v4-s5-297","S5","选择性必修 第一册","圆锥曲线","圆锥曲线","short-answer","Core","V4修复变式0797：解答：椭圆 x²/324+y²/169=1 中，求 c²=a²-b² 的值。","","155","155","这里 a²=324，b²=169，所以 c²=324-169=155。","fresh-150-sample-fill"
"hjb-high-ds-v4-s5-301","S5","选择性必修 第一册","圆锥曲线","圆锥曲线","multiple-choice","Challenge","V4修复变式0801：选择：椭圆 x²/361+y²/289=1 的两个焦点为 F1，F2。求 |F1F2|²。","290 | 288 | 289 | 287","288","288","c²=361-289=72，两焦点距离 |F1F2|=2c，所以 |F1F2|²=4c²=288。","mandatory-original-p2-recheck"
"hjb-high-ds-v4-s5-322","S5","选择性必修 第一册","圆锥曲线","圆锥曲线","multiple-choice","Challenge","V4修复变式0822：选择：椭圆 x²/121+y²/81=1 的两个焦点为 F1，F2。求 |F1F2|²。","160 | 161 | 159 | 162","160","160","c²=121-81=40，两焦点距离 |F1F2|=2c，所以 |F1F2|²=4c²=160。","challenge-exam-targeted-p2-sweep"
"hjb-high-ds-v4-s5-328","S5","选择性必修 第一册","圆锥曲线","圆锥曲线","multiple-choice","Challenge","V4修复变式0828：选择：椭圆 x²/729+y²/324=1 的两个焦点为 F1，F2。求 |F1F2|²。","1619 | 1622 | 1620 | 1621","1620","1620","c²=729-324=405，两焦点距离 |F1F2|=2c，所以 |F1F2|²=4c²=1620。","challenge-exam-targeted-p2-sweep"
"hjb-high-ds-v4-s5-331","S5","选择性必修 第一册","圆锥曲线","圆锥曲线","multiple-choice","Challenge","V4修复变式0831：选择：椭圆 x²/256+y²/36=1 的两个焦点为 F1，F2。求 |F1F2|²。","880 | 881 | 879 | 882","880","880","c²=256-36=220，两焦点距离 |F1F2|=2c，所以 |F1F2|²=4c²=880。","mandatory-original-p2-recheck"
"hjb-high-ds-v4-s5-337","S5","选择性必修 第一册","圆锥曲线","圆锥曲线","multiple-choice","Challenge","V4修复变式0837：选择：椭圆 x²/729+y²/256=1 的两个焦点为 F1，F2。求 |F1F2|²。","1891 | 1894 | 1892 | 1893","1892","1892","c²=729-256=473，两焦点距离 |F1F2|=2c，所以 |F1F2|²=4c²=1892。","challenge-exam-targeted-p2-sweep"
"hjb-high-ds-v4-s5-341","S5","选择性必修 第一册","圆锥曲线","圆锥曲线","fill-in","Foundation","V4修复变式0841：填空：椭圆 x²/529+y²/361=1 中，求 c²=a²-b² 的值。","","168","168","这里 a²=529，b²=361，所以 c²=529-361=168。","fresh-150-sample-fill"
"hjb-high-ds-v4-s5-344","S5","选择性必修 第一册","圆锥曲线","圆锥曲线","fill-in","Foundation","V4修复变式0844：填空：椭圆 x²/196+y²/121=1 中，求 c²=a²-b² 的值。","","75","75","这里 a²=196，b²=121，所以 c²=196-121=75。","fresh-150-sample-fill"
"hjb-high-ds-v4-s5-358","S5","选择性必修 第一册","圆锥曲线","圆锥曲线","multiple-choice","Challenge","V4修复变式0858：选择：椭圆 x²/784+y²/400=1 的两个焦点为 F1，F2。求 |F1F2|²。","1537 | 1535 | 1538 | 1536","1536","1536","c²=784-400=384，两焦点距离 |F1F2|=2c，所以 |F1F2|²=4c²=1536。","challenge-exam-targeted-p2-sweep"
"hjb-high-ds-v4-s5-361","S5","选择性必修 第一册","空间向量及其应用","空间向量及其应用","multiple-choice","Challenge","V4修复变式0861：选择：空间向量 p=(8,10,7)，q=(1,1,1)，求 |p+q|²-|p|²。","54 | 52 | 55 | 53","53","53","|p+q|²-|p|²=2p·q+|q|²=2×(8+10+7)+3=53。","fresh-150-sample-fill"
"hjb-high-ds-v4-s5-365","S5","选择性必修 第一册","空间向量及其应用","空间向量及其应用","fill-in","Foundation","V4修复变式0865：填空：空间向量 p=(2,11,2)，求 |p|²。","","129","129","|p|²=2²+11²+2²=129。","fresh-150-sample-fill"
"hjb-high-ds-v4-s5-370","S5","选择性必修 第一册","空间向量及其应用","空间向量及其应用","multiple-choice","Challenge","V4修复变式0870：选择：空间向量 p=(6,20,3)，q=(1,1,1)，求 |p+q|²-|p|²。","63 | 61 | 62 | 60","61","61","|p+q|²-|p|²=2p·q+|q|²=2×(6+20+3)+3=61。","mandatory-original-p2-recheck"
"hjb-high-ds-v4-s5-371","S5","选择性必修 第一册","空间向量及其应用","空间向量及其应用","fill-in","Foundation","V4修复变式0871：填空：空间向量 p=(9,6,2)，求 |p|²。","","121","121","|p|²=9²+6²+2²=121。","fresh-150-sample-fill"
"hjb-high-ds-v4-s5-388","S5","选择性必修 第一册","空间向量及其应用","空间向量及其应用","multiple-choice","Challenge","V4修复变式0888：选择：空间向量 p=(4,6,4)，q=(1,1,1)，求 |p+q|²-|p|²。","31 | 32 | 30 | 33","31","31","|p+q|²-|p|²=2p·q+|q|²=2×(4+6+4)+3=31。","challenge-exam-targeted-p2-sweep"
"hjb-high-ds-v4-s5-400","S5","选择性必修 第一册","空间向量及其应用","空间向量及其应用","multiple-choice","Challenge","V4修复变式0900：选择：空间向量 p=(9,18,12)，q=(1,1,1)，求 |p+q|²-|p|²。","82 | 80 | 83 | 81","81","81","|p+q|²-|p|²=2p·q+|q|²=2×(9+18+12)+3=81。","challenge-exam-targeted-p2-sweep"
"hjb-high-ds-v4-s5-406","S5","选择性必修 第一册","空间向量及其应用","空间向量及其应用","multiple-choice","Challenge","V4修复变式0906：选择：空间向量 p=(11,5,13)，q=(1,1,1)，求 |p+q|²-|p|²。","63 | 61 | 62 | 60","61","61","|p+q|²-|p|²=2p·q+|q|²=2×(11+5+13)+3=61。","challenge-exam-targeted-p2-sweep"
"hjb-high-ds-v4-s5-407","S5","选择性必修 第一册","空间向量及其应用","空间向量及其应用","fill-in","Foundation","V4修复变式0907：填空：空间向量 p=(10,8,8)，求 |p|²。","","228","228","|p|²=10²+8²+8²=228。","fresh-150-sample-fill"
"hjb-high-ds-v4-s5-420","S5","选择性必修 第一册","空间向量及其应用","空间向量及其应用","multiple-choice","Core","V4修复变式0920：选择：空间向量 p=(12,14,10)，求 |p|²。","452 | 428 | 464 | 440","440","440","|p|²=12²+14²+10²=440。","fresh-150-sample-fill"
"hjb-high-ds-v4-s5-436","S5","选择性必修 第一册","数列","数列","multiple-choice","Core","V4修复变式0936：选择：等差数列首项为 9，公差为 4，求第 11 项。","49 | 50 | 48 | 51","49","49","a_11=a_1+(11-1)d=9+10×4=49。","fresh-150-sample-fill"
"hjb-high-ds-v4-s5-442","S5","选择性必修 第一册","数列","数列","multiple-choice","Core","V4修复变式0942：选择：等差数列首项为 7，公差为 8，求第 5 项。","40 | 38 | 41 | 39","39","39","a_5=a_1+(5-1)d=7+4×8=39。","fresh-150-sample-fill"
"hjb-high-ds-v4-s5-443","S5","选择性必修 第一册","数列","数列","fill-in","Core","V4修复变式0943：填空：等差数列首项为 9，公差为 7，求第 8 项。","","58","58","a_8=a_1+(8-1)d=9+7×7=58。","fresh-150-sample-fill"
"hjb-high-ds-v4-s5-447","S5","选择性必修 第一册","数列","数列","fill-in","Core","V4修复变式0947：填空：等差数列首项为 3，公差为 3，求第 13 项。","","39","39","a_13=a_1+(13-1)d=3+12×3=39。","fresh-150-sample-fill"
"hjb-high-ds-v4-s5-466","S5","选择性必修 第一册","数列","数列","multiple-choice","Core","V4修复变式0966：选择：等差数列首项为 9，公差为 13，求第 13 项。","166 | 165 | 164 | 167","165","165","a_13=a_1+(13-1)d=9+12×13=165。","fresh-150-sample-fill"
"hjb-high-ds-v4-s5-490","S5","选择性必修 第一册","数列","数列","multiple-choice","Core","V4修复变式0990：选择：等差数列首项为 6，公差为 5，求第 3 项。","16 | 17 | 15 | 18","16","16","a_3=a_1+(3-1)d=6+2×5=16。","fresh-150-sample-fill"
"hjb-high-ds-v4-s5-498","S5","选择性必修 第一册","数列","数列","multiple-choice","Core","V4修复变式0998：选择：等差数列首项为 3，公差为 3，求第 11 项。","33 | 34 | 32 | 35","33","33","a_11=a_1+(11-1)d=3+10×3=33。","fresh-150-sample-fill"
"hjb-high-ds-v4-s6-003","S6","选择性必修 第二册","导数及其运用","导数及其运用","short-answer","Foundation","V4修复变式1003：解答：函数 f(x)=10x²+5，求 f'(18)。","","360","360","f'(x)=20x，代入 x=18 得 20×18=360。","fresh-150-sample-fill"
"hjb-high-ds-v4-s6-008","S6","选择性必修 第二册","导数及其运用","导数及其运用","fill-in","Exam","V4修复变式1008：填空：函数 f(x)=12x²+4，求曲线 y=f(x) 在 x=6 处切线的 y 轴截距。","","-428","-428","f'(6)=144，f(6)=436。切线方程为 y-436=144(x-6)，令 x=0，得 y=-428。","mandatory-original-p2-recheck"
"hjb-high-ds-v4-s6-016","S6","选择性必修 第二册","导数及其运用","导数及其运用","multiple-choice","Exam","V4修复变式1016：选择：函数 f(x)=12x²+10，求曲线 y=f(x) 在 x=10 处切线的 y 轴截距。","-1188 | -1190 | -1189 | -1191","-1190","-1190","f'(10)=240，f(10)=1210。切线方程为 y-1210=240(x-10)，令 x=0，得 y=-1190。","mandatory-original-p2-recheck"
"hjb-high-ds-v4-s6-024","S6","选择性必修 第二册","导数及其运用","导数及其运用","short-answer","Exam","V4修复变式1024：解答：函数 f(x)=7x²+12，求曲线 y=f(x) 在 x=20 处切线的 y 轴截距。","","-2788","-2788","f'(20)=280，f(20)=2812。切线方程为 y-2812=280(x-20)，令 x=0，得 y=-2788。","fresh-150-sample-fill"
"hjb-high-ds-v4-s6-034","S6","选择性必修 第二册","导数及其运用","导数及其运用","multiple-choice","Challenge","V4修复变式1034：选择：函数 f(x)=9x²+9，求曲线 y=f(x) 在 x=7 处切线的 y 轴截距。","-430 | -432 | -431 | -433","-432","-432","f'(7)=126，f(7)=450。切线方程为 y-450=126(x-7)，令 x=0，得 y=-432。","mandatory-original-p2-recheck"
"hjb-high-ds-v4-s6-040","S6","选择性必修 第二册","导数及其运用","导数及其运用","multiple-choice","Exam","V4修复变式1040：选择：函数 f(x)=8x²+2，求曲线 y=f(x) 在 x=9 处切线的 y 轴截距。","-646 | -645 | -647 | -644","-646","-646","f'(9)=144，f(9)=650。切线方程为 y-650=144(x-9)，令 x=0，得 y=-646。","mandatory-original-p2-recheck"
"hjb-high-ds-v4-s6-042","S6","选择性必修 第二册","导数及其运用","导数及其运用","short-answer","Challenge","V4修复变式1042：解答：函数 f(x)=2x²+6，求曲线 y=f(x) 在 x=15 处切线的 y 轴截距。","","-444","-444","f'(15)=60，f(15)=456。切线方程为 y-456=60(x-15)，令 x=0，得 y=-444。","mandatory-original-p2-recheck"
"hjb-high-ds-v4-s6-051","S6","选择性必修 第二册","导数及其运用","导数及其运用","short-answer","Foundation","V4修复变式1051：解答：函数 f(x)=11x²+4，求 f'(18)。","","396","396","f'(x)=22x，代入 x=18 得 22×18=396。","fresh-150-sample-fill"
"hjb-high-ds-v4-s6-062","S6","选择性必修 第二册","导数及其运用","导数及其运用","fill-in","Challenge","V4修复变式1062：填空：函数 f(x)=9x²+13，求曲线 y=f(x) 在 x=5 处切线的 y 轴截距。","","-212","-212","f'(5)=90，f(5)=238。切线方程为 y-238=90(x-5)，令 x=0，得 y=-212。","fresh-150-sample-fill"
"hjb-high-ds-v4-s6-066","S6","选择性必修 第二册","导数及其运用","导数及其运用","short-answer","Challenge","V4修复变式1066：解答：函数 f(x)=4x²+6，求曲线 y=f(x) 在 x=18 处切线的 y 轴截距。","","-1290","-1290","f'(18)=144，f(18)=1302。切线方程为 y-1302=144(x-18)，令 x=0，得 y=-1290。","mandatory-original-p2-recheck"
"hjb-high-ds-v4-s6-078","S6","选择性必修 第二册","计数原理","计数原理","short-answer","Challenge","V4修复变式1078：解答：从 12 个不同元素中先选 2 个组成无序小组，再从余下元素中选 1 个作观察员，共有多少种安排？","","660","660","先选无序小组有 C(12,2)=66 种，再从余下 10 个元素中选观察员，所以共有 66×10=660 种。","mandatory-original-p2-recheck"
"hjb-high-ds-v4-s6-082","S6","选择性必修 第二册","计数原理","计数原理","multiple-choice","Challenge","V4修复变式1082：选择：从 4 个不同元素中先选 2 个组成无序小组，再从余下元素中选 1 个作观察员，共有多少种安排？","11 | 14 | 12 | 13","12","12","先选无序小组有 C(4,2)=6 种，再从余下 2 个元素中选观察员，所以共有 6×2=12 种。","challenge-exam-targeted-p2-sweep"
"hjb-high-ds-v4-s6-093","S6","选择性必修 第二册","计数原理","计数原理","short-answer","Core","V4修复变式1093：解答：从 13 个不同元素中选 2 个组成一个无序组合，共有多少种选法？","","78","78","组合数 C(13,2)=13×12/2=78。","fresh-150-sample-fill"
"hjb-high-ds-v4-s6-100","S6","选择性必修 第二册","计数原理","计数原理","multiple-choice","Exam","V4修复变式1100：选择：从 3 个不同元素中先选 2 个组成无序小组，再从余下元素中选 1 个作观察员，共有多少种安排？","5 | 3 | 4 | 2","3","3","先选无序小组有 C(3,2)=3 种，再从余下 1 个元素中选观察员，所以共有 3×1=3 种。","challenge-exam-targeted-p2-sweep"
"hjb-high-ds-v4-s6-105","S6","选择性必修 第二册","计数原理","计数原理","short-answer","Core","V4修复变式1105：解答：从 10 个不同元素中选 2 个组成一个无序组合，共有多少种选法？","","45","45","组合数 C(10,2)=10×9/2=45。","fresh-150-sample-fill"
"hjb-high-ds-v4-s6-108","S6","选择性必修 第二册","计数原理","计数原理","short-answer","Exam","V4修复变式1108：解答：从 7 个不同元素中先选 2 个组成无序小组，再从余下元素中选 1 个作观察员，共有多少种安排？","","105","105","先选无序小组有 C(7,2)=21 种，再从余下 5 个元素中选观察员，所以共有 21×5=105 种。","mandatory-original-p2-recheck"
"hjb-high-ds-v4-s6-114","S6","选择性必修 第二册","计数原理","计数原理","short-answer","Challenge","V4修复变式1114：解答：从 13 个不同元素中先选 2 个组成无序小组，再从余下元素中选 1 个作观察员，共有多少种安排？","","858","858","先选无序小组有 C(13,2)=78 种，再从余下 11 个元素中选观察员，所以共有 78×11=858 种。","challenge-exam-targeted-p2-sweep"
"hjb-high-ds-v4-s6-134","S6","选择性必修 第二册","计数原理","计数原理","fill-in","Challenge","V4修复变式1134：填空：从 6 个不同元素中先选 2 个组成无序小组，再从余下元素中选 1 个作观察员，共有多少种安排？","","60","60","先选无序小组有 C(6,2)=15 种，再从余下 4 个元素中选观察员，所以共有 15×4=60 种。","mandatory-original-p2-recheck"
"hjb-high-ds-v4-s6-148","S6","选择性必修 第二册","计数原理","计数原理","multiple-choice","Exam","V4修复变式1148：选择：从 8 个不同元素中先选 2 个组成无序小组，再从余下元素中选 1 个作观察员，共有多少种安排？","170 | 168 | 169 | 167","168","168","先选无序小组有 C(8,2)=28 种，再从余下 6 个元素中选观察员，所以共有 28×6=168 种。","fresh-150-sample-fill"
"hjb-high-ds-v4-s6-150","S6","选择性必修 第二册","计数原理","计数原理","short-answer","Challenge","V4修复变式1150：解答：从 7 个不同元素中先选 2 个组成无序小组，再从余下元素中选 1 个作观察员，共有多少种安排？","","105","105","先选无序小组有 C(7,2)=21 种，再从余下 5 个元素中选观察员，所以共有 21×5=105 种。","mandatory-original-p2-recheck"
"hjb-high-ds-v4-s6-156","S6","选择性必修 第二册","概率初步续","概率初步续","short-answer","Exam","V4修复变式1156：解答：若事件 A 有 2 种情况，其中 1 种 A 情况下事件 B 有 16 种情况，其余 A 情况下事件 B 有 17 种情况。按分步计数共有多少种结果？","","33","33","分类后按分步计数相加：1×16+(2-1)×17=33。","mandatory-original-p2-recheck"
"hjb-high-ds-v4-s6-162","S6","选择性必修 第二册","概率初步续","概率初步续","short-answer","Challenge","V4修复变式1162：解答：若事件 A 有 10 种情况，其中 1 种 A 情况下事件 B 有 9 种情况，其余 A 情况下事件 B 有 10 种情况。按分步计数共有多少种结果？","","99","99","分类后按分步计数相加：1×9+(10-1)×10=99。","mandatory-original-p2-recheck"
"hjb-high-ds-v4-s6-168","S6","选择性必修 第二册","概率初步续","概率初步续","short-answer","Exam","V4修复变式1168：解答：若事件 A 有 8 种情况，其中 1 种 A 情况下事件 B 有 9 种情况，其余 A 情况下事件 B 有 10 种情况。按分步计数共有多少种结果？","","79","79","分类后按分步计数相加：1×9+(8-1)×10=79。","challenge-exam-targeted-p2-sweep"
"hjb-high-ds-v4-s6-169","S6","选择性必修 第二册","概率初步续","概率初步续","multiple-choice","Core","V4修复变式1169：选择：若事件 A 有 5 种情况，且每种 A 情况下事件 B 有 7 种情况，则按分步计数共有多少种结果？","40 | 30 | 35 | 45","35","35","分步计数原理：总数=5×7=35。","fresh-150-sample-fill"
"hjb-high-ds-v4-s6-176","S6","选择性必修 第二册","概率初步续","概率初步续","fill-in","Exam","V4修复变式1176：填空：若事件 A 有 10 种情况，其中 6 种 A 情况下事件 B 有 9 种情况，其余 A 情况下事件 B 有 10 种情况。按分步计数共有多少种结果？","","94","94","分类后按分步计数相加：6×9+(10-6)×10=94。","challenge-exam-targeted-p2-sweep"
"hjb-high-ds-v4-s6-188","S6","选择性必修 第二册","概率初步续","概率初步续","fill-in","Exam","V4修复变式1188：填空：若事件 A 有 3 种情况，其中 1 种 A 情况下事件 B 有 12 种情况，其余 A 情况下事件 B 有 13 种情况。按分步计数共有多少种结果？","","38","38","分类后按分步计数相加：1×12+(3-1)×13=38。","fresh-150-sample-fill"
"hjb-high-ds-v4-s6-200","S6","选择性必修 第二册","概率初步续","概率初步续","fill-in","Exam","V4修复变式1200：填空：若事件 A 有 4 种情况，其中 3 种 A 情况下事件 B 有 5 种情况，其余 A 情况下事件 B 有 6 种情况。按分步计数共有多少种结果？","","21","21","分类后按分步计数相加：3×5+(4-3)×6=21。","challenge-exam-targeted-p2-sweep"
"hjb-high-ds-v4-s6-204","S6","选择性必修 第二册","概率初步续","概率初步续","short-answer","Core","V4修复变式1204：解答：若事件 A 有 10 种情况，且每种 A 情况下事件 B 有 4 种情况，则按分步计数共有多少种结果？","","40","40","分步计数原理：总数=10×4=40。","fresh-150-sample-fill"
"hjb-high-ds-v4-s6-208","S6","选择性必修 第二册","概率初步续","概率初步续","multiple-choice","Challenge","V4修复变式1208：选择：若事件 A 有 5 种情况，其中 1 种 A 情况下事件 B 有 18 种情况，其余 A 情况下事件 B 有 19 种情况。按分步计数共有多少种结果？","93 | 96 | 94 | 95","94","94","分类后按分步计数相加：1×18+(5-1)×19=94。","challenge-exam-targeted-p2-sweep"
"hjb-high-ds-v4-s6-211","S6","选择性必修 第二册","概率初步续","概率初步续","multiple-choice","Challenge","V4修复变式1211：选择：若事件 A 有 4 种情况，其中 2 种 A 情况下事件 B 有 6 种情况，其余 A 情况下事件 B 有 7 种情况。按分步计数共有多少种结果？","26 | 27 | 25 | 28","26","26","分类后按分步计数相加：2×6+(4-2)×7=26。","fresh-150-sample-fill"
"hjb-high-ds-v4-s6-212","S6","选择性必修 第二册","概率初步续","概率初步续","fill-in","Foundation","V4修复变式1212：填空：若事件 A 有 10 种情况，且每种 A 情况下事件 B 有 20 种情况，则按分步计数共有多少种结果？","","200","200","分步计数原理：总数=10×20=200。","fresh-150-sample-fill"
"hjb-high-ds-v4-s6-219","S6","选择性必修 第二册","概率初步续","概率初步续","short-answer","Core","V4修复变式1219：解答：若事件 A 有 5 种情况，且每种 A 情况下事件 B 有 11 种情况，则按分步计数共有多少种结果？","","55","55","分步计数原理：总数=5×11=55。","fresh-150-sample-fill"
"hjb-high-ds-v4-s6-220","S6","选择性必修 第二册","概率初步续","概率初步续","multiple-choice","Challenge","V4修复变式1220：选择：若事件 A 有 7 种情况，其中 5 种 A 情况下事件 B 有 8 种情况，其余 A 情况下事件 B 有 9 种情况。按分步计数共有多少种结果？","58 | 59 | 57 | 60","58","58","分类后按分步计数相加：5×8+(7-5)×9=58。","fresh-150-sample-fill"
"hjb-high-ds-v4-s6-221","S6","选择性必修 第二册","概率初步续","概率初步续","fill-in","Foundation","V4修复变式1221：填空：若事件 A 有 8 种情况，且每种 A 情况下事件 B 有 19 种情况，则按分步计数共有多少种结果？","","152","152","分步计数原理：总数=8×19=152。","fresh-150-sample-fill"
"hjb-high-ds-v4-s6-228","S6","选择性必修 第二册","成对数据的统计分析","成对数据的统计分析","short-answer","Core","V4修复变式1228：解答：一组数据为 3，4，5，求这组数据的平均数。","","4","4","三数等差，中间数就是平均数，所以平均数为 4。","fresh-150-sample-fill"
"hjb-high-ds-v4-s6-232","S6","选择性必修 第二册","成对数据的统计分析","成对数据的统计分析","multiple-choice","Challenge","V4修复变式1232：选择：一组数据为 6，14，22，若再加入一个数 x 后，四个数平均数比原平均数大 2，求 x。","24 | 22 | 23 | 21","22","22","原平均数为 (6+14+22)/3=14。加入 x 后平均数为 14+2=16，所以 x=4×16-(6+14+22)=22。","fresh-150-sample-fill"
"hjb-high-ds-v4-s6-235","S6","选择性必修 第二册","成对数据的统计分析","成对数据的统计分析","multiple-choice","Challenge","V4修复变式1235：选择：一组数据为 6，12，18，若再加入一个数 x 后，四个数平均数比原平均数大 2，求 x。","19 | 22 | 20 | 21","20","20","原平均数为 (6+12+18)/3=12。加入 x 后平均数为 12+2=14，所以 x=4×14-(6+12+18)=20。","challenge-exam-targeted-p2-sweep"
"hjb-high-ds-v4-s6-241","S6","选择性必修 第二册","成对数据的统计分析","成对数据的统计分析","multiple-choice","Challenge","V4修复变式1241：选择：一组数据为 7，20，33，若再加入一个数 x 后，四个数平均数比原平均数大 2，求 x。","29 | 27 | 30 | 28","28","28","原平均数为 (7+20+33)/3=20。加入 x 后平均数为 20+2=22，所以 x=4×22-(7+20+33)=28。","challenge-exam-targeted-p2-sweep"
"hjb-high-ds-v4-s6-248","S6","选择性必修 第二册","成对数据的统计分析","成对数据的统计分析","fill-in","Foundation","V4修复变式1248：填空：一组数据为 2，14，26，求这组数据的平均数。","","14","14","三数等差，中间数就是平均数，所以平均数为 14。","fresh-150-sample-fill"
"hjb-high-ds-v4-s6-249","S6","选择性必修 第二册","成对数据的统计分析","成对数据的统计分析","short-answer","Core","V4修复变式1249：解答：一组数据为 2，6，10，求这组数据的平均数。","","6","6","三数等差，中间数就是平均数，所以平均数为 6。","fresh-150-sample-fill"
"hjb-high-ds-v4-s6-253","S6","选择性必修 第二册","成对数据的统计分析","成对数据的统计分析","multiple-choice","Challenge","V4修复变式1253：选择：一组数据为 6，12，18，若再加入一个数 x 后，四个数平均数比原平均数大 2，求 x。","19 | 22 | 20 | 21","20","20","原平均数为 (6+12+18)/3=12。加入 x 后平均数为 12+2=14，所以 x=4×14-(6+12+18)=20。","mandatory-original-p2-recheck"
"hjb-high-ds-v4-s6-264","S6","选择性必修 第二册","成对数据的统计分析","成对数据的统计分析","short-answer","Core","V4修复变式1264：解答：一组数据为 2，13，24，求这组数据的平均数。","","13","13","三数等差，中间数就是平均数，所以平均数为 13。","fresh-150-sample-fill"
"hjb-high-ds-v4-s6-273","S6","选择性必修 第二册","成对数据的统计分析","成对数据的统计分析","short-answer","Core","V4修复变式1273：解答：一组数据为 4，7，10，求这组数据的平均数。","","7","7","三数等差，中间数就是平均数，所以平均数为 7。","fresh-150-sample-fill"
"hjb-high-ds-v4-s6-283","S6","选择性必修 第二册","成对数据的统计分析","成对数据的统计分析","multiple-choice","Challenge","V4修复变式1283：选择：一组数据为 7，10，13，若再加入一个数 x 后，四个数平均数比原平均数大 2，求 x。","20 | 18 | 19 | 17","18","18","原平均数为 (7+10+13)/3=10。加入 x 后平均数为 10+2=12，所以 x=4×12-(7+10+13)=18。","fresh-150-sample-fill"
"hjb-high-ds-v4-s6-307","S6","选择性必修 第一册复习","数列","数列综合复习","multiple-choice","Challenge","V4修复变式1307：选择：等差数列首项为 5，公差为 1，第 11 项为 15。求前 11 项和。","110 | 111 | 109 | 112","110","110","第 11 项为 15，前 11 项和 S_11=11(5+15)/2=110。","challenge-exam-targeted-p2-sweep"
"hjb-high-ds-v4-s6-311","S6","选择性必修 第一册复习","数列","数列综合复习","fill-in","Foundation","V4修复变式1311：填空：等差数列首项为 3，公差为 4，求第 7 项。","","27","27","a_7=a_1+(7-1)d=3+6×4=27。","fresh-150-sample-fill"
"hjb-high-ds-v4-s6-340","S6","选择性必修 第一册复习","平面直角坐标系中的直线","解析几何直线综合复习","multiple-choice","Challenge","V4修复变式1340：选择：直线 l 经过点 (11,10) 和 (12,30)。直线 m 与 l 平行，且经过点 (0,5)。求直线 m 在 x=2 时的 y 坐标。","46 | 44 | 47 | 45","45","45","l 的斜率为 (30-10)/(12-11)=20。m 与 l 平行，斜率也为 20，且过 (0,5)，所以 x=2 时 y=20×2+5=45。","fresh-150-sample-fill"
"hjb-high-ds-v4-s6-358","S6","选择性必修 第一册复习","圆锥曲线","圆锥曲线综合复习","multiple-choice","Challenge","V4修复变式1358：选择：椭圆 x²/576+y²/196=1 的两个焦点为 F1，F2。求 |F1F2|²。","1520 | 1521 | 1519 | 1522","1520","1520","c²=576-196=380，两焦点距离 |F1F2|=2c，所以 |F1F2|²=4c²=1520。","mandatory-original-p2-recheck"
"hjb-high-ds-v4-s6-360","S6","选择性必修 第一册复习","圆锥曲线","圆锥曲线综合复习","short-answer","Core","V4修复变式1360：解答：椭圆 x²/324+y²/144=1 中，求 c²=a²-b² 的值。","","180","180","这里 a²=324，b²=144，所以 c²=324-144=180。","fresh-150-sample-fill"
"hjb-high-ds-v4-s6-373","S6","选择性必修 第一册复习","圆锥曲线","圆锥曲线综合复习","multiple-choice","Challenge","V4修复变式1373：选择：椭圆 x²/144+y²/25=1 的两个焦点为 F1，F2。求 |F1F2|²。","478 | 476 | 477 | 475","476","476","c²=144-25=119，两焦点距离 |F1F2|=2c，所以 |F1F2|²=4c²=476。","challenge-exam-targeted-p2-sweep"
"hjb-high-ds-v4-s6-379","S6","选择性必修 第一册复习","空间向量及其应用","空间向量综合复习","fill-in","Challenge","V4修复变式1379：填空：空间向量 p=(2,11,6)，q=(1,1,1)，求 |p+q|²-|p|²。","","41","41","|p+q|²-|p|²=2p·q+|q|²=2×(2+11+6)+3=41。","fresh-150-sample-fill"
"hjb-high-ds-v4-s6-402","S6","跨册综合复习","跨册综合：函数与导数","函数、导数与不等式综合","multiple-choice","Core","V4修复变式1402：选择：已知 f(x)=11x+6，求 f(16)。","193 | 171 | 182 | 204","182","182","f(16)=11×16+6=182。","fresh-150-sample-fill"
"hjb-high-ds-v4-s6-406","S6","跨册综合复习","跨册综合：函数与导数","函数、导数与不等式综合","multiple-choice","Challenge","V4修复变式1406：选择：已知 f(x)=12x+9，若 f(t)=f(20)+2×12，求 t+f(t)。","294 | 297 | 295 | 296","295","295","一次函数斜率为 12，函数值增加 2×12 时自变量增加 2，所以 t=20+2=22。f(t)=12×22+9=273，故 t+f(t)=295。","fresh-150-sample-fill"
"hjb-high-ds-v4-s6-420","S6","跨册综合复习","跨册综合：函数与导数","函数、导数与不等式综合","multiple-choice","Core","V4修复变式1420：选择：已知 f(x)=4x+2，求 f(9)。","42 | 34 | 38 | 46","38","38","f(9)=4×9+2=38。","fresh-150-sample-fill"
"hjb-high-ds-v4-s6-431","S6","跨册综合复习","跨册综合：三角向量解析几何","三角、向量与解析几何综合","fill-in","Core","V4修复变式1431：填空：在三角形 ABC 中，AB=2，AC=14，且 ∠A=60°。求 △ABC 的面积。","","7√3","7√3","三角形面积 S=1/2×AB×AC×sin60°=1/2×2×14×√3/2=7√3。","fresh-150-sample-fill"
"hjb-high-ds-v4-s6-443","S6","跨册综合复习","跨册综合：立体几何与空间向量","立体几何与空间向量综合","fill-in","Core","V4修复变式1443：填空：长方体中同一顶点出发的两条互相垂直棱长分别为 12 和 9，这两条棱围成的矩形面积是多少？","","108","108","相邻垂直棱围成矩形，面积=12×9=108。","fresh-150-sample-fill"
"hjb-high-ds-v4-s6-466","S6","跨册综合复习","跨册综合：概率统计","概率统计综合","multiple-choice","Core","V4修复变式1466：选择：袋中有 6 个红球和 12 个蓝球，随机取出 1 个，取到红球的概率是多少？","1/3 | 7/18 | 5/18 | 6/19","1/3","1/3 | 6/18","总球数为 18，红球 6 个，所以概率为 6/18=1/3。","mandatory-original-p2-recheck"
"hjb-high-ds-v4-s6-470","S6","跨册综合复习","跨册综合：概率统计","概率统计综合","multiple-choice","Core","V4修复变式1470：选择：袋中有 9 个红球和 14 个蓝球，随机取出 1 个，取到红球的概率是多少？","3/8 | 9/23 | 10/23 | 8/23","9/23","9/23","总球数为 23，红球 9 个，所以概率为 9/23=9/23。","fresh-150-sample-fill"
"hjb-high-ds-v4-s6-473","S6","跨册综合复习","跨册综合：概率统计","概率统计综合","fill-in","Core","V4修复变式1473：填空：袋中有 12 个红球和 14 个蓝球，随机取出 1 个，取到红球的概率是多少？","","6/13","6/13 | 12/26","总球数为 26，红球 12 个，所以概率为 12/26=6/13。","mandatory-original-p2-recheck"
"hjb-high-ds-v4-s6-481","S6","跨册综合复习","跨册综合：数列与计数","数列与计数综合","multiple-choice","Core","V4修复变式1481：选择：等差数列首项为 10，公差为 5，求第 14 项。","76 | 74 | 77 | 75","75","75","a_14=a_1+(14-1)d=10+13×5=75。","fresh-150-sample-fill"
"hjb-high-ds-v4-s6-490","S6","跨册综合复习","跨册综合：数列与计数","数列与计数综合","multiple-choice","Core","V4修复变式1490：选择：等差数列首项为 10，公差为 2，求第 14 项。","37 | 36 | 35 | 38","36","36","a_14=a_1+(14-1)d=10+13×2=36。","fresh-150-sample-fill"
