reviewIndex,questionId,grade,semester,knowledgePointId,unitTitle,type,difficulty,promptZhHans,answer,explanationZhHans,sampleReason,decision,issueType,reviewerNotes,actionRequired
1,pep-junior-candidate-k01-mc-001,S1,upper,pep-junior-s1-upper-rational-numbers,有理数与数轴基础,multiple-choice,Foundation,某地清晨气温为-13℃，中午上升17℃，傍晚又下降4℃。傍晚气温是多少？,0,按正负变化计算：-13+17-4=0，所以傍晚气温是0℃。,fixed-cell-first-middle-last,approved,none,"S18 sample review found the item answerable, grade-appropriate, source-safe, and answer/explanation aligned.",none
2,pep-junior-candidate-k01-mc-015,S1,upper,pep-junior-s1-upper-rational-numbers,有理数与数轴基础,multiple-choice,Core,某地清晨气温为-18℃，中午上升23℃，傍晚又下降6℃。傍晚气温是多少？,-1,按正负变化计算：-18+23-6=-1，所以傍晚气温是-1℃。,fixed-cell-first-middle-last,approved,none,"S18 sample review found the item answerable, grade-appropriate, source-safe, and answer/explanation aligned.",none
3,pep-junior-candidate-k01-mc-028,S1,upper,pep-junior-s1-upper-rational-numbers,有理数与数轴基础,multiple-choice,Foundation,某地清晨气温为-13℃，中午上升16℃，傍晚又下降7℃。傍晚气温是多少？,-4,按正负变化计算：-13+16-7=-4，所以傍晚气温是-4℃。,fixed-cell-first-middle-last,approved,none,"S18 sample review found the item answerable, grade-appropriate, source-safe, and answer/explanation aligned.",none
4,pep-junior-candidate-k01-fi-001,S1,upper,pep-junior-s1-upper-rational-numbers,有理数与数轴基础,fill-in,Foundation,数轴上点A表示-10，点B表示4。A、B两点之间的距离是____。,14,两点距离为4-(-10)=14，所以距离是14。,fixed-cell-first-middle-last,approved,none,"S18 sample review found the item answerable, grade-appropriate, source-safe, and answer/explanation aligned.",none
5,pep-junior-candidate-k01-fi-014,S1,upper,pep-junior-s1-upper-rational-numbers,有理数与数轴基础,fill-in,Foundation,数轴上点A表示-7，点B表示8。A、B两点之间的距离是____。,15,两点距离为8-(-7)=15，所以距离是15。,fixed-cell-first-middle-last,approved,none,"S18 sample review found the item answerable, grade-appropriate, source-safe, and answer/explanation aligned.",none
6,pep-junior-candidate-k01-fi-027,S1,upper,pep-junior-s1-upper-rational-numbers,有理数与数轴基础,fill-in,Foundation,数轴上点A表示-12，点B表示5。A、B两点之间的距离是____。,17,两点距离为5-(-12)=17，所以距离是17。,fixed-cell-first-middle-last,approved,none,"S18 sample review found the item answerable, grade-appropriate, source-safe, and answer/explanation aligned.",none
7,pep-junior-candidate-k01-sa-001,S1,upper,pep-junior-s1-upper-rational-numbers,有理数与数轴基础,short-answer,Foundation,计算并说明符号：-33+32-21。,-22,先合并正负变化，-33+32-21=-22，结果为负数。,fixed-cell-first-middle-last,approved,none,"S18 sample review found the item answerable, grade-appropriate, source-safe, and answer/explanation aligned.",none
8,pep-junior-candidate-k01-sa-014,S1,upper,pep-junior-s1-upper-rational-numbers,有理数与数轴基础,short-answer,Foundation,计算并说明符号：-46+29-11。,-28,先合并正负变化，-46+29-11=-28，结果为负数。,fixed-cell-first-middle-last,approved,none,"S18 sample review found the item answerable, grade-appropriate, source-safe, and answer/explanation aligned.",none
9,pep-junior-candidate-k01-sa-027,S1,upper,pep-junior-s1-upper-rational-numbers,有理数与数轴基础,short-answer,Foundation,计算并说明符号：-28+26-24。,-26,先合并正负变化，-28+26-24=-26，结果为负数。,fixed-cell-first-middle-last,approved,none,"S18 sample review found the item answerable, grade-appropriate, source-safe, and answer/explanation aligned.",none
10,pep-junior-candidate-k02-mc-001,S1,upper,pep-junior-s1-upper-expressions-linear-equations,整式初步与一元一次方程,multiple-choice,Core,化简：(3x+3)+(3x-4)。,6x-1,同类项合并得(3+3)x+(3-4)=6x-1。,fixed-cell-first-middle-last,approved,none,"S18 sample review found the item answerable, grade-appropriate, source-safe, and answer/explanation aligned.",none
11,pep-junior-candidate-k02-mc-014,S1,upper,pep-junior-s1-upper-expressions-linear-equations,整式初步与一元一次方程,multiple-choice,Core,化简：(6x+9)+(1x-3)。,7x+6,同类项合并得(6+1)x+(9-3)=7x+6。,fixed-cell-first-middle-last,approved,none,"S18 sample review found the item answerable, grade-appropriate, source-safe, and answer/explanation aligned.",none
12,pep-junior-candidate-k02-mc-027,S1,upper,pep-junior-s1-upper-expressions-linear-equations,整式初步与一元一次方程,multiple-choice,Core,化简：(4x+8)+(3x-2)。,7x+6,同类项合并得(4+3)x+(8-2)=7x+6。,fixed-cell-first-middle-last,approved,none,"S18 sample review found the item answerable, grade-appropriate, source-safe, and answer/explanation aligned.",none
13,pep-junior-candidate-k02-fi-001,S1,upper,pep-junior-s1-upper-expressions-linear-equations,整式初步与一元一次方程,fill-in,Core,解方程：3x+12=27。x=____。,5,两边减12得3x=15，再除以3，x=5。,fixed-cell-first-middle-last,approved,none,"S18 sample review found the item answerable, grade-appropriate, source-safe, and answer/explanation aligned.",none
14,pep-junior-candidate-k02-fi-015,S1,upper,pep-junior-s1-upper-expressions-linear-equations,整式初步与一元一次方程,fill-in,Core,解方程：5x+6=56。x=____。,10,两边减6得5x=50，再除以5，x=10。,fixed-cell-first-middle-last,approved,none,"S18 sample review found the item answerable, grade-appropriate, source-safe, and answer/explanation aligned.",none
15,pep-junior-candidate-k02-fi-028,S1,upper,pep-junior-s1-upper-expressions-linear-equations,整式初步与一元一次方程,fill-in,Core,解方程：2x+5=15。x=____。,5,两边减5得2x=10，再除以2，x=5。,fixed-cell-first-middle-last,approved,none,"S18 sample review found the item answerable, grade-appropriate, source-safe, and answer/explanation aligned.",none
16,pep-junior-candidate-k02-sa-001,S1,upper,pep-junior-s1-upper-expressions-linear-equations,整式初步与一元一次方程,short-answer,Core,每本练习本x元，买4本后又花8元买笔，共用24元。写出求x的方程。,4x+8=24,4本练习本花4x元，加上8元等于24元，方程是4x+8=24。,fixed-cell-first-middle-last,approved,none,"S18 sample review found the item answerable, grade-appropriate, source-safe, and answer/explanation aligned.",none
17,pep-junior-candidate-k02-sa-014,S1,upper,pep-junior-s1-upper-expressions-linear-equations,整式初步与一元一次方程,short-answer,Core,每本练习本x元，买7本后又花7元买笔，共用49元。写出求x的方程。,7x+7=49,7本练习本花7x元，加上7元等于49元，方程是7x+7=49。,fixed-cell-first-middle-last,approved,none,"S18 sample review found the item answerable, grade-appropriate, source-safe, and answer/explanation aligned.",none
18,pep-junior-candidate-k02-sa-027,S1,upper,pep-junior-s1-upper-expressions-linear-equations,整式初步与一元一次方程,short-answer,Core,每本练习本x元，买5本后又花6元买笔，共用16元。写出求x的方程。,5x+6=16,5本练习本花5x元，加上6元等于16元，方程是5x+6=16。,fixed-cell-first-middle-last,approved,none,"S18 sample review found the item answerable, grade-appropriate, source-safe, and answer/explanation aligned.",none
19,pep-junior-candidate-k03-mc-001,S1,upper,pep-junior-s1-upper-geometric-figures,几何图形初步,multiple-choice,Foundation,两个角组成平角，其中一个角是42°，另一个角是多少？,138°,平角为180°，另一个角是180°-42°=138°。,fixed-cell-first-middle-last,approved,none,"S18 sample review found the item answerable, grade-appropriate, source-safe, and answer/explanation aligned.",none
20,pep-junior-candidate-k03-mc-014,S1,upper,pep-junior-s1-upper-geometric-figures,几何图形初步,multiple-choice,Foundation,两个角组成平角，其中一个角是133°，另一个角是多少？,47°,平角为180°，另一个角是180°-133°=47°。,fixed-cell-first-middle-last,approved,none,"S18 sample review found the item answerable, grade-appropriate, source-safe, and answer/explanation aligned.",none
21,pep-junior-candidate-k03-mc-027,S1,upper,pep-junior-s1-upper-geometric-figures,几何图形初步,multiple-choice,Foundation,两个角组成平角，其中一个角是124°，另一个角是多少？,56°,平角为180°，另一个角是180°-124°=56°。,fixed-cell-first-middle-last,approved,none,"S18 sample review found the item answerable, grade-appropriate, source-safe, and answer/explanation aligned.",none
22,pep-junior-candidate-k03-fi-001,S1,upper,pep-junior-s1-upper-geometric-figures,几何图形初步,fill-in,Foundation,线段AB长14厘米，点C是AB的中点。AC=____。,7厘米,中点把线段平均分成两段，AC=14÷2=7厘米。,fixed-cell-first-middle-last,approved,none,"S18 sample review found the item answerable, grade-appropriate, source-safe, and answer/explanation aligned.",none
23,pep-junior-candidate-k03-fi-014,S1,upper,pep-junior-s1-upper-geometric-figures,几何图形初步,fill-in,Foundation,线段AB长40厘米，点C是AB的中点。AC=____。,20厘米,中点把线段平均分成两段，AC=40÷2=20厘米。,fixed-cell-first-middle-last,approved,none,"S18 sample review found the item answerable, grade-appropriate, source-safe, and answer/explanation aligned.",none
24,pep-junior-candidate-k03-fi-027,S1,upper,pep-junior-s1-upper-geometric-figures,几何图形初步,fill-in,Foundation,线段AB长66厘米，点C是AB的中点。AC=____。,33厘米,中点把线段平均分成两段，AC=66÷2=33厘米。,fixed-cell-first-middle-last,approved,none,"S18 sample review found the item answerable, grade-appropriate, source-safe, and answer/explanation aligned.",none
25,pep-junior-candidate-k03-sa-001,S1,upper,pep-junior-s1-upper-geometric-figures,几何图形初步,short-answer,Foundation,两个角互余，其中一个角是40°。求另一个角的度数，并写出理由。,50°,互余两角和为90°，所以另一个角是90°-40°=50°。,fixed-cell-first-middle-last,approved,none,"S18 sample review found the item answerable, grade-appropriate, source-safe, and answer/explanation aligned.",none
26,pep-junior-candidate-k03-sa-015,S1,upper,pep-junior-s1-upper-geometric-figures,几何图形初步,short-answer,Foundation,两个角互余，其中一个角是69°。求另一个角的度数，并写出理由。,21°,互余两角和为90°，所以另一个角是90°-69°=21°。,fixed-cell-first-middle-last,approved,none,"S18 sample review found the item answerable, grade-appropriate, source-safe, and answer/explanation aligned.",none
27,pep-junior-candidate-k03-sa-028,S1,upper,pep-junior-s1-upper-geometric-figures,几何图形初步,short-answer,Foundation,两个角互余，其中一个角是22°。求另一个角的度数，并写出理由。,68°,互余两角和为90°，所以另一个角是90°-22°=68°。,fixed-cell-first-middle-last,approved,none,"S18 sample review found the item answerable, grade-appropriate, source-safe, and answer/explanation aligned.",none
28,pep-junior-candidate-k04-mc-001,S1,lower,pep-junior-s1-lower-lines-coordinates,相交线、平行线与平面直角坐标系,multiple-choice,Core,"点P(4,1)先向右平移3个单位，再向下平移3个单位，所得点的坐标是？","(7,-2)","向右使x加3，向下使y减3，所以坐标为(7,-2)。",fixed-cell-first-middle-last,approved,none,"S18 sample review found the item answerable, grade-appropriate, source-safe, and answer/explanation aligned.",none
29,pep-junior-candidate-k04-mc-014,S1,lower,pep-junior-s1-lower-lines-coordinates,相交线、平行线与平面直角坐标系,multiple-choice,Core,"点P(-5,1)先向右平移6个单位，再向下平移1个单位，所得点的坐标是？","(1,0)","向右使x加6，向下使y减1，所以坐标为(1,0)。",fixed-cell-first-middle-last,approved,none,"S18 sample review found the item answerable, grade-appropriate, source-safe, and answer/explanation aligned.",none
30,pep-junior-candidate-k04-mc-027,S1,lower,pep-junior-s1-lower-lines-coordinates,相交线、平行线与平面直角坐标系,multiple-choice,Core,"点P(-3,1)先向右平移4个单位，再向下平移3个单位，所得点的坐标是？","(1,-2)","向右使x加4，向下使y减3，所以坐标为(1,-2)。",fixed-cell-first-middle-last,approved,none,"S18 sample review found the item answerable, grade-appropriate, source-safe, and answer/explanation aligned.",none
31,pep-junior-candidate-k04-fi-001,S1,lower,pep-junior-s1-lower-lines-coordinates,相交线、平行线与平面直角坐标系,fill-in,Core,两条平行直线被一条截线所截，一组同位角中一个角为109°，另一个同位角为____。,109°,两直线平行，同位角相等，所以另一个同位角也是109°。,fixed-cell-first-middle-last,approved,none,"S18 sample review found the item answerable, grade-appropriate, source-safe, and answer/explanation aligned.",none
32,pep-junior-candidate-k04-fi-014,S1,lower,pep-junior-s1-lower-lines-coordinates,相交线、平行线与平面直角坐标系,fill-in,Core,两条平行直线被一条截线所截，一组同位角中一个角为66°，另一个同位角为____。,66°,两直线平行，同位角相等，所以另一个同位角也是66°。,fixed-cell-first-middle-last,approved,none,"S18 sample review found the item answerable, grade-appropriate, source-safe, and answer/explanation aligned.",none
33,pep-junior-candidate-k04-fi-027,S1,lower,pep-junior-s1-lower-lines-coordinates,相交线、平行线与平面直角坐标系,fill-in,Core,两条平行直线被一条截线所截，一组同位角中一个角为103°，另一个同位角为____。,103°,两直线平行，同位角相等，所以另一个同位角也是103°。,fixed-cell-first-middle-last,approved,none,"S18 sample review found the item answerable, grade-appropriate, source-safe, and answer/explanation aligned.",none
34,pep-junior-candidate-k04-sa-001,S1,lower,pep-junior-s1-lower-lines-coordinates,相交线、平行线与平面直角坐标系,short-answer,Core,"点Q(13,-19)位于哪个象限？说明判断依据。",第四象限,横坐标为正、纵坐标为负，点Q位于第四象限。,fixed-cell-first-middle-last,approved,none,"S18 sample review found the item answerable, grade-appropriate, source-safe, and answer/explanation aligned.",none
35,pep-junior-candidate-k04-sa-014,S1,lower,pep-junior-s1-lower-lines-coordinates,相交线、平行线与平面直角坐标系,short-answer,Core,"点Q(26,-14)位于哪个象限？说明判断依据。",第四象限,横坐标为正、纵坐标为负，点Q位于第四象限。,fixed-cell-first-middle-last,approved,none,"S18 sample review found the item answerable, grade-appropriate, source-safe, and answer/explanation aligned.",none
36,pep-junior-candidate-k04-sa-027,S1,lower,pep-junior-s1-lower-lines-coordinates,相交线、平行线与平面直角坐标系,short-answer,Core,"点Q(10,-9)位于哪个象限？说明判断依据。",第四象限,横坐标为正、纵坐标为负，点Q位于第四象限。,fixed-cell-first-middle-last,approved,none,"S18 sample review found the item answerable, grade-appropriate, source-safe, and answer/explanation aligned.",none
37,pep-junior-candidate-k05-mc-001,S1,lower,pep-junior-s1-lower-equations-inequalities-data,二元一次方程组、不等式与数据初步,multiple-choice,Core,解不等式：2x-8 > 8。,x>8,2x-8>8，得2x>16，所以x>8。,fixed-cell-first-middle-last,approved,none,"S18 sample review found the item answerable, grade-appropriate, source-safe, and answer/explanation aligned.",none
38,pep-junior-candidate-k05-mc-015,S1,lower,pep-junior-s1-lower-equations-inequalities-data,二元一次方程组、不等式与数据初步,multiple-choice,Core,解不等式：2x-22 > 22。,x>22,2x-22>22，得2x>44，所以x>22。,fixed-cell-first-middle-last,approved,none,"S18 sample review found the item answerable, grade-appropriate, source-safe, and answer/explanation aligned.",none
39,pep-junior-candidate-k05-mc-028,S1,lower,pep-junior-s1-lower-equations-inequalities-data,二元一次方程组、不等式与数据初步,multiple-choice,Core,解不等式：2x-35 > 35。,x>35,2x-35>35，得2x>70，所以x>35。,fixed-cell-first-middle-last,approved,none,"S18 sample review found the item answerable, grade-appropriate, source-safe, and answer/explanation aligned.",none
40,pep-junior-candidate-k05-fi-001,S1,lower,pep-junior-s1-lower-equations-inequalities-data,二元一次方程组、不等式与数据初步,fill-in,Core,方程组x+y=28，x-y=-10的解是____。,"(9,19)","两式相加得2x=18，x=9；代回得y=19，解为(9,19)。",fixed-cell-first-middle-last,approved,none,"S18 sample review found the item answerable, grade-appropriate, source-safe, and answer/explanation aligned.",none
41,pep-junior-candidate-k05-fi-014,S1,lower,pep-junior-s1-lower-equations-inequalities-data,二元一次方程组、不等式与数据初步,fill-in,Core,方程组x+y=36，x-y=8的解是____。,"(22,14)","两式相加得2x=44，x=22；代回得y=14，解为(22,14)。",fixed-cell-first-middle-last,approved,none,"S18 sample review found the item answerable, grade-appropriate, source-safe, and answer/explanation aligned.",none
42,pep-junior-candidate-k05-fi-027,S1,lower,pep-junior-s1-lower-equations-inequalities-data,二元一次方程组、不等式与数据初步,fill-in,Core,方程组x+y=21，x-y=3的解是____。,"(12,9)","两式相加得2x=24，x=12；代回得y=9，解为(12,9)。",fixed-cell-first-middle-last,approved,none,"S18 sample review found the item answerable, grade-appropriate, source-safe, and answer/explanation aligned.",none
43,pep-junior-candidate-k05-sa-001,S1,lower,pep-junior-s1-lower-equations-inequalities-data,二元一次方程组、不等式与数据初步,short-answer,Core,某小组三次测量的数据分别是28、31、34。求这三次数据的平均数。,31,平均数=(28+31+34)÷3=31。,fixed-cell-first-middle-last,approved,none,"S18 sample review found the item answerable, grade-appropriate, source-safe, and answer/explanation aligned.",none
44,pep-junior-candidate-k05-sa-014,S1,lower,pep-junior-s1-lower-equations-inequalities-data,二元一次方程组、不等式与数据初步,short-answer,Core,某小组三次测量的数据分别是41、44、47。求这三次数据的平均数。,44,平均数=(41+44+47)÷3=44。,fixed-cell-first-middle-last,approved,none,"S18 sample review found the item answerable, grade-appropriate, source-safe, and answer/explanation aligned.",none
45,pep-junior-candidate-k05-sa-027,S1,lower,pep-junior-s1-lower-equations-inequalities-data,二元一次方程组、不等式与数据初步,short-answer,Core,某小组三次测量的数据分别是17、20、23。求这三次数据的平均数。,20,平均数=(17+20+23)÷3=20。,fixed-cell-first-middle-last,approved,none,"S18 sample review found the item answerable, grade-appropriate, source-safe, and answer/explanation aligned.",none
46,pep-junior-candidate-k06-mc-001,S2,upper,pep-junior-s2-upper-triangles-congruence,三角形、全等与轴对称,multiple-choice,Core,三角形的两个内角分别为65°和67°，第三个内角是多少？,48°,三角形内角和为180°，第三个角是180°-65°-67°=48°。,fixed-cell-first-middle-last,approved,none,"S18 sample review found the item answerable, grade-appropriate, source-safe, and answer/explanation aligned.",none
47,pep-junior-candidate-k06-mc-014,S2,upper,pep-junior-s2-upper-triangles-congruence,三角形、全等与轴对称,multiple-choice,Core,三角形的两个内角分别为40°和48°，第三个内角是多少？,92°,三角形内角和为180°，第三个角是180°-40°-48°=92°。,fixed-cell-first-middle-last,approved,none,"S18 sample review found the item answerable, grade-appropriate, source-safe, and answer/explanation aligned.",none
48,pep-junior-candidate-k06-mc-027,S2,upper,pep-junior-s2-upper-triangles-congruence,三角形、全等与轴对称,multiple-choice,Core,三角形的两个内角分别为60°和84°，第三个内角是多少？,36°,三角形内角和为180°，第三个角是180°-60°-84°=36°。,fixed-cell-first-middle-last,approved,none,"S18 sample review found the item answerable, grade-appropriate, source-safe, and answer/explanation aligned.",none
49,pep-junior-candidate-k06-fi-001,S2,upper,pep-junior-s2-upper-triangles-congruence,三角形、全等与轴对称,fill-in,Core,等腰三角形的顶角为72°，每个底角为____。,54°,两个底角相等，每个底角=(180°-72°)÷2=54°。,fixed-cell-first-middle-last,approved,none,"S18 sample review found the item answerable, grade-appropriate, source-safe, and answer/explanation aligned.",none
50,pep-junior-candidate-k06-fi-015,S2,upper,pep-junior-s2-upper-triangles-congruence,三角形、全等与轴对称,fill-in,Core,等腰三角形的顶角为100°，每个底角为____。,40°,两个底角相等，每个底角=(180°-100°)÷2=40°。,fixed-cell-first-middle-last,approved,none,"S18 sample review found the item answerable, grade-appropriate, source-safe, and answer/explanation aligned.",none
51,pep-junior-candidate-k06-fi-028,S2,upper,pep-junior-s2-upper-triangles-congruence,三角形、全等与轴对称,fill-in,Core,等腰三角形的顶角为126°，每个底角为____。,27°,两个底角相等，每个底角=(180°-126°)÷2=27°。,fixed-cell-first-middle-last,approved,none,"S18 sample review found the item answerable, grade-appropriate, source-safe, and answer/explanation aligned.",none
52,pep-junior-candidate-k06-sa-001,S2,upper,pep-junior-s2-upper-triangles-congruence,三角形、全等与轴对称,short-answer,Core,在△ABC和△DEF中，AB=DE=6厘米，BC=EF=8厘米，AC=DF=9厘米。可用哪一种判定说明两个三角形全等？,SSS,三组对应边分别相等，可用边边边判定，即SSS。,fixed-cell-first-middle-last,approved,none,"S18 sample review found the item answerable, grade-appropriate, source-safe, and answer/explanation aligned.",none
53,pep-junior-candidate-k06-sa-014,S2,upper,pep-junior-s2-upper-triangles-congruence,三角形、全等与轴对称,short-answer,Core,在△ABC和△DEF中，AB=DE=13厘米，BC=EF=18厘米，AC=DF=20厘米。可用哪一种判定说明两个三角形全等？,SSS,三组对应边分别相等，可用边边边判定，即SSS。,fixed-cell-first-middle-last,approved,none,"S18 sample review found the item answerable, grade-appropriate, source-safe, and answer/explanation aligned.",none
54,pep-junior-candidate-k06-sa-027,S2,upper,pep-junior-s2-upper-triangles-congruence,三角形、全等与轴对称,short-answer,Core,在△ABC和△DEF中，AB=DE=14厘米，BC=EF=17厘米，AC=DF=20厘米。可用哪一种判定说明两个三角形全等？,SSS,三组对应边分别相等，可用边边边判定，即SSS。,fixed-cell-first-middle-last,approved,none,"S18 remediation review confirmed the regenerated item is answerable, source-safe, and fixes the previously flagged template issue.",none
55,pep-junior-candidate-k07-mc-001,S2,upper,pep-junior-s2-upper-polynomials-fractions,整式乘法、因式分解与分式,multiple-choice,Core,因式分解：x²+19x+18。,(x+18)(x+1),18+1=19，18×1=18，所以分解为(x+18)(x+1)。,fixed-cell-first-middle-last,approved,none,"S18 sample review found the item answerable, grade-appropriate, source-safe, and answer/explanation aligned.",none
56,pep-junior-candidate-k07-mc-014,S2,upper,pep-junior-s2-upper-polynomials-fractions,整式乘法、因式分解与分式,multiple-choice,Core,因式分解：x²+22x+120。,(x+12)(x+10),12+10=22，12×10=120，所以分解为(x+12)(x+10)。,fixed-cell-first-middle-last,approved,none,"S18 sample review found the item answerable, grade-appropriate, source-safe, and answer/explanation aligned.",none
57,pep-junior-candidate-k07-mc-027,S2,upper,pep-junior-s2-upper-polynomials-fractions,整式乘法、因式分解与分式,multiple-choice,Core,因式分解：x²+8x+12。,(x+6)(x+2),6+2=8，6×2=12，所以分解为(x+6)(x+2)。,fixed-cell-first-middle-last,approved,none,"S18 sample review found the item answerable, grade-appropriate, source-safe, and answer/explanation aligned.",none
58,pep-junior-candidate-k07-fi-001,S2,upper,pep-junior-s2-upper-polynomials-fractions,整式乘法、因式分解与分式,fill-in,Core,计算：7x·5x=____。,35x²,系数相乘、同底数幂相乘，7x·5x=35x²。,fixed-cell-first-middle-last,approved,none,"S18 sample review found the item answerable, grade-appropriate, source-safe, and answer/explanation aligned.",none
59,pep-junior-candidate-k07-fi-014,S2,upper,pep-junior-s2-upper-polynomials-fractions,整式乘法、因式分解与分式,fill-in,Core,计算：2x·6x=____。,12x²,系数相乘、同底数幂相乘，2x·6x=12x²。,fixed-cell-first-middle-last,approved,none,"S18 sample review found the item answerable, grade-appropriate, source-safe, and answer/explanation aligned.",none
60,pep-junior-candidate-k07-fi-027,S2,upper,pep-junior-s2-upper-polynomials-fractions,整式乘法、因式分解与分式,fill-in,Core,计算：3x·7x=____。,21x²,系数相乘、同底数幂相乘，3x·7x=21x²。,fixed-cell-first-middle-last,approved,none,"S18 sample review found the item answerable, grade-appropriate, source-safe, and answer/explanation aligned.",none
61,pep-junior-candidate-k07-sa-001,S2,upper,pep-junior-s2-upper-polynomials-fractions,整式乘法、因式分解与分式,short-answer,Core,化简分式(3x+15)/(x+5)，并注明x不能等于什么。,3，x≠-5,分子提公因式得3(x+5)，约分后为3，且x≠-5。,fixed-cell-first-middle-last,approved,none,"S18 remediation review confirmed the regenerated item is answerable, source-safe, and fixes the previously flagged template issue.",none
62,pep-junior-candidate-k07-sa-015,S2,upper,pep-junior-s2-upper-polynomials-fractions,整式乘法、因式分解与分式,short-answer,Core,化简分式(9x+45)/(x+5)，并注明x不能等于什么。,9，x≠-5,分子提公因式得9(x+5)，约分后为9，且x≠-5。,fixed-cell-first-middle-last,approved,none,"S18 remediation review confirmed the regenerated item is answerable, source-safe, and fixes the previously flagged template issue.",none
63,pep-junior-candidate-k07-sa-028,S2,upper,pep-junior-s2-upper-polynomials-fractions,整式乘法、因式分解与分式,short-answer,Core,化简分式(6x+12)/(x+2)，并注明x不能等于什么。,6，x≠-2,分子提公因式得6(x+2)，约分后为6，且x≠-2。,fixed-cell-first-middle-last,approved,none,"S18 remediation review confirmed the regenerated item is answerable, source-safe, and fixes the previously flagged template issue.",none
64,pep-junior-candidate-k08-mc-001,S2,lower,pep-junior-s2-lower-roots-pythagorean-quadrilaterals,二次根式、勾股定理与平行四边形,multiple-choice,Core,化简：√27。,3√3,√27=√(3²×3)=3√3。,fixed-cell-first-middle-last,approved,none,"S18 sample review found the item answerable, grade-appropriate, source-safe, and answer/explanation aligned.",none
65,pep-junior-candidate-k08-mc-014,S2,lower,pep-junior-s2-lower-roots-pythagorean-quadrilaterals,二次根式、勾股定理与平行四边形,multiple-choice,Core,化简：√28。,2√7,√28=√(2²×7)=2√7。,fixed-cell-first-middle-last,approved,none,"S18 sample review found the item answerable, grade-appropriate, source-safe, and answer/explanation aligned.",none
66,pep-junior-candidate-k08-mc-027,S2,lower,pep-junior-s2-lower-roots-pythagorean-quadrilaterals,二次根式、勾股定理与平行四边形,multiple-choice,Core,化简：√320。,8√5,√320=√(8²×5)=8√5。,fixed-cell-first-middle-last,approved,none,"S18 sample review found the item answerable, grade-appropriate, source-safe, and answer/explanation aligned.",none
67,pep-junior-candidate-k08-fi-001,S2,lower,pep-junior-s2-lower-roots-pythagorean-quadrilaterals,二次根式、勾股定理与平行四边形,fill-in,Core,直角三角形两条直角边分别为20厘米和48厘米，斜边长____。,52厘米,由勾股定理，斜边=√(20²+48²)=52厘米。,fixed-cell-first-middle-last,approved,none,"S18 sample review found the item answerable, grade-appropriate, source-safe, and answer/explanation aligned.",none
68,pep-junior-candidate-k08-fi-014,S2,lower,pep-junior-s2-lower-roots-pythagorean-quadrilaterals,二次根式、勾股定理与平行四边形,fill-in,Core,直角三角形两条直角边分别为27厘米和120厘米，斜边长____。,123厘米,由勾股定理，斜边=√(27²+120²)=123厘米。,fixed-cell-first-middle-last,approved,none,"S18 sample review found the item answerable, grade-appropriate, source-safe, and answer/explanation aligned.",none
69,pep-junior-candidate-k08-fi-027,S2,lower,pep-junior-s2-lower-roots-pythagorean-quadrilaterals,二次根式、勾股定理与平行四边形,fill-in,Core,直角三角形两条直角边分别为14厘米和48厘米，斜边长____。,50厘米,由勾股定理，斜边=√(14²+48²)=50厘米。,fixed-cell-first-middle-last,approved,none,"S18 sample review found the item answerable, grade-appropriate, source-safe, and answer/explanation aligned.",none
70,pep-junior-candidate-k08-sa-001,S2,lower,pep-junior-s2-lower-roots-pythagorean-quadrilaterals,二次根式、勾股定理与平行四边形,short-answer,Core,平行四边形ABCD中，AB=29厘米。若CD与AB是对边，CD长多少？,29厘米,平行四边形对边相等，所以CD=AB=29厘米。,fixed-cell-first-middle-last,approved,none,"S18 sample review found the item answerable, grade-appropriate, source-safe, and answer/explanation aligned.",none
71,pep-junior-candidate-k08-sa-014,S2,lower,pep-junior-s2-lower-roots-pythagorean-quadrilaterals,二次根式、勾股定理与平行四边形,short-answer,Core,平行四边形ABCD中，AB=42厘米。若CD与AB是对边，CD长多少？,42厘米,平行四边形对边相等，所以CD=AB=42厘米。,fixed-cell-first-middle-last,approved,none,"S18 sample review found the item answerable, grade-appropriate, source-safe, and answer/explanation aligned.",none
72,pep-junior-candidate-k08-sa-027,S2,lower,pep-junior-s2-lower-roots-pythagorean-quadrilaterals,二次根式、勾股定理与平行四边形,short-answer,Core,平行四边形ABCD中，AB=18厘米。若CD与AB是对边，CD长多少？,18厘米,平行四边形对边相等，所以CD=AB=18厘米。,fixed-cell-first-middle-last,approved,none,"S18 sample review found the item answerable, grade-appropriate, source-safe, and answer/explanation aligned.",none
73,pep-junior-candidate-k09-mc-001,S2,lower,pep-junior-s2-lower-linear-functions-data,一次函数与数据分析,multiple-choice,Exam,一次函数y=3x-4，当x=2时，y的值是多少？,2,代入x=2，y=3×2-4=2。,fixed-cell-first-middle-last,approved,none,"S18 sample review found the item answerable, grade-appropriate, source-safe, and answer/explanation aligned.",none
74,pep-junior-candidate-k09-mc-015,S2,lower,pep-junior-s2-lower-linear-functions-data,一次函数与数据分析,multiple-choice,Exam,一次函数y=2x+2，当x=8时，y的值是多少？,18,代入x=8，y=2×8+2=18。,fixed-cell-first-middle-last,approved,none,"S18 sample review found the item answerable, grade-appropriate, source-safe, and answer/explanation aligned.",none
75,pep-junior-candidate-k09-mc-028,S2,lower,pep-junior-s2-lower-linear-functions-data,一次函数与数据分析,multiple-choice,Exam,一次函数y=5x-4，当x=5时，y的值是多少？,21,代入x=5，y=5×5-4=21。,fixed-cell-first-middle-last,approved,none,"S18 sample review found the item answerable, grade-appropriate, source-safe, and answer/explanation aligned.",none
76,pep-junior-candidate-k09-fi-001,S2,lower,pep-junior-s2-lower-linear-functions-data,一次函数与数据分析,fill-in,Exam,"一次函数图象经过点(2,6)和(4,16)，它的斜率是____。",5,斜率=(16-6)÷(4-2)=5。,fixed-cell-first-middle-last,approved,none,"S18 sample review found the item answerable, grade-appropriate, source-safe, and answer/explanation aligned.",none
77,pep-junior-candidate-k09-fi-014,S2,lower,pep-junior-s2-lower-linear-functions-data,一次函数与数据分析,fill-in,Exam,"一次函数图象经过点(5,4)和(7,12)，它的斜率是____。",4,斜率=(12-4)÷(7-5)=4。,fixed-cell-first-middle-last,approved,none,"S18 sample review found the item answerable, grade-appropriate, source-safe, and answer/explanation aligned.",none
78,pep-junior-candidate-k09-fi-027,S2,lower,pep-junior-s2-lower-linear-functions-data,一次函数与数据分析,fill-in,Exam,"一次函数图象经过点(3,2)和(5,8)，它的斜率是____。",3,斜率=(8-2)÷(5-3)=3。,fixed-cell-first-middle-last,approved,none,"S18 sample review found the item answerable, grade-appropriate, source-safe, and answer/explanation aligned.",none
79,pep-junior-candidate-k09-sa-001,S2,lower,pep-junior-s2-lower-linear-functions-data,一次函数与数据分析,short-answer,Exam,一组数据按从小到大排列为36、38、40、42。求这组数据的中位数。,39,共有4个数，中位数是中间两个数的平均数：(38+40)÷2=39。,fixed-cell-first-middle-last,approved,none,"S18 sample review found the item answerable, grade-appropriate, source-safe, and answer/explanation aligned.",none
80,pep-junior-candidate-k09-sa-014,S2,lower,pep-junior-s2-lower-linear-functions-data,一次函数与数据分析,short-answer,Exam,一组数据按从小到大排列为12、14、16、18。求这组数据的中位数。,15,共有4个数，中位数是中间两个数的平均数：(14+16)÷2=15。,fixed-cell-first-middle-last,approved,none,"S18 sample review found the item answerable, grade-appropriate, source-safe, and answer/explanation aligned.",none
81,pep-junior-candidate-k09-sa-027,S2,lower,pep-junior-s2-lower-linear-functions-data,一次函数与数据分析,short-answer,Exam,一组数据按从小到大排列为25、27、29、31。求这组数据的中位数。,28,共有4个数，中位数是中间两个数的平均数：(27+29)÷2=28。,fixed-cell-first-middle-last,approved,none,"S18 sample review found the item answerable, grade-appropriate, source-safe, and answer/explanation aligned.",none
82,pep-junior-candidate-k10-mc-001,S3,upper,pep-junior-s3-upper-quadratics-circle-probability,一元二次方程、二次函数、圆与概率初步,multiple-choice,Exam,解方程：(x-9)(x-14)=0。,x=9或x=14,两个因式乘积为0，所以x-9=0或x-14=0，答案是x=9或x=14。,fixed-cell-first-middle-last,approved,none,"S18 sample review found the item answerable, grade-appropriate, source-safe, and answer/explanation aligned.",none
83,pep-junior-candidate-k10-mc-014,S3,upper,pep-junior-s3-upper-quadratics-circle-probability,一元二次方程、二次函数、圆与概率初步,multiple-choice,Exam,解方程：(x-22)(x-29)=0。,x=22或x=29,两个因式乘积为0，所以x-22=0或x-29=0，答案是x=22或x=29。,fixed-cell-first-middle-last,approved,none,"S18 sample review found the item answerable, grade-appropriate, source-safe, and answer/explanation aligned.",none
84,pep-junior-candidate-k10-mc-027,S3,upper,pep-junior-s3-upper-quadratics-circle-probability,一元二次方程、二次函数、圆与概率初步,multiple-choice,Exam,解方程：(x-12)(x-21)=0。,x=12或x=21,两个因式乘积为0，所以x-12=0或x-21=0，答案是x=12或x=21。,fixed-cell-first-middle-last,approved,none,"S18 sample review found the item answerable, grade-appropriate, source-safe, and answer/explanation aligned.",none
85,pep-junior-candidate-k10-fi-001,S3,upper,pep-junior-s3-upper-quadratics-circle-probability,一元二次方程、二次函数、圆与概率初步,fill-in,Exam,二次函数y=(x-10)²+21的对称轴是____。,x=10,顶点式y=(x-10)²+21的对称轴为x=10。,fixed-cell-first-middle-last,approved,none,"S18 sample review found the item answerable, grade-appropriate, source-safe, and answer/explanation aligned.",none
86,pep-junior-candidate-k10-fi-015,S3,upper,pep-junior-s3-upper-quadratics-circle-probability,一元二次方程、二次函数、圆与概率初步,fill-in,Exam,二次函数y=(x+7)²+20的对称轴是____。,x=-7,顶点式y=(x+7)²+20的对称轴为x=-7。,fixed-cell-first-middle-last,approved,none,"S18 sample review found the item answerable, grade-appropriate, source-safe, and answer/explanation aligned.",none
87,pep-junior-candidate-k10-fi-028,S3,upper,pep-junior-s3-upper-quadratics-circle-probability,一元二次方程、二次函数、圆与概率初步,fill-in,Exam,二次函数y=(x-6)²+17的对称轴是____。,x=6,顶点式y=(x-6)²+17的对称轴为x=6。,fixed-cell-first-middle-last,approved,none,"S18 sample review found the item answerable, grade-appropriate, source-safe, and answer/explanation aligned.",none
88,pep-junior-candidate-k10-sa-001,S3,upper,pep-junior-s3-upper-quadratics-circle-probability,一元二次方程、二次函数、圆与概率初步,short-answer,Exam,袋中有6个红球和13个蓝球，随机摸出1个球。摸到红球的概率是多少？,6/19,共有19个球，其中红球6个，所以概率是6/19=6/19。,fixed-cell-first-middle-last,approved,none,"S18 sample review found the item answerable, grade-appropriate, source-safe, and answer/explanation aligned.",none
89,pep-junior-candidate-k10-sa-014,S3,upper,pep-junior-s3-upper-quadratics-circle-probability,一元二次方程、二次函数、圆与概率初步,short-answer,Exam,袋中有2个红球和20个蓝球，随机摸出1个球。摸到红球的概率是多少？,1/11,共有22个球，其中红球2个，所以概率是2/22=1/11。,fixed-cell-first-middle-last,approved,none,"S18 sample review found the item answerable, grade-appropriate, source-safe, and answer/explanation aligned.",none
90,pep-junior-candidate-k10-sa-027,S3,upper,pep-junior-s3-upper-quadratics-circle-probability,一元二次方程、二次函数、圆与概率初步,short-answer,Exam,袋中有15个红球和8个蓝球，随机摸出1个球。摸到红球的概率是多少？,15/23,共有23个球，其中红球15个，所以概率是15/23=15/23。,fixed-cell-first-middle-last,approved,none,"S18 sample review found the item answerable, grade-appropriate, source-safe, and answer/explanation aligned.",none
91,pep-junior-candidate-k11-mc-001,S3,lower,pep-junior-s3-lower-inverse-similarity-trigonometry,反比例函数、相似与锐角三角函数,multiple-choice,Exam,"反比例函数y=k/x经过点(27,10)，k的值是多少？",270,"把点(27,10)代入y=k/x，得k=27×10=270。",fixed-cell-first-middle-last,approved,none,"S18 sample review found the item answerable, grade-appropriate, source-safe, and answer/explanation aligned.",none
92,pep-junior-candidate-k11-mc-014,S3,lower,pep-junior-s3-lower-inverse-similarity-trigonometry,反比例函数、相似与锐角三角函数,multiple-choice,Exam,"反比例函数y=k/x经过点(11,5)，k的值是多少？",55,"把点(11,5)代入y=k/x，得k=11×5=55。",fixed-cell-first-middle-last,approved,none,"S18 sample review found the item answerable, grade-appropriate, source-safe, and answer/explanation aligned.",none
93,pep-junior-candidate-k11-mc-027,S3,lower,pep-junior-s3-lower-inverse-similarity-trigonometry,反比例函数、相似与锐角三角函数,multiple-choice,Exam,"反比例函数y=k/x经过点(24,31)，k的值是多少？",744,"把点(24,31)代入y=k/x，得k=24×31=744。",fixed-cell-first-middle-last,approved,none,"S18 sample review found the item answerable, grade-appropriate, source-safe, and answer/explanation aligned.",none
94,pep-junior-candidate-k11-fi-001,S3,lower,pep-junior-s3-lower-inverse-similarity-trigonometry,反比例函数、相似与锐角三角函数,fill-in,Exam,两个相似三角形的相似比为3:1，小三角形一条对应边长3厘米，大三角形对应边长____。,9厘米,对应边按相似比放大3倍，所以大三角形对应边长3×3=9厘米。,fixed-cell-first-middle-last,approved,none,"S18 sample review found the item answerable, grade-appropriate, source-safe, and answer/explanation aligned.",none
95,pep-junior-candidate-k11-fi-014,S3,lower,pep-junior-s3-lower-inverse-similarity-trigonometry,反比例函数、相似与锐角三角函数,fill-in,Exam,两个相似三角形的相似比为4:1，小三角形一条对应边长8厘米，大三角形对应边长____。,32厘米,对应边按相似比放大4倍，所以大三角形对应边长4×8=32厘米。,fixed-cell-first-middle-last,approved,none,"S18 sample review found the item answerable, grade-appropriate, source-safe, and answer/explanation aligned.",none
96,pep-junior-candidate-k11-fi-027,S3,lower,pep-junior-s3-lower-inverse-similarity-trigonometry,反比例函数、相似与锐角三角函数,fill-in,Exam,两个相似三角形的相似比为5:1，小三角形一条对应边长6厘米，大三角形对应边长____。,30厘米,对应边按相似比放大5倍，所以大三角形对应边长5×6=30厘米。,fixed-cell-first-middle-last,approved,none,"S18 sample review found the item answerable, grade-appropriate, source-safe, and answer/explanation aligned.",none
97,pep-junior-candidate-k11-sa-001,S3,lower,pep-junior-s3-lower-inverse-similarity-trigonometry,反比例函数、相似与锐角三角函数,short-answer,Exam,测得旗杆顶端的仰角为45°，测量点到旗杆底部的水平距离为31米。若忽略测量高度，旗杆高约多少？,31米,tan45°=1，高度=水平距离×1=31米。,fixed-cell-first-middle-last,approved,none,"S18 sample review found the item answerable, grade-appropriate, source-safe, and answer/explanation aligned.",none
98,pep-junior-candidate-k11-sa-015,S3,lower,pep-junior-s3-lower-inverse-similarity-trigonometry,反比例函数、相似与锐角三角函数,short-answer,Exam,测得旗杆顶端的仰角为45°，测量点到旗杆底部的水平距离为8米。若忽略测量高度，旗杆高约多少？,8米,tan45°=1，高度=水平距离×1=8米。,fixed-cell-first-middle-last,approved,none,"S18 sample review found the item answerable, grade-appropriate, source-safe, and answer/explanation aligned.",none
99,pep-junior-candidate-k11-sa-028,S3,lower,pep-junior-s3-lower-inverse-similarity-trigonometry,反比例函数、相似与锐角三角函数,short-answer,Challenge,测得旗杆顶端的仰角为45°，测量点到旗杆底部的水平距离为21米。若忽略测量高度，旗杆高约多少？,21米,tan45°=1，高度=水平距离×1=21米。,fixed-cell-first-middle-last,approved,none,"S18 sample review found the item answerable, grade-appropriate, source-safe, and answer/explanation aligned.",none
