grade,volume,chapter,topicTitleZhHans,primaryConceptId,type,difficulty,count,evidenceCardIds,examPatternCardIds
S4,必修 第一册,函数的概念、性质及应用,函数的概念、性质及应用,function-definition,short-answer,Core,17,hjb-high-compulsory-1-function-concepts-applications,hjb-high-compulsory-1-function-concepts-applications-topic-review|hjb-high-compulsory-1-function-concepts-applications-unit-core|pep-high-exam-functions-parameters
S4,必修 第一册,函数的概念、性质及应用,函数的概念、性质及应用,function-definition,multiple-choice,Challenge,17,hjb-high-compulsory-1-function-concepts-applications,hjb-high-compulsory-1-function-concepts-applications-topic-review|hjb-high-compulsory-1-function-concepts-applications-unit-core|pep-high-exam-functions-parameters
S4,必修 第一册,函数的概念、性质及应用,函数的概念、性质及应用,function-definition,fill-in,Foundation,16,hjb-high-compulsory-1-function-concepts-applications,hjb-high-compulsory-1-function-concepts-applications-topic-review|hjb-high-compulsory-1-function-concepts-applications-unit-core|pep-high-exam-functions-parameters
S4,必修 第一册,幂、指数与对数,幂、指数与对数,exponents,fill-in,Core,5,hjb-high-compulsory-1-powers-exponents-logarithms,hjb-high-compulsory-1-powers-exponents-logarithms-unit-core|hjb-high-compulsory-1-powers-exponents-logarithms-topic-review
S4,必修 第一册,幂、指数与对数,幂、指数与对数,exponents,short-answer,Challenge,5,hjb-high-compulsory-1-powers-exponents-logarithms,hjb-high-compulsory-1-powers-exponents-logarithms-unit-core|hjb-high-compulsory-1-powers-exponents-logarithms-topic-review
S4,必修 第一册,幂、指数与对数,幂、指数与对数,exponents,multiple-choice,Foundation,4,hjb-high-compulsory-1-powers-exponents-logarithms,hjb-high-compulsory-1-powers-exponents-logarithms-unit-core|hjb-high-compulsory-1-powers-exponents-logarithms-topic-review
S4,必修 第一册,幂、指数与对数,幂、指数与对数,exponents,fill-in,Exam,4,hjb-high-compulsory-1-powers-exponents-logarithms,hjb-high-compulsory-1-powers-exponents-logarithms-unit-core|hjb-high-compulsory-1-powers-exponents-logarithms-topic-review
S4,必修 第一册,幂、指数与对数,幂、指数与对数,exponents,short-answer,Core,4,hjb-high-compulsory-1-powers-exponents-logarithms,hjb-high-compulsory-1-powers-exponents-logarithms-unit-core|hjb-high-compulsory-1-powers-exponents-logarithms-topic-review
S4,必修 第一册,幂、指数与对数,幂、指数与对数,exponents,multiple-choice,Challenge,4,hjb-high-compulsory-1-powers-exponents-logarithms,hjb-high-compulsory-1-powers-exponents-logarithms-unit-core|hjb-high-compulsory-1-powers-exponents-logarithms-topic-review
S4,必修 第一册,幂、指数与对数,幂、指数与对数,exponents,fill-in,Foundation,4,hjb-high-compulsory-1-powers-exponents-logarithms,hjb-high-compulsory-1-powers-exponents-logarithms-unit-core|hjb-high-compulsory-1-powers-exponents-logarithms-topic-review
S4,必修 第一册,幂、指数与对数,幂、指数与对数,exponents,short-answer,Exam,4,hjb-high-compulsory-1-powers-exponents-logarithms,hjb-high-compulsory-1-powers-exponents-logarithms-unit-core|hjb-high-compulsory-1-powers-exponents-logarithms-topic-review
S4,必修 第一册,幂、指数与对数,幂、指数与对数,exponents,multiple-choice,Core,4,hjb-high-compulsory-1-powers-exponents-logarithms,hjb-high-compulsory-1-powers-exponents-logarithms-unit-core|hjb-high-compulsory-1-powers-exponents-logarithms-topic-review
S4,必修 第一册,幂、指数与对数,幂、指数与对数,exponents,fill-in,Challenge,4,hjb-high-compulsory-1-powers-exponents-logarithms,hjb-high-compulsory-1-powers-exponents-logarithms-unit-core|hjb-high-compulsory-1-powers-exponents-logarithms-topic-review
S4,必修 第一册,幂、指数与对数,幂、指数与对数,exponents,short-answer,Foundation,4,hjb-high-compulsory-1-powers-exponents-logarithms,hjb-high-compulsory-1-powers-exponents-logarithms-unit-core|hjb-high-compulsory-1-powers-exponents-logarithms-topic-review
S4,必修 第一册,幂、指数与对数,幂、指数与对数,exponents,multiple-choice,Exam,4,hjb-high-compulsory-1-powers-exponents-logarithms,hjb-high-compulsory-1-powers-exponents-logarithms-unit-core|hjb-high-compulsory-1-powers-exponents-logarithms-topic-review
S4,必修 第一册,幂函数、指数函数与对数函数,幂函数、指数函数与对数函数,power-functions,multiple-choice,Foundation,5,hjb-high-compulsory-1-power-exponential-log-functions,hjb-high-compulsory-1-power-exponential-log-functions-unit-core|hjb-high-compulsory-1-power-exponential-log-functions-topic-review
S4,必修 第一册,幂函数、指数函数与对数函数,幂函数、指数函数与对数函数,power-functions,fill-in,Exam,5,hjb-high-compulsory-1-power-exponential-log-functions,hjb-high-compulsory-1-power-exponential-log-functions-unit-core|hjb-high-compulsory-1-power-exponential-log-functions-topic-review
S4,必修 第一册,幂函数、指数函数与对数函数,幂函数、指数函数与对数函数,power-functions,short-answer,Core,4,hjb-high-compulsory-1-power-exponential-log-functions,hjb-high-compulsory-1-power-exponential-log-functions-unit-core|hjb-high-compulsory-1-power-exponential-log-functions-topic-review
S4,必修 第一册,幂函数、指数函数与对数函数,幂函数、指数函数与对数函数,power-functions,multiple-choice,Challenge,4,hjb-high-compulsory-1-power-exponential-log-functions,hjb-high-compulsory-1-power-exponential-log-functions-unit-core|hjb-high-compulsory-1-power-exponential-log-functions-topic-review
S4,必修 第一册,幂函数、指数函数与对数函数,幂函数、指数函数与对数函数,power-functions,fill-in,Foundation,4,hjb-high-compulsory-1-power-exponential-log-functions,hjb-high-compulsory-1-power-exponential-log-functions-unit-core|hjb-high-compulsory-1-power-exponential-log-functions-topic-review
S4,必修 第一册,幂函数、指数函数与对数函数,幂函数、指数函数与对数函数,power-functions,short-answer,Exam,4,hjb-high-compulsory-1-power-exponential-log-functions,hjb-high-compulsory-1-power-exponential-log-functions-unit-core|hjb-high-compulsory-1-power-exponential-log-functions-topic-review
S4,必修 第一册,幂函数、指数函数与对数函数,幂函数、指数函数与对数函数,power-functions,multiple-choice,Core,4,hjb-high-compulsory-1-power-exponential-log-functions,hjb-high-compulsory-1-power-exponential-log-functions-unit-core|hjb-high-compulsory-1-power-exponential-log-functions-topic-review
S4,必修 第一册,幂函数、指数函数与对数函数,幂函数、指数函数与对数函数,power-functions,fill-in,Challenge,4,hjb-high-compulsory-1-power-exponential-log-functions,hjb-high-compulsory-1-power-exponential-log-functions-unit-core|hjb-high-compulsory-1-power-exponential-log-functions-topic-review
S4,必修 第一册,幂函数、指数函数与对数函数,幂函数、指数函数与对数函数,power-functions,short-answer,Foundation,4,hjb-high-compulsory-1-power-exponential-log-functions,hjb-high-compulsory-1-power-exponential-log-functions-unit-core|hjb-high-compulsory-1-power-exponential-log-functions-topic-review
S4,必修 第一册,幂函数、指数函数与对数函数,幂函数、指数函数与对数函数,power-functions,multiple-choice,Exam,4,hjb-high-compulsory-1-power-exponential-log-functions,hjb-high-compulsory-1-power-exponential-log-functions-unit-core|hjb-high-compulsory-1-power-exponential-log-functions-topic-review
S4,必修 第一册,幂函数、指数函数与对数函数,幂函数、指数函数与对数函数,power-functions,fill-in,Core,4,hjb-high-compulsory-1-power-exponential-log-functions,hjb-high-compulsory-1-power-exponential-log-functions-unit-core|hjb-high-compulsory-1-power-exponential-log-functions-topic-review
S4,必修 第一册,幂函数、指数函数与对数函数,幂函数、指数函数与对数函数,power-functions,short-answer,Challenge,4,hjb-high-compulsory-1-power-exponential-log-functions,hjb-high-compulsory-1-power-exponential-log-functions-unit-core|hjb-high-compulsory-1-power-exponential-log-functions-topic-review
S4,必修 第一册,等式与不等式,等式与不等式,inequality-properties,short-answer,Foundation,5,hjb-high-compulsory-1-equations-inequalities,hjb-high-compulsory-1-equations-inequalities-unit-core|hjb-high-compulsory-1-equations-inequalities-topic-review|pep-high-exam-basic-inequality-optimization
S4,必修 第一册,等式与不等式,等式与不等式,inequality-properties,multiple-choice,Exam,5,hjb-high-compulsory-1-equations-inequalities,hjb-high-compulsory-1-equations-inequalities-unit-core|hjb-high-compulsory-1-equations-inequalities-topic-review|pep-high-exam-basic-inequality-optimization
S4,必修 第一册,等式与不等式,等式与不等式,inequality-properties,fill-in,Core,4,hjb-high-compulsory-1-equations-inequalities,hjb-high-compulsory-1-equations-inequalities-unit-core|hjb-high-compulsory-1-equations-inequalities-topic-review|pep-high-exam-basic-inequality-optimization
S4,必修 第一册,等式与不等式,等式与不等式,inequality-properties,short-answer,Challenge,4,hjb-high-compulsory-1-equations-inequalities,hjb-high-compulsory-1-equations-inequalities-unit-core|hjb-high-compulsory-1-equations-inequalities-topic-review|pep-high-exam-basic-inequality-optimization
S4,必修 第一册,等式与不等式,等式与不等式,inequality-properties,multiple-choice,Foundation,4,hjb-high-compulsory-1-equations-inequalities,hjb-high-compulsory-1-equations-inequalities-unit-core|hjb-high-compulsory-1-equations-inequalities-topic-review|pep-high-exam-basic-inequality-optimization
S4,必修 第一册,等式与不等式,等式与不等式,inequality-properties,fill-in,Exam,4,hjb-high-compulsory-1-equations-inequalities,hjb-high-compulsory-1-equations-inequalities-unit-core|hjb-high-compulsory-1-equations-inequalities-topic-review|pep-high-exam-basic-inequality-optimization
S4,必修 第一册,等式与不等式,等式与不等式,inequality-properties,short-answer,Core,4,hjb-high-compulsory-1-equations-inequalities,hjb-high-compulsory-1-equations-inequalities-unit-core|hjb-high-compulsory-1-equations-inequalities-topic-review|pep-high-exam-basic-inequality-optimization
S4,必修 第一册,等式与不等式,等式与不等式,inequality-properties,multiple-choice,Challenge,4,hjb-high-compulsory-1-equations-inequalities,hjb-high-compulsory-1-equations-inequalities-unit-core|hjb-high-compulsory-1-equations-inequalities-topic-review|pep-high-exam-basic-inequality-optimization
S4,必修 第一册,等式与不等式,等式与不等式,inequality-properties,fill-in,Foundation,4,hjb-high-compulsory-1-equations-inequalities,hjb-high-compulsory-1-equations-inequalities-unit-core|hjb-high-compulsory-1-equations-inequalities-topic-review|pep-high-exam-basic-inequality-optimization
S4,必修 第一册,等式与不等式,等式与不等式,inequality-properties,short-answer,Exam,4,hjb-high-compulsory-1-equations-inequalities,hjb-high-compulsory-1-equations-inequalities-unit-core|hjb-high-compulsory-1-equations-inequalities-topic-review|pep-high-exam-basic-inequality-optimization
S4,必修 第一册,等式与不等式,等式与不等式,inequality-properties,multiple-choice,Core,4,hjb-high-compulsory-1-equations-inequalities,hjb-high-compulsory-1-equations-inequalities-unit-core|hjb-high-compulsory-1-equations-inequalities-topic-review|pep-high-exam-basic-inequality-optimization
S4,必修 第一册,等式与不等式,等式与不等式,inequality-properties,fill-in,Challenge,4,hjb-high-compulsory-1-equations-inequalities,hjb-high-compulsory-1-equations-inequalities-unit-core|hjb-high-compulsory-1-equations-inequalities-topic-review|pep-high-exam-basic-inequality-optimization
S4,必修 第一册,集合与逻辑,集合与逻辑,sets,multiple-choice,Core,5,hjb-high-compulsory-1-sets-logic,hjb-high-compulsory-1-sets-logic-unit-core|hjb-high-compulsory-1-sets-logic-topic-review
S4,必修 第一册,集合与逻辑,集合与逻辑,sets,fill-in,Challenge,5,hjb-high-compulsory-1-sets-logic,hjb-high-compulsory-1-sets-logic-unit-core|hjb-high-compulsory-1-sets-logic-topic-review
S4,必修 第一册,集合与逻辑,集合与逻辑,sets,short-answer,Foundation,4,hjb-high-compulsory-1-sets-logic,hjb-high-compulsory-1-sets-logic-unit-core|hjb-high-compulsory-1-sets-logic-topic-review
S4,必修 第一册,集合与逻辑,集合与逻辑,sets,multiple-choice,Exam,4,hjb-high-compulsory-1-sets-logic,hjb-high-compulsory-1-sets-logic-unit-core|hjb-high-compulsory-1-sets-logic-topic-review
S4,必修 第一册,集合与逻辑,集合与逻辑,sets,fill-in,Core,4,hjb-high-compulsory-1-sets-logic,hjb-high-compulsory-1-sets-logic-unit-core|hjb-high-compulsory-1-sets-logic-topic-review
S4,必修 第一册,集合与逻辑,集合与逻辑,sets,short-answer,Challenge,4,hjb-high-compulsory-1-sets-logic,hjb-high-compulsory-1-sets-logic-unit-core|hjb-high-compulsory-1-sets-logic-topic-review
S4,必修 第一册,集合与逻辑,集合与逻辑,sets,multiple-choice,Foundation,4,hjb-high-compulsory-1-sets-logic,hjb-high-compulsory-1-sets-logic-unit-core|hjb-high-compulsory-1-sets-logic-topic-review
S4,必修 第一册,集合与逻辑,集合与逻辑,sets,fill-in,Exam,4,hjb-high-compulsory-1-sets-logic,hjb-high-compulsory-1-sets-logic-unit-core|hjb-high-compulsory-1-sets-logic-topic-review
S4,必修 第一册,集合与逻辑,集合与逻辑,sets,short-answer,Core,4,hjb-high-compulsory-1-sets-logic,hjb-high-compulsory-1-sets-logic-unit-core|hjb-high-compulsory-1-sets-logic-topic-review
S4,必修 第一册,集合与逻辑,集合与逻辑,sets,multiple-choice,Challenge,4,hjb-high-compulsory-1-sets-logic,hjb-high-compulsory-1-sets-logic-unit-core|hjb-high-compulsory-1-sets-logic-topic-review
S4,必修 第一册,集合与逻辑,集合与逻辑,sets,fill-in,Foundation,4,hjb-high-compulsory-1-sets-logic,hjb-high-compulsory-1-sets-logic-unit-core|hjb-high-compulsory-1-sets-logic-topic-review
S4,必修 第一册,集合与逻辑,集合与逻辑,sets,short-answer,Exam,4,hjb-high-compulsory-1-sets-logic,hjb-high-compulsory-1-sets-logic-unit-core|hjb-high-compulsory-1-sets-logic-topic-review
S4,必修 第二册,三角,三角,unit-circle,fill-in,Foundation,21,hjb-high-compulsory-2-trigonometry-foundations,hjb-high-compulsory-2-trigonometry-unit-core|hjb-high-compulsory-2-trigonometry-unit-challenge|pep-high-exam-trigonometric-graphs
S4,必修 第二册,三角,三角,unit-circle,short-answer,Core,21,hjb-high-compulsory-2-trigonometry-foundations,hjb-high-compulsory-2-trigonometry-unit-core|hjb-high-compulsory-2-trigonometry-unit-challenge|pep-high-exam-trigonometric-graphs
S4,必修 第二册,三角,三角,unit-circle,multiple-choice,Challenge,21,hjb-high-compulsory-2-trigonometry-foundations,hjb-high-compulsory-2-trigonometry-unit-core|hjb-high-compulsory-2-trigonometry-unit-challenge|pep-high-exam-trigonometric-graphs
S4,必修 第二册,三角函数,三角函数,trigonometric-functions,fill-in,Foundation,21,hjb-high-compulsory-2-trigonometric-functions,hjb-high-compulsory-2-trig-functions-unit-core|hjb-high-compulsory-2-trig-functions-unit-challenge|pep-high-exam-trigonometric-graphs
S4,必修 第二册,三角函数,三角函数,trigonometric-functions,short-answer,Core,21,hjb-high-compulsory-2-trigonometric-functions,hjb-high-compulsory-2-trig-functions-unit-core|hjb-high-compulsory-2-trig-functions-unit-challenge|pep-high-exam-trigonometric-graphs
S4,必修 第二册,三角函数,三角函数,trigonometric-functions,multiple-choice,Challenge,21,hjb-high-compulsory-2-trigonometric-functions,hjb-high-compulsory-2-trig-functions-unit-core|hjb-high-compulsory-2-trig-functions-unit-challenge|pep-high-exam-trigonometric-graphs
S4,必修 第二册,复数,复数,complex-numbers,fill-in,Core,19,hjb-high-compulsory-2-complex-numbers,hjb-high-compulsory-2-complex-numbers-unit-core|hjb-high-compulsory-2-complex-numbers-unit-challenge
S4,必修 第二册,复数,复数,complex-numbers,multiple-choice,Core,43,hjb-high-compulsory-2-complex-numbers,hjb-high-compulsory-2-complex-numbers-unit-core|hjb-high-compulsory-2-complex-numbers-unit-challenge
S4,必修 第二册,平面向量,平面向量,plane-vectors,fill-in,Foundation,9,hjb-high-compulsory-2-plane-vectors,hjb-high-compulsory-2-plane-vectors-unit-core|hjb-high-compulsory-2-plane-vectors-unit-challenge|pep-high-exam-sine-cosine-vector-applications
S4,必修 第二册,平面向量,平面向量,plane-vectors,multiple-choice,Core,15,hjb-high-compulsory-2-plane-vectors,hjb-high-compulsory-2-plane-vectors-unit-core|hjb-high-compulsory-2-plane-vectors-unit-challenge|pep-high-exam-sine-cosine-vector-applications
S4,必修 第二册,平面向量,平面向量,plane-vectors,fill-in,Challenge,8,hjb-high-compulsory-2-plane-vectors,hjb-high-compulsory-2-plane-vectors-unit-core|hjb-high-compulsory-2-plane-vectors-unit-challenge|pep-high-exam-sine-cosine-vector-applications
S4,必修 第二册,平面向量,平面向量,plane-vectors,multiple-choice,Foundation,8,hjb-high-compulsory-2-plane-vectors,hjb-high-compulsory-2-plane-vectors-unit-core|hjb-high-compulsory-2-plane-vectors-unit-challenge|pep-high-exam-sine-cosine-vector-applications
S4,必修 第二册,平面向量,平面向量,plane-vectors,fill-in,Core,14,hjb-high-compulsory-2-plane-vectors,hjb-high-compulsory-2-plane-vectors-unit-core|hjb-high-compulsory-2-plane-vectors-unit-challenge|pep-high-exam-sine-cosine-vector-applications
S4,必修 第二册,平面向量,平面向量,plane-vectors,multiple-choice,Challenge,8,hjb-high-compulsory-2-plane-vectors,hjb-high-compulsory-2-plane-vectors-unit-core|hjb-high-compulsory-2-plane-vectors-unit-challenge|pep-high-exam-sine-cosine-vector-applications
S5,必修 第三册,概率初步,概率初步,probability-foundations,short-answer,Foundation,5,hjb-high-compulsory-3-probability-foundations,hjb-high-compulsory-3-probability-foundations-unit-core|hjb-high-compulsory-3-final-full-volume-peiyou|pep-high-exam-probability-statistics
S5,必修 第三册,概率初步,概率初步,probability-foundations,multiple-choice,Exam,5,hjb-high-compulsory-3-probability-foundations,hjb-high-compulsory-3-probability-foundations-unit-core|hjb-high-compulsory-3-final-full-volume-peiyou|pep-high-exam-probability-statistics
S5,必修 第三册,概率初步,概率初步,probability-foundations,fill-in,Core,5,hjb-high-compulsory-3-probability-foundations,hjb-high-compulsory-3-probability-foundations-unit-core|hjb-high-compulsory-3-final-full-volume-peiyou|pep-high-exam-probability-statistics
S5,必修 第三册,概率初步,概率初步,probability-foundations,short-answer,Challenge,5,hjb-high-compulsory-3-probability-foundations,hjb-high-compulsory-3-probability-foundations-unit-core|hjb-high-compulsory-3-final-full-volume-peiyou|pep-high-exam-probability-statistics
S5,必修 第三册,概率初步,概率初步,probability-foundations,multiple-choice,Foundation,5,hjb-high-compulsory-3-probability-foundations,hjb-high-compulsory-3-probability-foundations-unit-core|hjb-high-compulsory-3-final-full-volume-peiyou|pep-high-exam-probability-statistics
S5,必修 第三册,概率初步,概率初步,probability-foundations,fill-in,Exam,5,hjb-high-compulsory-3-probability-foundations,hjb-high-compulsory-3-probability-foundations-unit-core|hjb-high-compulsory-3-final-full-volume-peiyou|pep-high-exam-probability-statistics
S5,必修 第三册,概率初步,概率初步,probability-foundations,short-answer,Core,5,hjb-high-compulsory-3-probability-foundations,hjb-high-compulsory-3-probability-foundations-unit-core|hjb-high-compulsory-3-final-full-volume-peiyou|pep-high-exam-probability-statistics
S5,必修 第三册,概率初步,概率初步,probability-foundations,multiple-choice,Challenge,4,hjb-high-compulsory-3-probability-foundations,hjb-high-compulsory-3-probability-foundations-unit-core|hjb-high-compulsory-3-final-full-volume-peiyou|pep-high-exam-probability-statistics
S5,必修 第三册,概率初步,概率初步,probability-foundations,fill-in,Foundation,4,hjb-high-compulsory-3-probability-foundations,hjb-high-compulsory-3-probability-foundations-unit-core|hjb-high-compulsory-3-final-full-volume-peiyou|pep-high-exam-probability-statistics
S5,必修 第三册,概率初步,概率初步,probability-foundations,short-answer,Exam,4,hjb-high-compulsory-3-probability-foundations,hjb-high-compulsory-3-probability-foundations-unit-core|hjb-high-compulsory-3-final-full-volume-peiyou|pep-high-exam-probability-statistics
S5,必修 第三册,概率初步,概率初步,probability-foundations,multiple-choice,Core,4,hjb-high-compulsory-3-probability-foundations,hjb-high-compulsory-3-probability-foundations-unit-core|hjb-high-compulsory-3-final-full-volume-peiyou|pep-high-exam-probability-statistics
S5,必修 第三册,概率初步,概率初步,probability-foundations,fill-in,Challenge,4,hjb-high-compulsory-3-probability-foundations,hjb-high-compulsory-3-probability-foundations-unit-core|hjb-high-compulsory-3-final-full-volume-peiyou|pep-high-exam-probability-statistics
S5,必修 第三册,空间直线与平面,空间直线与平面,solid-geometry,multiple-choice,Core,5,hjb-high-compulsory-3-spatial-lines-planes,hjb-high-compulsory-3-spatial-lines-planes-unit-core|hjb-high-compulsory-3-spatial-lines-planes-unit-challenge|pep-high-exam-space-vectors-geometry
S5,必修 第三册,空间直线与平面,空间直线与平面,solid-geometry,fill-in,Challenge,5,hjb-high-compulsory-3-spatial-lines-planes,hjb-high-compulsory-3-spatial-lines-planes-unit-core|hjb-high-compulsory-3-spatial-lines-planes-unit-challenge|pep-high-exam-space-vectors-geometry
S5,必修 第三册,空间直线与平面,空间直线与平面,solid-geometry,short-answer,Foundation,5,hjb-high-compulsory-3-spatial-lines-planes,hjb-high-compulsory-3-spatial-lines-planes-unit-core|hjb-high-compulsory-3-spatial-lines-planes-unit-challenge|pep-high-exam-space-vectors-geometry
S5,必修 第三册,空间直线与平面,空间直线与平面,solid-geometry,multiple-choice,Exam,5,hjb-high-compulsory-3-spatial-lines-planes,hjb-high-compulsory-3-spatial-lines-planes-unit-core|hjb-high-compulsory-3-spatial-lines-planes-unit-challenge|pep-high-exam-space-vectors-geometry
S5,必修 第三册,空间直线与平面,空间直线与平面,solid-geometry,fill-in,Core,5,hjb-high-compulsory-3-spatial-lines-planes,hjb-high-compulsory-3-spatial-lines-planes-unit-core|hjb-high-compulsory-3-spatial-lines-planes-unit-challenge|pep-high-exam-space-vectors-geometry
S5,必修 第三册,空间直线与平面,空间直线与平面,solid-geometry,short-answer,Challenge,5,hjb-high-compulsory-3-spatial-lines-planes,hjb-high-compulsory-3-spatial-lines-planes-unit-core|hjb-high-compulsory-3-spatial-lines-planes-unit-challenge|pep-high-exam-space-vectors-geometry
S5,必修 第三册,空间直线与平面,空间直线与平面,solid-geometry,multiple-choice,Foundation,5,hjb-high-compulsory-3-spatial-lines-planes,hjb-high-compulsory-3-spatial-lines-planes-unit-core|hjb-high-compulsory-3-spatial-lines-planes-unit-challenge|pep-high-exam-space-vectors-geometry
S5,必修 第三册,空间直线与平面,空间直线与平面,solid-geometry,fill-in,Exam,4,hjb-high-compulsory-3-spatial-lines-planes,hjb-high-compulsory-3-spatial-lines-planes-unit-core|hjb-high-compulsory-3-spatial-lines-planes-unit-challenge|pep-high-exam-space-vectors-geometry
S5,必修 第三册,空间直线与平面,空间直线与平面,solid-geometry,short-answer,Core,4,hjb-high-compulsory-3-spatial-lines-planes,hjb-high-compulsory-3-spatial-lines-planes-unit-core|hjb-high-compulsory-3-spatial-lines-planes-unit-challenge|pep-high-exam-space-vectors-geometry
S5,必修 第三册,空间直线与平面,空间直线与平面,solid-geometry,multiple-choice,Challenge,4,hjb-high-compulsory-3-spatial-lines-planes,hjb-high-compulsory-3-spatial-lines-planes-unit-core|hjb-high-compulsory-3-spatial-lines-planes-unit-challenge|pep-high-exam-space-vectors-geometry
S5,必修 第三册,空间直线与平面,空间直线与平面,solid-geometry,fill-in,Foundation,4,hjb-high-compulsory-3-spatial-lines-planes,hjb-high-compulsory-3-spatial-lines-planes-unit-core|hjb-high-compulsory-3-spatial-lines-planes-unit-challenge|pep-high-exam-space-vectors-geometry
S5,必修 第三册,空间直线与平面,空间直线与平面,solid-geometry,short-answer,Exam,4,hjb-high-compulsory-3-spatial-lines-planes,hjb-high-compulsory-3-spatial-lines-planes-unit-core|hjb-high-compulsory-3-spatial-lines-planes-unit-challenge|pep-high-exam-space-vectors-geometry
S5,必修 第三册,简单几何体,简单几何体,solid-geometry,fill-in,Exam,5,hjb-high-compulsory-3-simple-solids,hjb-high-compulsory-3-midterm-chapters-10-11|hjb-high-compulsory-3-space-vector-midterm-bridge|pep-high-exam-space-vectors-geometry
S5,必修 第三册,简单几何体,简单几何体,solid-geometry,short-answer,Core,5,hjb-high-compulsory-3-simple-solids,hjb-high-compulsory-3-midterm-chapters-10-11|hjb-high-compulsory-3-space-vector-midterm-bridge|pep-high-exam-space-vectors-geometry
S5,必修 第三册,简单几何体,简单几何体,solid-geometry,multiple-choice,Challenge,5,hjb-high-compulsory-3-simple-solids,hjb-high-compulsory-3-midterm-chapters-10-11|hjb-high-compulsory-3-space-vector-midterm-bridge|pep-high-exam-space-vectors-geometry
S5,必修 第三册,简单几何体,简单几何体,solid-geometry,fill-in,Foundation,5,hjb-high-compulsory-3-simple-solids,hjb-high-compulsory-3-midterm-chapters-10-11|hjb-high-compulsory-3-space-vector-midterm-bridge|pep-high-exam-space-vectors-geometry
S5,必修 第三册,简单几何体,简单几何体,solid-geometry,short-answer,Exam,5,hjb-high-compulsory-3-simple-solids,hjb-high-compulsory-3-midterm-chapters-10-11|hjb-high-compulsory-3-space-vector-midterm-bridge|pep-high-exam-space-vectors-geometry
S5,必修 第三册,简单几何体,简单几何体,solid-geometry,multiple-choice,Core,5,hjb-high-compulsory-3-simple-solids,hjb-high-compulsory-3-midterm-chapters-10-11|hjb-high-compulsory-3-space-vector-midterm-bridge|pep-high-exam-space-vectors-geometry
S5,必修 第三册,简单几何体,简单几何体,solid-geometry,fill-in,Challenge,5,hjb-high-compulsory-3-simple-solids,hjb-high-compulsory-3-midterm-chapters-10-11|hjb-high-compulsory-3-space-vector-midterm-bridge|pep-high-exam-space-vectors-geometry
S5,必修 第三册,简单几何体,简单几何体,solid-geometry,short-answer,Foundation,4,hjb-high-compulsory-3-simple-solids,hjb-high-compulsory-3-midterm-chapters-10-11|hjb-high-compulsory-3-space-vector-midterm-bridge|pep-high-exam-space-vectors-geometry
S5,必修 第三册,简单几何体,简单几何体,solid-geometry,multiple-choice,Exam,4,hjb-high-compulsory-3-simple-solids,hjb-high-compulsory-3-midterm-chapters-10-11|hjb-high-compulsory-3-space-vector-midterm-bridge|pep-high-exam-space-vectors-geometry
S5,必修 第三册,简单几何体,简单几何体,solid-geometry,fill-in,Core,4,hjb-high-compulsory-3-simple-solids,hjb-high-compulsory-3-midterm-chapters-10-11|hjb-high-compulsory-3-space-vector-midterm-bridge|pep-high-exam-space-vectors-geometry
S5,必修 第三册,简单几何体,简单几何体,solid-geometry,short-answer,Challenge,4,hjb-high-compulsory-3-simple-solids,hjb-high-compulsory-3-midterm-chapters-10-11|hjb-high-compulsory-3-space-vector-midterm-bridge|pep-high-exam-space-vectors-geometry
S5,必修 第三册,简单几何体,简单几何体,solid-geometry,multiple-choice,Foundation,4,hjb-high-compulsory-3-simple-solids,hjb-high-compulsory-3-midterm-chapters-10-11|hjb-high-compulsory-3-space-vector-midterm-bridge|pep-high-exam-space-vectors-geometry
S5,必修 第三册,统计,统计,sampling,multiple-choice,Challenge,10,hjb-high-compulsory-3-statistics,hjb-high-compulsory-3-statistics-unit-core|hjb-high-compulsory-3-final-full-volume-peiyou|pep-high-exam-probability-statistics
S5,必修 第三册,统计,统计,sampling,fill-in,Foundation,9,hjb-high-compulsory-3-statistics,hjb-high-compulsory-3-statistics-unit-core|hjb-high-compulsory-3-final-full-volume-peiyou|pep-high-exam-probability-statistics
S5,必修 第三册,统计,统计,sampling,short-answer,Exam,3,hjb-high-compulsory-3-statistics,hjb-high-compulsory-3-statistics-unit-core|hjb-high-compulsory-3-final-full-volume-peiyou|pep-high-exam-probability-statistics
S5,必修 第三册,统计,统计,sampling,multiple-choice,Core,3,hjb-high-compulsory-3-statistics,hjb-high-compulsory-3-statistics-unit-core|hjb-high-compulsory-3-final-full-volume-peiyou|pep-high-exam-probability-statistics
S5,必修 第三册,统计,统计,sampling,fill-in,Challenge,3,hjb-high-compulsory-3-statistics,hjb-high-compulsory-3-statistics-unit-core|hjb-high-compulsory-3-final-full-volume-peiyou|pep-high-exam-probability-statistics
S5,必修 第三册,统计,统计,sampling,short-answer,Foundation,3,hjb-high-compulsory-3-statistics,hjb-high-compulsory-3-statistics-unit-core|hjb-high-compulsory-3-final-full-volume-peiyou|pep-high-exam-probability-statistics
S5,必修 第三册,统计,统计,sampling,multiple-choice,Exam,3,hjb-high-compulsory-3-statistics,hjb-high-compulsory-3-statistics-unit-core|hjb-high-compulsory-3-final-full-volume-peiyou|pep-high-exam-probability-statistics
S5,必修 第三册,统计,统计,sampling,fill-in,Core,3,hjb-high-compulsory-3-statistics,hjb-high-compulsory-3-statistics-unit-core|hjb-high-compulsory-3-final-full-volume-peiyou|pep-high-exam-probability-statistics
S5,必修 第三册,统计,统计,sampling,short-answer,Challenge,3,hjb-high-compulsory-3-statistics,hjb-high-compulsory-3-statistics-unit-core|hjb-high-compulsory-3-final-full-volume-peiyou|pep-high-exam-probability-statistics
S5,必修 第三册,统计,统计,sampling,multiple-choice,Foundation,3,hjb-high-compulsory-3-statistics,hjb-high-compulsory-3-statistics-unit-core|hjb-high-compulsory-3-final-full-volume-peiyou|pep-high-exam-probability-statistics
S5,必修 第三册,统计,统计,sampling,fill-in,Exam,3,hjb-high-compulsory-3-statistics,hjb-high-compulsory-3-statistics-unit-core|hjb-high-compulsory-3-final-full-volume-peiyou|pep-high-exam-probability-statistics
S5,必修 第三册,统计,统计,sampling,short-answer,Core,9,hjb-high-compulsory-3-statistics,hjb-high-compulsory-3-statistics-unit-core|hjb-high-compulsory-3-final-full-volume-peiyou|pep-high-exam-probability-statistics
S5,选择性必修 第一册,圆锥曲线,圆锥曲线,circle-equations,short-answer,Core,24,hjb-high-selective-1-conics,hjb-high-selective-1-conics-unit-core|hjb-high-selective-1-lines-conics-synthesis|pep-high-exam-conics-analytic-geometry
S5,选择性必修 第一册,圆锥曲线,圆锥曲线,circle-equations,multiple-choice,Challenge,23,hjb-high-selective-1-conics,hjb-high-selective-1-conics-unit-core|hjb-high-selective-1-lines-conics-synthesis|pep-high-exam-conics-analytic-geometry
S5,选择性必修 第一册,圆锥曲线,圆锥曲线,circle-equations,fill-in,Foundation,23,hjb-high-selective-1-conics,hjb-high-selective-1-conics-unit-core|hjb-high-selective-1-lines-conics-synthesis|pep-high-exam-conics-analytic-geometry
S5,选择性必修 第一册,平面直角坐标系中的直线,平面直角坐标系中的直线,analytic-geometry,fill-in,Foundation,24,hjb-high-selective-1-lines,hjb-high-selective-1-lines-unit-core|hjb-high-selective-1-lines-unit-challenge|pep-high-exam-analytic-lines-circles
S5,选择性必修 第一册,平面直角坐标系中的直线,平面直角坐标系中的直线,analytic-geometry,short-answer,Core,23,hjb-high-selective-1-lines,hjb-high-selective-1-lines-unit-core|hjb-high-selective-1-lines-unit-challenge|pep-high-exam-analytic-lines-circles
S5,选择性必修 第一册,平面直角坐标系中的直线,平面直角坐标系中的直线,analytic-geometry,multiple-choice,Challenge,23,hjb-high-selective-1-lines,hjb-high-selective-1-lines-unit-core|hjb-high-selective-1-lines-unit-challenge|pep-high-exam-analytic-lines-circles
S5,选择性必修 第一册,数列,数列,sequences,fill-in,Core,23,hjb-high-selective-1-sequences,hjb-high-selective-1-sequences-unit-core|hjb-high-selective-1-sequences-unit-challenge|pep-high-exam-sequences-recursion
S5,选择性必修 第一册,数列,数列,sequences,multiple-choice,Core,47,hjb-high-selective-1-sequences,hjb-high-selective-1-sequences-unit-core|hjb-high-selective-1-sequences-unit-challenge|pep-high-exam-sequences-recursion
S5,选择性必修 第一册,空间向量及其应用,空间向量及其应用,space-vectors,multiple-choice,Challenge,14,hjb-high-selective-1-space-vectors,hjb-high-selective-1-space-vectors-synthesis|hjb-high-selective-1-space-vectors-unit-core|pep-high-exam-space-vectors-geometry
S5,选择性必修 第一册,空间向量及其应用,空间向量及其应用,space-vectors,fill-in,Foundation,14,hjb-high-selective-1-space-vectors,hjb-high-selective-1-space-vectors-synthesis|hjb-high-selective-1-space-vectors-unit-core|pep-high-exam-space-vectors-geometry
S5,选择性必修 第一册,空间向量及其应用,空间向量及其应用,space-vectors,short-answer,Core,5,hjb-high-selective-1-space-vectors,hjb-high-selective-1-space-vectors-synthesis|hjb-high-selective-1-space-vectors-unit-core|pep-high-exam-space-vectors-geometry
S5,选择性必修 第一册,空间向量及其应用,空间向量及其应用,space-vectors,multiple-choice,Core,11,hjb-high-selective-1-space-vectors,hjb-high-selective-1-space-vectors-synthesis|hjb-high-selective-1-space-vectors-unit-core|pep-high-exam-space-vectors-geometry
S5,选择性必修 第一册,空间向量及其应用,空间向量及其应用,space-vectors,fill-in,Challenge,8,hjb-high-selective-1-space-vectors,hjb-high-selective-1-space-vectors-synthesis|hjb-high-selective-1-space-vectors-unit-core|pep-high-exam-space-vectors-geometry
S5,选择性必修 第一册,空间向量及其应用,空间向量及其应用,space-vectors,multiple-choice,Foundation,8,hjb-high-selective-1-space-vectors,hjb-high-selective-1-space-vectors-synthesis|hjb-high-selective-1-space-vectors-unit-core|pep-high-exam-space-vectors-geometry
S5,选择性必修 第一册,空间向量及其应用,空间向量及其应用,space-vectors,fill-in,Core,10,hjb-high-selective-1-space-vectors,hjb-high-selective-1-space-vectors-synthesis|hjb-high-selective-1-space-vectors-unit-core|pep-high-exam-space-vectors-geometry
S6,跨册综合复习,跨册综合：三角向量解析几何,三角、向量与解析几何综合,trigonometric-functions,fill-in,Challenge,1,hjb-high-compulsory-2-trigonometric-functions|hjb-high-compulsory-2-plane-vectors|hjb-high-selective-1-lines,hjb-high-compulsory-2-trig-functions-unit-core|hjb-high-compulsory-2-plane-vectors-unit-core|pep-high-exam-trigonometric-graphs
S6,跨册综合复习,跨册综合：三角向量解析几何,三角、向量与解析几何综合,trigonometric-functions,multiple-choice,Foundation,1,hjb-high-compulsory-2-trigonometric-functions|hjb-high-compulsory-2-plane-vectors|hjb-high-selective-1-lines,hjb-high-compulsory-2-trig-functions-unit-core|hjb-high-compulsory-2-plane-vectors-unit-core|pep-high-exam-trigonometric-graphs
S6,跨册综合复习,跨册综合：三角向量解析几何,三角、向量与解析几何综合,trigonometric-functions,fill-in,Core,8,hjb-high-compulsory-2-trigonometric-functions|hjb-high-compulsory-2-plane-vectors|hjb-high-selective-1-lines,hjb-high-compulsory-2-trig-functions-unit-core|hjb-high-compulsory-2-plane-vectors-unit-core|pep-high-exam-trigonometric-graphs
S6,跨册综合复习,跨册综合：三角向量解析几何,三角、向量与解析几何综合,trigonometric-functions,multiple-choice,Challenge,1,hjb-high-compulsory-2-trigonometric-functions|hjb-high-compulsory-2-plane-vectors|hjb-high-selective-1-lines,hjb-high-compulsory-2-trig-functions-unit-core|hjb-high-compulsory-2-plane-vectors-unit-core|pep-high-exam-trigonometric-graphs
S6,跨册综合复习,跨册综合：三角向量解析几何,三角、向量与解析几何综合,trigonometric-functions,fill-in,Foundation,1,hjb-high-compulsory-2-trigonometric-functions|hjb-high-compulsory-2-plane-vectors|hjb-high-selective-1-lines,hjb-high-compulsory-2-trig-functions-unit-core|hjb-high-compulsory-2-plane-vectors-unit-core|pep-high-exam-trigonometric-graphs
S6,跨册综合复习,跨册综合：三角向量解析几何,三角、向量与解析几何综合,trigonometric-functions,multiple-choice,Core,8,hjb-high-compulsory-2-trigonometric-functions|hjb-high-compulsory-2-plane-vectors|hjb-high-selective-1-lines,hjb-high-compulsory-2-trig-functions-unit-core|hjb-high-compulsory-2-plane-vectors-unit-core|pep-high-exam-trigonometric-graphs
S6,跨册综合复习,跨册综合：函数与导数,函数、导数与不等式综合,function-definition,fill-in,Foundation,4,hjb-high-compulsory-1-function-concepts-applications|hjb-high-selective-2-derivatives,hjb-high-compulsory-1-function-concepts-applications-topic-review|hjb-high-compulsory-1-function-concepts-applications-unit-core|pep-high-exam-functions-parameters
S6,跨册综合复习,跨册综合：函数与导数,函数、导数与不等式综合,function-definition,multiple-choice,Core,4,hjb-high-compulsory-1-function-concepts-applications|hjb-high-selective-2-derivatives,hjb-high-compulsory-1-function-concepts-applications-topic-review|hjb-high-compulsory-1-function-concepts-applications-unit-core|pep-high-exam-functions-parameters
S6,跨册综合复习,跨册综合：函数与导数,函数、导数与不等式综合,function-definition,fill-in,Challenge,3,hjb-high-compulsory-1-function-concepts-applications|hjb-high-selective-2-derivatives,hjb-high-compulsory-1-function-concepts-applications-topic-review|hjb-high-compulsory-1-function-concepts-applications-unit-core|pep-high-exam-functions-parameters
S6,跨册综合复习,跨册综合：函数与导数,函数、导数与不等式综合,function-definition,multiple-choice,Foundation,3,hjb-high-compulsory-1-function-concepts-applications|hjb-high-selective-2-derivatives,hjb-high-compulsory-1-function-concepts-applications-topic-review|hjb-high-compulsory-1-function-concepts-applications-unit-core|pep-high-exam-functions-parameters
S6,跨册综合复习,跨册综合：函数与导数,函数、导数与不等式综合,function-definition,fill-in,Core,3,hjb-high-compulsory-1-function-concepts-applications|hjb-high-selective-2-derivatives,hjb-high-compulsory-1-function-concepts-applications-topic-review|hjb-high-compulsory-1-function-concepts-applications-unit-core|pep-high-exam-functions-parameters
S6,跨册综合复习,跨册综合：函数与导数,函数、导数与不等式综合,function-definition,multiple-choice,Challenge,3,hjb-high-compulsory-1-function-concepts-applications|hjb-high-selective-2-derivatives,hjb-high-compulsory-1-function-concepts-applications-topic-review|hjb-high-compulsory-1-function-concepts-applications-unit-core|pep-high-exam-functions-parameters
S6,跨册综合复习,跨册综合：数列与计数,数列与计数综合,sequences,multiple-choice,Core,20,hjb-high-selective-1-sequences|hjb-high-selective-2-counting-principles,hjb-high-selective-1-sequences-unit-core|hjb-high-selective-2-counting-unit-challenge|pep-high-exam-sequences-recursion
S6,跨册综合复习,跨册综合：概率统计,概率统计综合,probability-foundations,fill-in,Core,8,hjb-high-compulsory-3-probability-foundations|hjb-high-compulsory-3-statistics|hjb-high-selective-2-probability-continuation|hjb-high-selective-2-bivariate-data,hjb-high-compulsory-3-probability-foundations-unit-core|hjb-high-compulsory-3-statistics-unit-core|pep-high-exam-probability-statistics
S6,跨册综合复习,跨册综合：概率统计,概率统计综合,probability-foundations,multiple-choice,Core,12,hjb-high-compulsory-3-probability-foundations|hjb-high-compulsory-3-statistics|hjb-high-selective-2-probability-continuation|hjb-high-selective-2-bivariate-data,hjb-high-compulsory-3-probability-foundations-unit-core|hjb-high-compulsory-3-statistics-unit-core|pep-high-exam-probability-statistics
S6,跨册综合复习,跨册综合：立体几何与空间向量,立体几何与空间向量综合,solid-geometry,fill-in,Core,10,hjb-high-compulsory-3-spatial-lines-planes|hjb-high-selective-1-space-vectors,hjb-high-selective-1-space-vectors-synthesis|hjb-high-compulsory-3-spatial-lines-planes-unit-core|pep-high-exam-space-vectors-geometry
S6,跨册综合复习,跨册综合：立体几何与空间向量,立体几何与空间向量综合,solid-geometry,multiple-choice,Core,10,hjb-high-compulsory-3-spatial-lines-planes|hjb-high-selective-1-space-vectors,hjb-high-selective-1-space-vectors-synthesis|hjb-high-compulsory-3-spatial-lines-planes-unit-core|pep-high-exam-space-vectors-geometry
S6,选择性必修 第一册复习,圆锥曲线,圆锥曲线综合复习,circle-equations,short-answer,Core,9,hjb-high-selective-1-conics,hjb-high-selective-1-lines-conics-synthesis|hjb-high-selective-2-conics-topic-review-bridge|pep-high-exam-conics-analytic-geometry
S6,选择性必修 第一册复习,圆锥曲线,圆锥曲线综合复习,circle-equations,multiple-choice,Challenge,8,hjb-high-selective-1-conics,hjb-high-selective-1-lines-conics-synthesis|hjb-high-selective-2-conics-topic-review-bridge|pep-high-exam-conics-analytic-geometry
S6,选择性必修 第一册复习,圆锥曲线,圆锥曲线综合复习,circle-equations,fill-in,Foundation,8,hjb-high-selective-1-conics,hjb-high-selective-1-lines-conics-synthesis|hjb-high-selective-2-conics-topic-review-bridge|pep-high-exam-conics-analytic-geometry
S6,选择性必修 第一册复习,平面直角坐标系中的直线,解析几何直线综合复习,analytic-geometry,fill-in,Foundation,9,hjb-high-selective-1-lines,hjb-high-selective-1-lines-unit-core|hjb-high-selective-1-lines-unit-challenge|pep-high-exam-analytic-lines-circles
S6,选择性必修 第一册复习,平面直角坐标系中的直线,解析几何直线综合复习,analytic-geometry,short-answer,Core,8,hjb-high-selective-1-lines,hjb-high-selective-1-lines-unit-core|hjb-high-selective-1-lines-unit-challenge|pep-high-exam-analytic-lines-circles
S6,选择性必修 第一册复习,平面直角坐标系中的直线,解析几何直线综合复习,analytic-geometry,multiple-choice,Challenge,8,hjb-high-selective-1-lines,hjb-high-selective-1-lines-unit-core|hjb-high-selective-1-lines-unit-challenge|pep-high-exam-analytic-lines-circles
S6,选择性必修 第一册复习,数列,数列综合复习,sequences,multiple-choice,Challenge,9,hjb-high-selective-1-sequences,hjb-high-selective-1-sequences-unit-core|hjb-high-selective-1-sequences-unit-challenge|pep-high-exam-sequences-recursion
S6,选择性必修 第一册复习,数列,数列综合复习,sequences,fill-in,Foundation,8,hjb-high-selective-1-sequences,hjb-high-selective-1-sequences-unit-core|hjb-high-selective-1-sequences-unit-challenge|pep-high-exam-sequences-recursion
S6,选择性必修 第一册复习,数列,数列综合复习,sequences,short-answer,Core,8,hjb-high-selective-1-sequences,hjb-high-selective-1-sequences-unit-core|hjb-high-selective-1-sequences-unit-challenge|pep-high-exam-sequences-recursion
S6,选择性必修 第一册复习,空间向量及其应用,空间向量综合复习,space-vectors,multiple-choice,Challenge,5,hjb-high-selective-1-space-vectors,hjb-high-selective-1-space-vectors-synthesis|hjb-high-selective-1-space-vectors-unit-core|pep-high-exam-space-vectors-geometry
S6,选择性必修 第一册复习,空间向量及其应用,空间向量综合复习,space-vectors,fill-in,Foundation,4,hjb-high-selective-1-space-vectors,hjb-high-selective-1-space-vectors-synthesis|hjb-high-selective-1-space-vectors-unit-core|pep-high-exam-space-vectors-geometry
S6,选择性必修 第一册复习,空间向量及其应用,空间向量综合复习,space-vectors,multiple-choice,Core,4,hjb-high-selective-1-space-vectors,hjb-high-selective-1-space-vectors-synthesis|hjb-high-selective-1-space-vectors-unit-core|pep-high-exam-space-vectors-geometry
S6,选择性必修 第一册复习,空间向量及其应用,空间向量综合复习,space-vectors,fill-in,Challenge,4,hjb-high-selective-1-space-vectors,hjb-high-selective-1-space-vectors-synthesis|hjb-high-selective-1-space-vectors-unit-core|pep-high-exam-space-vectors-geometry
S6,选择性必修 第一册复习,空间向量及其应用,空间向量综合复习,space-vectors,multiple-choice,Foundation,4,hjb-high-selective-1-space-vectors,hjb-high-selective-1-space-vectors-synthesis|hjb-high-selective-1-space-vectors-unit-core|pep-high-exam-space-vectors-geometry
S6,选择性必修 第一册复习,空间向量及其应用,空间向量综合复习,space-vectors,fill-in,Core,4,hjb-high-selective-1-space-vectors,hjb-high-selective-1-space-vectors-synthesis|hjb-high-selective-1-space-vectors-unit-core|pep-high-exam-space-vectors-geometry
S6,选择性必修 第二册,导数及其运用,导数及其运用,derivatives,multiple-choice,Core,7,hjb-high-selective-2-derivatives,hjb-high-selective-2-derivatives-unit-challenge|hjb-high-selective-2-derivatives-midterm-bridge|pep-high-exam-derivatives-optimization
S6,选择性必修 第二册,导数及其运用,导数及其运用,derivatives,fill-in,Challenge,7,hjb-high-selective-2-derivatives,hjb-high-selective-2-derivatives-unit-challenge|hjb-high-selective-2-derivatives-midterm-bridge|pep-high-exam-derivatives-optimization
S6,选择性必修 第二册,导数及其运用,导数及其运用,derivatives,short-answer,Foundation,7,hjb-high-selective-2-derivatives,hjb-high-selective-2-derivatives-unit-challenge|hjb-high-selective-2-derivatives-midterm-bridge|pep-high-exam-derivatives-optimization
S6,选择性必修 第二册,导数及其运用,导数及其运用,derivatives,multiple-choice,Exam,6,hjb-high-selective-2-derivatives,hjb-high-selective-2-derivatives-unit-challenge|hjb-high-selective-2-derivatives-midterm-bridge|pep-high-exam-derivatives-optimization
S6,选择性必修 第二册,导数及其运用,导数及其运用,derivatives,fill-in,Core,6,hjb-high-selective-2-derivatives,hjb-high-selective-2-derivatives-unit-challenge|hjb-high-selective-2-derivatives-midterm-bridge|pep-high-exam-derivatives-optimization
S6,选择性必修 第二册,导数及其运用,导数及其运用,derivatives,short-answer,Challenge,6,hjb-high-selective-2-derivatives,hjb-high-selective-2-derivatives-unit-challenge|hjb-high-selective-2-derivatives-midterm-bridge|pep-high-exam-derivatives-optimization
S6,选择性必修 第二册,导数及其运用,导数及其运用,derivatives,multiple-choice,Foundation,6,hjb-high-selective-2-derivatives,hjb-high-selective-2-derivatives-unit-challenge|hjb-high-selective-2-derivatives-midterm-bridge|pep-high-exam-derivatives-optimization
S6,选择性必修 第二册,导数及其运用,导数及其运用,derivatives,fill-in,Exam,6,hjb-high-selective-2-derivatives,hjb-high-selective-2-derivatives-unit-challenge|hjb-high-selective-2-derivatives-midterm-bridge|pep-high-exam-derivatives-optimization
S6,选择性必修 第二册,导数及其运用,导数及其运用,derivatives,short-answer,Core,6,hjb-high-selective-2-derivatives,hjb-high-selective-2-derivatives-unit-challenge|hjb-high-selective-2-derivatives-midterm-bridge|pep-high-exam-derivatives-optimization
S6,选择性必修 第二册,导数及其运用,导数及其运用,derivatives,multiple-choice,Challenge,6,hjb-high-selective-2-derivatives,hjb-high-selective-2-derivatives-unit-challenge|hjb-high-selective-2-derivatives-midterm-bridge|pep-high-exam-derivatives-optimization
S6,选择性必修 第二册,导数及其运用,导数及其运用,derivatives,fill-in,Foundation,6,hjb-high-selective-2-derivatives,hjb-high-selective-2-derivatives-unit-challenge|hjb-high-selective-2-derivatives-midterm-bridge|pep-high-exam-derivatives-optimization
S6,选择性必修 第二册,导数及其运用,导数及其运用,derivatives,short-answer,Exam,6,hjb-high-selective-2-derivatives,hjb-high-selective-2-derivatives-unit-challenge|hjb-high-selective-2-derivatives-midterm-bridge|pep-high-exam-derivatives-optimization
S6,选择性必修 第二册,成对数据的统计分析,成对数据的统计分析,bivariate-data,multiple-choice,Challenge,25,hjb-high-selective-2-bivariate-data,hjb-high-selective-2-bivariate-data-unit-core|hjb-high-selective-2-bivariate-data-unit-challenge|pep-high-exam-bivariate-data
S6,选择性必修 第二册,成对数据的统计分析,成对数据的统计分析,bivariate-data,fill-in,Foundation,25,hjb-high-selective-2-bivariate-data,hjb-high-selective-2-bivariate-data-unit-core|hjb-high-selective-2-bivariate-data-unit-challenge|pep-high-exam-bivariate-data
S6,选择性必修 第二册,成对数据的统计分析,成对数据的统计分析,bivariate-data,short-answer,Core,25,hjb-high-selective-2-bivariate-data,hjb-high-selective-2-bivariate-data-unit-core|hjb-high-selective-2-bivariate-data-unit-challenge|pep-high-exam-bivariate-data
S6,选择性必修 第二册,概率初步续,概率初步续,conditional-probability,multiple-choice,Foundation,5,hjb-high-selective-2-probability-continuation,hjb-high-selective-2-probability-continuation-unit-challenge|hjb-high-selective-2-probability-continuation-unit-core|pep-high-exam-conditional-probability-models
S6,选择性必修 第二册,概率初步续,概率初步续,conditional-probability,fill-in,Exam,5,hjb-high-selective-2-probability-continuation,hjb-high-selective-2-probability-continuation-unit-challenge|hjb-high-selective-2-probability-continuation-unit-core|pep-high-exam-conditional-probability-models
S6,选择性必修 第二册,概率初步续,概率初步续,conditional-probability,short-answer,Core,13,hjb-high-selective-2-probability-continuation,hjb-high-selective-2-probability-continuation-unit-challenge|hjb-high-selective-2-probability-continuation-unit-core|pep-high-exam-conditional-probability-models
S6,选择性必修 第二册,概率初步续,概率初步续,conditional-probability,multiple-choice,Challenge,12,hjb-high-selective-2-probability-continuation,hjb-high-selective-2-probability-continuation-unit-challenge|hjb-high-selective-2-probability-continuation-unit-core|pep-high-exam-conditional-probability-models
S6,选择性必修 第二册,概率初步续,概率初步续,conditional-probability,fill-in,Foundation,12,hjb-high-selective-2-probability-continuation,hjb-high-selective-2-probability-continuation-unit-challenge|hjb-high-selective-2-probability-continuation-unit-core|pep-high-exam-conditional-probability-models
S6,选择性必修 第二册,概率初步续,概率初步续,conditional-probability,short-answer,Exam,4,hjb-high-selective-2-probability-continuation,hjb-high-selective-2-probability-continuation-unit-challenge|hjb-high-selective-2-probability-continuation-unit-core|pep-high-exam-conditional-probability-models
S6,选择性必修 第二册,概率初步续,概率初步续,conditional-probability,multiple-choice,Core,4,hjb-high-selective-2-probability-continuation,hjb-high-selective-2-probability-continuation-unit-challenge|hjb-high-selective-2-probability-continuation-unit-core|pep-high-exam-conditional-probability-models
S6,选择性必修 第二册,概率初步续,概率初步续,conditional-probability,fill-in,Challenge,4,hjb-high-selective-2-probability-continuation,hjb-high-selective-2-probability-continuation-unit-challenge|hjb-high-selective-2-probability-continuation-unit-core|pep-high-exam-conditional-probability-models
S6,选择性必修 第二册,概率初步续,概率初步续,conditional-probability,short-answer,Foundation,4,hjb-high-selective-2-probability-continuation,hjb-high-selective-2-probability-continuation-unit-challenge|hjb-high-selective-2-probability-continuation-unit-core|pep-high-exam-conditional-probability-models
S6,选择性必修 第二册,概率初步续,概率初步续,conditional-probability,multiple-choice,Exam,4,hjb-high-selective-2-probability-continuation,hjb-high-selective-2-probability-continuation-unit-challenge|hjb-high-selective-2-probability-continuation-unit-core|pep-high-exam-conditional-probability-models
S6,选择性必修 第二册,概率初步续,概率初步续,conditional-probability,fill-in,Core,4,hjb-high-selective-2-probability-continuation,hjb-high-selective-2-probability-continuation-unit-challenge|hjb-high-selective-2-probability-continuation-unit-core|pep-high-exam-conditional-probability-models
S6,选择性必修 第二册,概率初步续,概率初步续,conditional-probability,short-answer,Challenge,4,hjb-high-selective-2-probability-continuation,hjb-high-selective-2-probability-continuation-unit-challenge|hjb-high-selective-2-probability-continuation-unit-core|pep-high-exam-conditional-probability-models
S6,选择性必修 第二册,计数原理,计数原理,counting-principles,multiple-choice,Exam,7,hjb-high-selective-2-counting-principles,hjb-high-selective-2-counting-unit-challenge|hjb-high-selective-2-counting-unit-core|pep-high-exam-counting-method-taxonomy
S6,选择性必修 第二册,计数原理,计数原理,counting-principles,fill-in,Core,7,hjb-high-selective-2-counting-principles,hjb-high-selective-2-counting-unit-challenge|hjb-high-selective-2-counting-unit-core|pep-high-exam-counting-method-taxonomy
S6,选择性必修 第二册,计数原理,计数原理,counting-principles,short-answer,Challenge,7,hjb-high-selective-2-counting-principles,hjb-high-selective-2-counting-unit-challenge|hjb-high-selective-2-counting-unit-core|pep-high-exam-counting-method-taxonomy
S6,选择性必修 第二册,计数原理,计数原理,counting-principles,multiple-choice,Foundation,6,hjb-high-selective-2-counting-principles,hjb-high-selective-2-counting-unit-challenge|hjb-high-selective-2-counting-unit-core|pep-high-exam-counting-method-taxonomy
S6,选择性必修 第二册,计数原理,计数原理,counting-principles,fill-in,Exam,6,hjb-high-selective-2-counting-principles,hjb-high-selective-2-counting-unit-challenge|hjb-high-selective-2-counting-unit-core|pep-high-exam-counting-method-taxonomy
S6,选择性必修 第二册,计数原理,计数原理,counting-principles,short-answer,Core,6,hjb-high-selective-2-counting-principles,hjb-high-selective-2-counting-unit-challenge|hjb-high-selective-2-counting-unit-core|pep-high-exam-counting-method-taxonomy
S6,选择性必修 第二册,计数原理,计数原理,counting-principles,multiple-choice,Challenge,6,hjb-high-selective-2-counting-principles,hjb-high-selective-2-counting-unit-challenge|hjb-high-selective-2-counting-unit-core|pep-high-exam-counting-method-taxonomy
S6,选择性必修 第二册,计数原理,计数原理,counting-principles,fill-in,Foundation,6,hjb-high-selective-2-counting-principles,hjb-high-selective-2-counting-unit-challenge|hjb-high-selective-2-counting-unit-core|pep-high-exam-counting-method-taxonomy
S6,选择性必修 第二册,计数原理,计数原理,counting-principles,short-answer,Exam,6,hjb-high-selective-2-counting-principles,hjb-high-selective-2-counting-unit-challenge|hjb-high-selective-2-counting-unit-core|pep-high-exam-counting-method-taxonomy
S6,选择性必修 第二册,计数原理,计数原理,counting-principles,multiple-choice,Core,6,hjb-high-selective-2-counting-principles,hjb-high-selective-2-counting-unit-challenge|hjb-high-selective-2-counting-unit-core|pep-high-exam-counting-method-taxonomy
S6,选择性必修 第二册,计数原理,计数原理,counting-principles,fill-in,Challenge,6,hjb-high-selective-2-counting-principles,hjb-high-selective-2-counting-unit-challenge|hjb-high-selective-2-counting-unit-core|pep-high-exam-counting-method-taxonomy
S6,选择性必修 第二册,计数原理,计数原理,counting-principles,short-answer,Foundation,6,hjb-high-selective-2-counting-principles,hjb-high-selective-2-counting-unit-challenge|hjb-high-selective-2-counting-unit-core|pep-high-exam-counting-method-taxonomy
