"id","reviewDecision","mathQaStatus","terminologyQaStatus","sourceDistanceStatus","reviewerNotes"
"bnu-high-ds-v1-s4-001","approved","pass","pass","passed-auto-source-scan","S18 approved deterministic remediation; source-distant generated item with checked answer and explanation."
"bnu-high-ds-v1-s4-002","approved","pass","pass","passed-auto-source-scan","S18 approved deterministic remediation; source-distant generated item with checked answer and explanation."
"bnu-high-ds-v1-s4-003","approved","pass","pass","passed-auto-source-scan","S18 approved deterministic remediation; source-distant generated item with checked answer and explanation."
"bnu-high-ds-v1-s4-004","approved","pass","pass","passed-auto-source-scan","S18 approved deterministic remediation; source-distant generated item with checked answer and explanation."
"bnu-high-ds-v1-s4-005","approved","pass","pass","passed-auto-source-scan","S18 approved deterministic remediation; source-distant generated item with checked answer and explanation."
"bnu-high-ds-v1-s4-006","approved","pass","pass","passed-auto-source-scan","S18 approved deterministic remediation; source-distant generated item with checked answer and explanation."
"bnu-high-ds-v1-s4-007","approved","pass","pass","passed-auto-source-scan","S18 approved deterministic remediation; source-distant generated item with checked answer and explanation."
"bnu-high-ds-v1-s4-008","approved","pass","pass","passed-auto-source-scan","S18 approved deterministic remediation; source-distant generated item with checked answer and explanation."
"bnu-high-ds-v1-s4-009","approved","pass","pass","passed-auto-source-scan","S18 approved deterministic remediation; source-distant generated item with checked answer and explanation."
"bnu-high-ds-v1-s4-010","approved","pass","pass","passed-auto-source-scan","S18 approved deterministic remediation; source-distant generated item with checked answer and explanation."
"bnu-high-ds-v1-s4-011","approved","pass","pass","passed-auto-source-scan","S18 approved deterministic remediation; source-distant generated item with checked answer and explanation."
"bnu-high-ds-v1-s4-012","approved","pass","pass","passed-auto-source-scan","S18 approved deterministic remediation; source-distant generated item with checked answer and explanation."
"bnu-high-ds-v1-s4-013","approved","pass","pass","passed-auto-source-scan","S18 approved deterministic remediation; source-distant generated item with checked answer and explanation."
"bnu-high-ds-v1-s4-014","approved","pass","pass","passed-auto-source-scan","S18 approved deterministic remediation; source-distant generated item with checked answer and explanation."
"bnu-high-ds-v1-s4-015","approved","pass","pass","passed-auto-source-scan","S18 approved deterministic remediation; source-distant generated item with checked answer and explanation."
"bnu-high-ds-v1-s4-016","approved","pass","pass","passed-auto-source-scan","S18 approved deterministic remediation; source-distant generated item with checked answer and explanation."
"bnu-high-ds-v1-s4-017","approved","pass","pass","passed-auto-source-scan","S18 approved deterministic remediation; source-distant generated item with checked answer and explanation."
"bnu-high-ds-v1-s4-018","approved","pass","pass","passed-auto-source-scan","S18 approved deterministic remediation; source-distant generated item with checked answer and explanation."
"bnu-high-ds-v1-s4-019","approved","pass","pass","passed-auto-source-scan","S18 approved deterministic remediation; source-distant generated item with checked answer and explanation."
"bnu-high-ds-v1-s4-020","approved","pass","pass","passed-auto-source-scan","S18 approved deterministic remediation; source-distant generated item with checked answer and explanation."
"bnu-high-ds-v1-s4-021","approved","pass","pass","passed-auto-source-scan","S18 approved deterministic remediation; source-distant generated item with checked answer and explanation."
"bnu-high-ds-v1-s4-022","approved","pass","pass","passed-auto-source-scan","S18 approved deterministic remediation; source-distant generated item with checked answer and explanation."
"bnu-high-ds-v1-s4-023","approved","pass","pass","passed-auto-source-scan","S18 approved deterministic remediation; source-distant generated item with checked answer and explanation."
"bnu-high-ds-v1-s4-024","approved","pass","pass","passed-auto-source-scan","S18 approved deterministic remediation; source-distant generated item with checked answer and explanation."
"bnu-high-ds-v1-s4-025","approved","pass","pass","passed-auto-source-scan","S18 approved deterministic remediation; source-distant generated item with checked answer and explanation."
"bnu-high-ds-v1-s4-026","approved","pass","pass","passed-auto-source-scan","S18 approved deterministic remediation; source-distant generated item with checked answer and explanation."
"bnu-high-ds-v1-s4-027","approved","pass","pass","passed-auto-source-scan","S18 approved deterministic remediation; source-distant generated item with checked answer and explanation."
"bnu-high-ds-v1-s4-028","approved","pass","pass","passed-auto-source-scan","S18 approved deterministic remediation; source-distant generated item with checked answer and explanation."
"bnu-high-ds-v1-s4-029","approved","pass","pass","passed-auto-source-scan","S18 approved deterministic remediation; source-distant generated item with checked answer and explanation."
"bnu-high-ds-v1-s4-030","approved","pass","pass","passed-auto-source-scan","S18 approved deterministic remediation; source-distant generated item with checked answer and explanation."
"bnu-high-ds-v1-s4-031","approved","pass","pass","passed-auto-source-scan","S18 approved deterministic remediation; source-distant generated item with checked answer and explanation."
"bnu-high-ds-v1-s4-032","approved","pass","pass","passed-auto-source-scan","S18 approved deterministic remediation; source-distant generated item with checked answer and explanation."
"bnu-high-ds-v1-s4-033","approved","pass","pass","passed-auto-source-scan","S18 approved deterministic remediation; source-distant generated item with checked answer and explanation."
"bnu-high-ds-v1-s4-034","approved","pass","pass","passed-auto-source-scan","S18 approved deterministic remediation; source-distant generated item with checked answer and explanation."
"bnu-high-ds-v1-s4-035","approved","pass","pass","passed-auto-source-scan","S18 approved deterministic remediation; source-distant generated item with checked answer and explanation."
"bnu-high-ds-v1-s4-036","approved","pass","pass","passed-auto-source-scan","S18 approved deterministic remediation; source-distant generated item with checked answer and explanation."
"bnu-high-ds-v1-s4-037","approved","pass","pass","passed-auto-source-scan","S18 approved deterministic remediation; source-distant generated item with checked answer and explanation."
"bnu-high-ds-v1-s4-038","approved","pass","pass","passed-auto-source-scan","S18 approved deterministic remediation; source-distant generated item with checked answer and explanation."
"bnu-high-ds-v1-s4-039","approved","pass","pass","passed-auto-source-scan","S18 approved deterministic remediation; source-distant generated item with checked answer and explanation."
"bnu-high-ds-v1-s4-040","approved","pass","pass","passed-auto-source-scan","S18 approved deterministic remediation; source-distant generated item with checked answer and explanation."
"bnu-high-ds-v1-s4-041","approved","pass","pass","passed-auto-source-scan","S18 approved deterministic remediation; source-distant generated item with checked answer and explanation."
"bnu-high-ds-v1-s4-042","approved","pass","pass","passed-auto-source-scan","S18 approved deterministic remediation; source-distant generated item with checked answer and explanation."
"bnu-high-ds-v1-s4-043","approved","pass","pass","passed-auto-source-scan","S18 approved deterministic remediation; source-distant generated item with checked answer and explanation."
"bnu-high-ds-v1-s4-044","approved","pass","pass","passed-auto-source-scan","S18 approved deterministic remediation; source-distant generated item with checked answer and explanation."
"bnu-high-ds-v1-s4-045","approved","pass","pass","passed-auto-source-scan","S18 approved deterministic remediation; source-distant generated item with checked answer and explanation."
"bnu-high-ds-v1-s4-046","approved","pass","pass","passed-auto-source-scan","S18 approved deterministic remediation; source-distant generated item with checked answer and explanation."
"bnu-high-ds-v1-s4-047","approved","pass","pass","passed-auto-source-scan","S18 approved deterministic remediation; source-distant generated item with checked answer and explanation."
"bnu-high-ds-v1-s4-048","approved","pass","pass","passed-auto-source-scan","S18 approved deterministic remediation; source-distant generated item with checked answer and explanation."
"bnu-high-ds-v1-s4-049","approved","pass","pass","passed-auto-source-scan","S18 approved deterministic remediation; source-distant generated item with checked answer and explanation."
"bnu-high-ds-v1-s4-050","approved","pass","pass","passed-auto-source-scan","S18 approved deterministic remediation; source-distant generated item with checked answer and explanation."
"bnu-high-ds-v1-s4-051","approved","pass","pass","passed-auto-source-scan","S18 approved deterministic remediation; source-distant generated item with checked answer and explanation."
"bnu-high-ds-v1-s4-052","approved","pass","pass","passed-auto-source-scan","S18 approved deterministic remediation; source-distant generated item with checked answer and explanation."
"bnu-high-ds-v1-s4-053","approved","pass","pass","passed-auto-source-scan","S18 approved deterministic remediation; source-distant generated item with checked answer and explanation."
"bnu-high-ds-v1-s4-054","approved","pass","pass","passed-auto-source-scan","S18 approved deterministic remediation; source-distant generated item with checked answer and explanation."
"bnu-high-ds-v1-s4-055","approved","pass","pass","passed-auto-source-scan","S18 approved deterministic remediation; source-distant generated item with checked answer and explanation."
"bnu-high-ds-v1-s4-056","approved","pass","pass","passed-auto-source-scan","S18 approved deterministic remediation; source-distant generated item with checked answer and explanation."
"bnu-high-ds-v1-s4-057","approved","pass","pass","passed-auto-source-scan","S18 approved deterministic remediation; source-distant generated item with checked answer and explanation."
"bnu-high-ds-v1-s4-058","approved","pass","pass","passed-auto-source-scan","S18 approved deterministic remediation; source-distant generated item with checked answer and explanation."
"bnu-high-ds-v1-s4-059","approved","pass","pass","passed-auto-source-scan","S18 approved deterministic remediation; source-distant generated item with checked answer and explanation."
"bnu-high-ds-v1-s4-060","approved","pass","pass","passed-auto-source-scan","S18 approved deterministic remediation; source-distant generated item with checked answer and explanation."
"bnu-high-ds-v1-s4-067","approved","pass","pass","passed-auto-source-scan","S18 approved deterministic remediation; source-distant generated item with checked answer and explanation."
"bnu-high-ds-v1-s4-077","approved","pass","pass","passed-auto-source-scan","S18 approved deterministic remediation; source-distant generated item with checked answer and explanation."
"bnu-high-ds-v1-s4-092","approved","pass","pass","passed-auto-source-scan","S18 approved deterministic remediation; source-distant generated item with checked answer and explanation."
"bnu-high-ds-v1-s4-094","approved","pass","pass","passed-auto-source-scan","S18 approved deterministic remediation; source-distant generated item with checked answer and explanation."
"bnu-high-ds-v1-s4-109","approved","pass","pass","passed-auto-source-scan","S18 approved deterministic remediation; source-distant generated item with checked answer and explanation."
"bnu-high-ds-v1-s4-112","approved","pass","pass","passed-auto-source-scan","S18 approved deterministic remediation; source-distant generated item with checked answer and explanation."
"bnu-high-ds-v1-s4-130","approved","pass","pass","passed-auto-source-scan","S18 approved deterministic remediation; source-distant generated item with checked answer and explanation."
"bnu-high-ds-v1-s4-133","approved","pass","pass","passed-auto-source-scan","S18 approved deterministic remediation; source-distant generated item with checked answer and explanation."
"bnu-high-ds-v1-s4-134","approved","pass","pass","passed-auto-source-scan","S18 approved deterministic remediation; source-distant generated item with checked answer and explanation."
"bnu-high-ds-v1-s4-147","approved","pass","pass","passed-auto-source-scan","S18 approved deterministic remediation; source-distant generated item with checked answer and explanation."
"bnu-high-ds-v1-s4-153","approved","pass","pass","passed-auto-source-scan","S18 approved deterministic remediation; source-distant generated item with checked answer and explanation."
"bnu-high-ds-v1-s4-155","approved","pass","pass","passed-auto-source-scan","S18 approved deterministic remediation; source-distant generated item with checked answer and explanation."
"bnu-high-ds-v1-s4-165","approved","pass","pass","passed-auto-source-scan","S18 approved deterministic remediation; source-distant generated item with checked answer and explanation."
"bnu-high-ds-v1-s4-173","approved","pass","pass","passed-auto-source-scan","S18 approved deterministic remediation; source-distant generated item with checked answer and explanation."
"bnu-high-ds-v1-s4-206","approved","pass","pass","passed-auto-source-scan","S18 approved deterministic remediation; source-distant generated item with checked answer and explanation."
"bnu-high-ds-v1-s4-216","approved","pass","pass","passed-auto-source-scan","S18 approved deterministic remediation; source-distant generated item with checked answer and explanation."
"bnu-high-ds-v1-s4-218","approved","pass","pass","passed-auto-source-scan","S18 approved deterministic remediation; source-distant generated item with checked answer and explanation."
"bnu-high-ds-v1-s4-231","approved","pass","pass","passed-auto-source-scan","S18 approved deterministic remediation; source-distant generated item with checked answer and explanation."
"bnu-high-ds-v1-s4-235","approved","pass","pass","passed-auto-source-scan","S18 approved deterministic remediation; source-distant generated item with checked answer and explanation."
"bnu-high-ds-v1-s4-245","approved","pass","pass","passed-auto-source-scan","S18 approved deterministic remediation; source-distant generated item with checked answer and explanation."
"bnu-high-ds-v1-s4-249","approved","pass","pass","passed-auto-source-scan","S18 approved deterministic remediation; source-distant generated item with checked answer and explanation."
"bnu-high-ds-v1-s4-253","approved","pass","pass","passed-auto-source-scan","S18 approved deterministic remediation; source-distant generated item with checked answer and explanation."
"bnu-high-ds-v1-s4-266","approved","pass","pass","passed-auto-source-scan","S18 approved deterministic remediation; source-distant generated item with checked answer and explanation."
"bnu-high-ds-v1-s4-271","approved","pass","pass","passed-auto-source-scan","S18 approved deterministic remediation; source-distant generated item with checked answer and explanation."
"bnu-high-ds-v1-s4-277","approved","pass","pass","passed-auto-source-scan","S18 approved deterministic remediation; source-distant generated item with checked answer and explanation."
"bnu-high-ds-v1-s4-283","approved","pass","pass","passed-auto-source-scan","S18 approved deterministic remediation; source-distant generated item with checked answer and explanation."
"bnu-high-ds-v1-s4-284","approved","pass","pass","passed-auto-source-scan","S18 approved deterministic remediation; source-distant generated item with checked answer and explanation."
"bnu-high-ds-v1-s4-287","approved","pass","pass","passed-auto-source-scan","S18 approved deterministic remediation; source-distant generated item with checked answer and explanation."
"bnu-high-ds-v1-s4-289","approved","pass","pass","passed-auto-source-scan","S18 approved deterministic remediation; source-distant generated item with checked answer and explanation."
"bnu-high-ds-v1-s4-290","approved","pass","pass","passed-auto-source-scan","S18 approved deterministic remediation; source-distant generated item with checked answer and explanation."
"bnu-high-ds-v1-s4-300","approved","pass","pass","passed-auto-source-scan","S18 approved deterministic remediation; source-distant generated item with checked answer and explanation."
"bnu-high-ds-v1-s4-302","approved","pass","pass","passed-auto-source-scan","S18 approved deterministic remediation; source-distant generated item with checked answer and explanation."
"bnu-high-ds-v1-s4-321","approved","pass","pass","passed-auto-source-scan","S18 approved deterministic remediation; source-distant generated item with checked answer and explanation."
"bnu-high-ds-v1-s4-322","approved","pass","pass","passed-auto-source-scan","S18 approved deterministic remediation; source-distant generated item with checked answer and explanation."
"bnu-high-ds-v1-s4-325","approved","pass","pass","passed-auto-source-scan","S18 approved deterministic remediation; source-distant generated item with checked answer and explanation."
"bnu-high-ds-v1-s4-329","approved","pass","pass","passed-auto-source-scan","S18 approved deterministic remediation; source-distant generated item with checked answer and explanation."
"bnu-high-ds-v1-s4-331","approved","pass","pass","passed-auto-source-scan","S18 approved deterministic remediation; source-distant generated item with checked answer and explanation."
"bnu-high-ds-v1-s4-334","approved","pass","pass","passed-auto-source-scan","S18 approved deterministic remediation; source-distant generated item with checked answer and explanation."
"bnu-high-ds-v1-s4-338","approved","pass","pass","passed-auto-source-scan","S18 approved deterministic remediation; source-distant generated item with checked answer and explanation."
"bnu-high-ds-v1-s4-340","approved","pass","pass","passed-auto-source-scan","S18 approved deterministic remediation; source-distant generated item with checked answer and explanation."
"bnu-high-ds-v1-s4-359","approved","pass","pass","passed-auto-source-scan","S18 approved deterministic remediation; source-distant generated item with checked answer and explanation."
"bnu-high-ds-v1-s4-368","approved","pass","pass","passed-auto-source-scan","S18 approved deterministic remediation; source-distant generated item with checked answer and explanation."
"bnu-high-ds-v1-s4-370","approved","pass","pass","passed-auto-source-scan","S18 approved deterministic remediation; source-distant generated item with checked answer and explanation."
"bnu-high-ds-v1-s4-371","approved","pass","pass","passed-auto-source-scan","S18 approved deterministic remediation; source-distant generated item with checked answer and explanation."
"bnu-high-ds-v1-s4-378","approved","pass","pass","passed-auto-source-scan","S18 approved deterministic remediation; source-distant generated item with checked answer and explanation."
"bnu-high-ds-v1-s4-379","approved","pass","pass","passed-auto-source-scan","S18 approved deterministic remediation; source-distant generated item with checked answer and explanation."
"bnu-high-ds-v1-s4-387","approved","pass","pass","passed-auto-source-scan","S18 approved deterministic remediation; source-distant generated item with checked answer and explanation."
"bnu-high-ds-v1-s4-388","approved","pass","pass","passed-auto-source-scan","S18 approved deterministic remediation; source-distant generated item with checked answer and explanation."
"bnu-high-ds-v1-s4-391","approved","pass","pass","passed-auto-source-scan","S18 approved deterministic remediation; source-distant generated item with checked answer and explanation."
"bnu-high-ds-v1-s4-392","approved","pass","pass","passed-auto-source-scan","S18 approved deterministic remediation; source-distant generated item with checked answer and explanation."
"bnu-high-ds-v1-s4-394","approved","pass","pass","passed-auto-source-scan","S18 approved deterministic remediation; source-distant generated item with checked answer and explanation."
"bnu-high-ds-v1-s4-401","approved","pass","pass","passed-auto-source-scan","S18 approved deterministic remediation; source-distant generated item with checked answer and explanation."
"bnu-high-ds-v1-s4-404","approved","pass","pass","passed-auto-source-scan","S18 approved deterministic remediation; source-distant generated item with checked answer and explanation."
"bnu-high-ds-v1-s4-408","approved","pass","pass","passed-auto-source-scan","S18 approved deterministic remediation; source-distant generated item with checked answer and explanation."
"bnu-high-ds-v1-s4-409","approved","pass","pass","passed-auto-source-scan","S18 approved deterministic remediation; source-distant generated item with checked answer and explanation."
"bnu-high-ds-v1-s4-411","approved","pass","pass","passed-auto-source-scan","S18 approved deterministic remediation; source-distant generated item with checked answer and explanation."
"bnu-high-ds-v1-s4-417","approved","pass","pass","passed-auto-source-scan","S18 approved deterministic remediation; source-distant generated item with checked answer and explanation."
"bnu-high-ds-v1-s4-423","approved","pass","pass","passed-auto-source-scan","S18 approved deterministic remediation; source-distant generated item with checked answer and explanation."
"bnu-high-ds-v1-s4-430","approved","pass","pass","passed-auto-source-scan","S18 approved deterministic remediation; source-distant generated item with checked answer and explanation."
"bnu-high-ds-v1-s4-449","approved","pass","pass","passed-auto-source-scan","S18 approved deterministic remediation; source-distant generated item with checked answer and explanation."
"bnu-high-ds-v1-s4-455","approved","pass","pass","passed-auto-source-scan","S18 approved deterministic remediation; source-distant generated item with checked answer and explanation."
"bnu-high-ds-v1-s4-458","approved","pass","pass","passed-auto-source-scan","S18 approved deterministic remediation; source-distant generated item with checked answer and explanation."
"bnu-high-ds-v1-s4-459","approved","pass","pass","passed-auto-source-scan","S18 approved deterministic remediation; source-distant generated item with checked answer and explanation."
"bnu-high-ds-v1-s4-469","approved","pass","pass","passed-auto-source-scan","S18 approved deterministic remediation; source-distant generated item with checked answer and explanation."
"bnu-high-ds-v1-s4-471","approved","pass","pass","passed-auto-source-scan","S18 approved deterministic remediation; source-distant generated item with checked answer and explanation."
"bnu-high-ds-v1-s4-475","approved","pass","pass","passed-auto-source-scan","S18 approved deterministic remediation; source-distant generated item with checked answer and explanation."
"bnu-high-ds-v1-s4-477","approved","pass","pass","passed-auto-source-scan","S18 approved deterministic remediation; source-distant generated item with checked answer and explanation."
"bnu-high-ds-v1-s4-485","approved","pass","pass","passed-auto-source-scan","S18 approved deterministic remediation; source-distant generated item with checked answer and explanation."
"bnu-high-ds-v1-s4-490","approved","pass","pass","passed-auto-source-scan","S18 approved deterministic remediation; source-distant generated item with checked answer and explanation."
"bnu-high-ds-v1-s4-495","approved","pass","pass","passed-auto-source-scan","S18 approved deterministic remediation; source-distant generated item with checked answer and explanation."
"bnu-high-ds-v1-s5-001","approved","pass","pass","passed-auto-source-scan","S18 approved deterministic remediation; source-distant generated item with checked answer and explanation."
"bnu-high-ds-v1-s5-002","approved","pass","pass","passed-auto-source-scan","S18 approved deterministic remediation; source-distant generated item with checked answer and explanation."
"bnu-high-ds-v1-s5-003","approved","pass","pass","passed-auto-source-scan","S18 approved deterministic remediation; source-distant generated item with checked answer and explanation."
"bnu-high-ds-v1-s5-004","approved","pass","pass","passed-auto-source-scan","S18 approved deterministic remediation; source-distant generated item with checked answer and explanation."
"bnu-high-ds-v1-s5-005","approved","pass","pass","passed-auto-source-scan","S18 approved deterministic remediation; source-distant generated item with checked answer and explanation."
"bnu-high-ds-v1-s5-006","approved","pass","pass","passed-auto-source-scan","S18 approved deterministic remediation; source-distant generated item with checked answer and explanation."
"bnu-high-ds-v1-s5-007","approved","pass","pass","passed-auto-source-scan","S18 approved deterministic remediation; source-distant generated item with checked answer and explanation."
"bnu-high-ds-v1-s5-008","approved","pass","pass","passed-auto-source-scan","S18 approved deterministic remediation; source-distant generated item with checked answer and explanation."
"bnu-high-ds-v1-s5-009","approved","pass","pass","passed-auto-source-scan","S18 approved deterministic remediation; source-distant generated item with checked answer and explanation."
"bnu-high-ds-v1-s5-010","approved","pass","pass","passed-auto-source-scan","S18 approved deterministic remediation; source-distant generated item with checked answer and explanation."
"bnu-high-ds-v1-s5-011","approved","pass","pass","passed-auto-source-scan","S18 approved deterministic remediation; source-distant generated item with checked answer and explanation."
"bnu-high-ds-v1-s5-012","approved","pass","pass","passed-auto-source-scan","S18 approved deterministic remediation; source-distant generated item with checked answer and explanation."
"bnu-high-ds-v1-s5-013","approved","pass","pass","passed-auto-source-scan","S18 approved deterministic remediation; source-distant generated item with checked answer and explanation."
"bnu-high-ds-v1-s5-014","approved","pass","pass","passed-auto-source-scan","S18 approved deterministic remediation; source-distant generated item with checked answer and explanation."
"bnu-high-ds-v1-s5-015","approved","pass","pass","passed-auto-source-scan","S18 approved deterministic remediation; source-distant generated item with checked answer and explanation."
"bnu-high-ds-v1-s5-016","approved","pass","pass","passed-auto-source-scan","S18 approved deterministic remediation; source-distant generated item with checked answer and explanation."
"bnu-high-ds-v1-s5-017","approved","pass","pass","passed-auto-source-scan","S18 approved deterministic remediation; source-distant generated item with checked answer and explanation."
"bnu-high-ds-v1-s5-018","approved","pass","pass","passed-auto-source-scan","S18 approved deterministic remediation; source-distant generated item with checked answer and explanation."
"bnu-high-ds-v1-s5-019","approved","pass","pass","passed-auto-source-scan","S18 approved deterministic remediation; source-distant generated item with checked answer and explanation."
"bnu-high-ds-v1-s5-020","approved","pass","pass","passed-auto-source-scan","S18 approved deterministic remediation; source-distant generated item with checked answer and explanation."
"bnu-high-ds-v1-s5-021","approved","pass","pass","passed-auto-source-scan","S18 approved deterministic remediation; source-distant generated item with checked answer and explanation."
"bnu-high-ds-v1-s5-022","approved","pass","pass","passed-auto-source-scan","S18 approved deterministic remediation; source-distant generated item with checked answer and explanation."
"bnu-high-ds-v1-s5-023","approved","pass","pass","passed-auto-source-scan","S18 approved deterministic remediation; source-distant generated item with checked answer and explanation."
"bnu-high-ds-v1-s5-024","approved","pass","pass","passed-auto-source-scan","S18 approved deterministic remediation; source-distant generated item with checked answer and explanation."
"bnu-high-ds-v1-s5-025","approved","pass","pass","passed-auto-source-scan","S18 approved deterministic remediation; source-distant generated item with checked answer and explanation."
"bnu-high-ds-v1-s5-026","approved","pass","pass","passed-auto-source-scan","S18 approved deterministic remediation; source-distant generated item with checked answer and explanation."
"bnu-high-ds-v1-s5-027","approved","pass","pass","passed-auto-source-scan","S18 approved deterministic remediation; source-distant generated item with checked answer and explanation."
"bnu-high-ds-v1-s5-028","approved","pass","pass","passed-auto-source-scan","S18 approved deterministic remediation; source-distant generated item with checked answer and explanation."
"bnu-high-ds-v1-s5-029","approved","pass","pass","passed-auto-source-scan","S18 approved deterministic remediation; source-distant generated item with checked answer and explanation."
"bnu-high-ds-v1-s5-030","approved","pass","pass","passed-auto-source-scan","S18 approved deterministic remediation; source-distant generated item with checked answer and explanation."
"bnu-high-ds-v1-s5-031","approved","pass","pass","passed-auto-source-scan","S18 approved deterministic remediation; source-distant generated item with checked answer and explanation."
"bnu-high-ds-v1-s5-032","approved","pass","pass","passed-auto-source-scan","S18 approved deterministic remediation; source-distant generated item with checked answer and explanation."
"bnu-high-ds-v1-s5-033","approved","pass","pass","passed-auto-source-scan","S18 approved deterministic remediation; source-distant generated item with checked answer and explanation."
"bnu-high-ds-v1-s5-034","approved","pass","pass","passed-auto-source-scan","S18 approved deterministic remediation; source-distant generated item with checked answer and explanation."
"bnu-high-ds-v1-s5-035","approved","pass","pass","passed-auto-source-scan","S18 approved deterministic remediation; source-distant generated item with checked answer and explanation."
"bnu-high-ds-v1-s5-036","approved","pass","pass","passed-auto-source-scan","S18 approved deterministic remediation; source-distant generated item with checked answer and explanation."
"bnu-high-ds-v1-s5-037","approved","pass","pass","passed-auto-source-scan","S18 approved deterministic remediation; source-distant generated item with checked answer and explanation."
"bnu-high-ds-v1-s5-038","approved","pass","pass","passed-auto-source-scan","S18 approved deterministic remediation; source-distant generated item with checked answer and explanation."
"bnu-high-ds-v1-s5-039","approved","pass","pass","passed-auto-source-scan","S18 approved deterministic remediation; source-distant generated item with checked answer and explanation."
"bnu-high-ds-v1-s5-040","approved","pass","pass","passed-auto-source-scan","S18 approved deterministic remediation; source-distant generated item with checked answer and explanation."
"bnu-high-ds-v1-s5-041","approved","pass","pass","passed-auto-source-scan","S18 approved deterministic remediation; source-distant generated item with checked answer and explanation."
"bnu-high-ds-v1-s5-042","approved","pass","pass","passed-auto-source-scan","S18 approved deterministic remediation; source-distant generated item with checked answer and explanation."
"bnu-high-ds-v1-s5-043","approved","pass","pass","passed-auto-source-scan","S18 approved deterministic remediation; source-distant generated item with checked answer and explanation."
"bnu-high-ds-v1-s5-044","approved","pass","pass","passed-auto-source-scan","S18 approved deterministic remediation; source-distant generated item with checked answer and explanation."
"bnu-high-ds-v1-s5-045","approved","pass","pass","passed-auto-source-scan","S18 approved deterministic remediation; source-distant generated item with checked answer and explanation."
"bnu-high-ds-v1-s5-046","approved","pass","pass","passed-auto-source-scan","S18 approved deterministic remediation; source-distant generated item with checked answer and explanation."
"bnu-high-ds-v1-s5-047","approved","pass","pass","passed-auto-source-scan","S18 approved deterministic remediation; source-distant generated item with checked answer and explanation."
"bnu-high-ds-v1-s5-048","approved","pass","pass","passed-auto-source-scan","S18 approved deterministic remediation; source-distant generated item with checked answer and explanation."
"bnu-high-ds-v1-s5-049","approved","pass","pass","passed-auto-source-scan","S18 approved deterministic remediation; source-distant generated item with checked answer and explanation."
"bnu-high-ds-v1-s5-050","approved","pass","pass","passed-auto-source-scan","S18 approved deterministic remediation; source-distant generated item with checked answer and explanation."
"bnu-high-ds-v1-s5-051","approved","pass","pass","passed-auto-source-scan","S18 approved deterministic remediation; source-distant generated item with checked answer and explanation."
"bnu-high-ds-v1-s5-052","approved","pass","pass","passed-auto-source-scan","S18 approved deterministic remediation; source-distant generated item with checked answer and explanation."
"bnu-high-ds-v1-s5-053","approved","pass","pass","passed-auto-source-scan","S18 approved deterministic remediation; source-distant generated item with checked answer and explanation."
"bnu-high-ds-v1-s5-054","approved","pass","pass","passed-auto-source-scan","S18 approved deterministic remediation; source-distant generated item with checked answer and explanation."
"bnu-high-ds-v1-s5-055","approved","pass","pass","passed-auto-source-scan","S18 approved deterministic remediation; source-distant generated item with checked answer and explanation."
"bnu-high-ds-v1-s5-056","approved","pass","pass","passed-auto-source-scan","S18 approved deterministic remediation; source-distant generated item with checked answer and explanation."
"bnu-high-ds-v1-s5-057","approved","pass","pass","passed-auto-source-scan","S18 approved deterministic remediation; source-distant generated item with checked answer and explanation."
"bnu-high-ds-v1-s5-058","approved","pass","pass","passed-auto-source-scan","S18 approved deterministic remediation; source-distant generated item with checked answer and explanation."
"bnu-high-ds-v1-s5-059","approved","pass","pass","passed-auto-source-scan","S18 approved deterministic remediation; source-distant generated item with checked answer and explanation."
"bnu-high-ds-v1-s5-060","approved","pass","pass","passed-auto-source-scan","S18 approved deterministic remediation; source-distant generated item with checked answer and explanation."
"bnu-high-ds-v1-s5-061","approved","pass","pass","passed-auto-source-scan","S18 approved deterministic remediation; source-distant generated item with checked answer and explanation."
"bnu-high-ds-v1-s5-062","approved","pass","pass","passed-auto-source-scan","S18 approved deterministic remediation; source-distant generated item with checked answer and explanation."
"bnu-high-ds-v1-s5-063","approved","pass","pass","passed-auto-source-scan","S18 approved deterministic remediation; source-distant generated item with checked answer and explanation."
"bnu-high-ds-v1-s5-064","approved","pass","pass","passed-auto-source-scan","S18 approved deterministic remediation; source-distant generated item with checked answer and explanation."
"bnu-high-ds-v1-s5-065","approved","pass","pass","passed-auto-source-scan","S18 approved deterministic remediation; source-distant generated item with checked answer and explanation."
"bnu-high-ds-v1-s5-066","approved","pass","pass","passed-auto-source-scan","S18 approved deterministic remediation; source-distant generated item with checked answer and explanation."
"bnu-high-ds-v1-s5-067","approved","pass","pass","passed-auto-source-scan","S18 approved deterministic remediation; source-distant generated item with checked answer and explanation."
"bnu-high-ds-v1-s5-078","approved","pass","pass","passed-auto-source-scan","S18 approved deterministic remediation; source-distant generated item with checked answer and explanation."
"bnu-high-ds-v1-s5-088","approved","pass","pass","passed-auto-source-scan","S18 approved deterministic remediation; source-distant generated item with checked answer and explanation."
"bnu-high-ds-v1-s5-090","approved","pass","pass","passed-auto-source-scan","S18 approved deterministic remediation; source-distant generated item with checked answer and explanation."
"bnu-high-ds-v1-s5-092","approved","pass","pass","passed-auto-source-scan","S18 approved deterministic remediation; source-distant generated item with checked answer and explanation."
"bnu-high-ds-v1-s5-097","approved","pass","pass","passed-auto-source-scan","S18 approved deterministic remediation; source-distant generated item with checked answer and explanation."
"bnu-high-ds-v1-s5-098","approved","pass","pass","passed-auto-source-scan","S18 approved deterministic remediation; source-distant generated item with checked answer and explanation."
"bnu-high-ds-v1-s5-100","approved","pass","pass","passed-auto-source-scan","S18 approved deterministic remediation; source-distant generated item with checked answer and explanation."
"bnu-high-ds-v1-s5-102","approved","pass","pass","passed-auto-source-scan","S18 approved deterministic remediation; source-distant generated item with checked answer and explanation."
"bnu-high-ds-v1-s5-104","approved","pass","pass","passed-auto-source-scan","S18 approved deterministic remediation; source-distant generated item with checked answer and explanation."
"bnu-high-ds-v1-s5-108","approved","pass","pass","passed-auto-source-scan","S18 approved deterministic remediation; source-distant generated item with checked answer and explanation."
"bnu-high-ds-v1-s5-122","approved","pass","pass","passed-auto-source-scan","S18 approved deterministic remediation; source-distant generated item with checked answer and explanation."
"bnu-high-ds-v1-s5-128","approved","pass","pass","passed-auto-source-scan","S18 approved deterministic remediation; source-distant generated item with checked answer and explanation."
"bnu-high-ds-v1-s5-139","approved","pass","pass","passed-auto-source-scan","S18 approved deterministic remediation; source-distant generated item with checked answer and explanation."
"bnu-high-ds-v1-s5-149","approved","pass","pass","passed-auto-source-scan","S18 approved deterministic remediation; source-distant generated item with checked answer and explanation."
"bnu-high-ds-v1-s5-154","approved","pass","pass","passed-auto-source-scan","S18 approved deterministic remediation; source-distant generated item with checked answer and explanation."
"bnu-high-ds-v1-s5-155","approved","pass","pass","passed-auto-source-scan","S18 approved deterministic remediation; source-distant generated item with checked answer and explanation."
"bnu-high-ds-v1-s5-172","approved","pass","pass","passed-auto-source-scan","S18 approved deterministic remediation; source-distant generated item with checked answer and explanation."
"bnu-high-ds-v1-s5-181","approved","pass","pass","passed-auto-source-scan","S18 approved deterministic remediation; source-distant generated item with checked answer and explanation."
"bnu-high-ds-v1-s5-182","approved","pass","pass","passed-auto-source-scan","S18 approved deterministic remediation; source-distant generated item with checked answer and explanation."
"bnu-high-ds-v1-s5-183","approved","pass","pass","passed-auto-source-scan","S18 approved deterministic remediation; source-distant generated item with checked answer and explanation."
"bnu-high-ds-v1-s5-185","approved","pass","pass","passed-auto-source-scan","S18 approved deterministic remediation; source-distant generated item with checked answer and explanation."
"bnu-high-ds-v1-s5-187","approved","pass","pass","passed-auto-source-scan","S18 approved deterministic remediation; source-distant generated item with checked answer and explanation."
"bnu-high-ds-v1-s5-188","approved","pass","pass","passed-auto-source-scan","S18 approved deterministic remediation; source-distant generated item with checked answer and explanation."
"bnu-high-ds-v1-s5-190","approved","pass","pass","passed-auto-source-scan","S18 approved deterministic remediation; source-distant generated item with checked answer and explanation."
"bnu-high-ds-v1-s5-193","approved","pass","pass","passed-auto-source-scan","S18 approved deterministic remediation; source-distant generated item with checked answer and explanation."
"bnu-high-ds-v1-s5-194","approved","pass","pass","passed-auto-source-scan","S18 approved deterministic remediation; source-distant generated item with checked answer and explanation."
"bnu-high-ds-v1-s5-199","approved","pass","pass","passed-auto-source-scan","S18 approved deterministic remediation; source-distant generated item with checked answer and explanation."
"bnu-high-ds-v1-s5-201","approved","pass","pass","passed-auto-source-scan","S18 approved deterministic remediation; source-distant generated item with checked answer and explanation."
"bnu-high-ds-v1-s5-203","approved","pass","pass","passed-auto-source-scan","S18 approved deterministic remediation; source-distant generated item with checked answer and explanation."
"bnu-high-ds-v1-s5-208","approved","pass","pass","passed-auto-source-scan","S18 approved deterministic remediation; source-distant generated item with checked answer and explanation."
"bnu-high-ds-v1-s5-211","approved","pass","pass","passed-auto-source-scan","S18 approved deterministic remediation; source-distant generated item with checked answer and explanation."
"bnu-high-ds-v1-s5-224","approved","pass","pass","passed-auto-source-scan","S18 approved deterministic remediation; source-distant generated item with checked answer and explanation."
"bnu-high-ds-v1-s5-225","approved","pass","pass","passed-auto-source-scan","S18 approved deterministic remediation; source-distant generated item with checked answer and explanation."
"bnu-high-ds-v1-s5-227","approved","pass","pass","passed-auto-source-scan","S18 approved deterministic remediation; source-distant generated item with checked answer and explanation."
"bnu-high-ds-v1-s5-229","approved","pass","pass","passed-auto-source-scan","S18 approved deterministic remediation; source-distant generated item with checked answer and explanation."
"bnu-high-ds-v1-s5-230","approved","pass","pass","passed-auto-source-scan","S18 approved deterministic remediation; source-distant generated item with checked answer and explanation."
"bnu-high-ds-v1-s5-234","approved","pass","pass","passed-auto-source-scan","S18 approved deterministic remediation; source-distant generated item with checked answer and explanation."
"bnu-high-ds-v1-s5-235","approved","pass","pass","passed-auto-source-scan","S18 approved deterministic remediation; source-distant generated item with checked answer and explanation."
"bnu-high-ds-v1-s5-238","approved","pass","pass","passed-auto-source-scan","S18 approved deterministic remediation; source-distant generated item with checked answer and explanation."
"bnu-high-ds-v1-s5-242","approved","pass","pass","passed-auto-source-scan","S18 approved deterministic remediation; source-distant generated item with checked answer and explanation."
"bnu-high-ds-v1-s5-244","approved","pass","pass","passed-auto-source-scan","S18 approved deterministic remediation; source-distant generated item with checked answer and explanation."
"bnu-high-ds-v1-s5-245","approved","pass","pass","passed-auto-source-scan","S18 approved deterministic remediation; source-distant generated item with checked answer and explanation."
"bnu-high-ds-v1-s5-246","approved","pass","pass","passed-auto-source-scan","S18 approved deterministic remediation; source-distant generated item with checked answer and explanation."
"bnu-high-ds-v1-s5-248","approved","pass","pass","passed-auto-source-scan","S18 approved deterministic remediation; source-distant generated item with checked answer and explanation."
"bnu-high-ds-v1-s5-251","approved","pass","pass","passed-auto-source-scan","S18 approved deterministic remediation; source-distant generated item with checked answer and explanation."
"bnu-high-ds-v1-s5-253","approved","pass","pass","passed-auto-source-scan","S18 approved deterministic remediation; source-distant generated item with checked answer and explanation."
"bnu-high-ds-v1-s5-256","approved","pass","pass","passed-auto-source-scan","S18 approved deterministic remediation; source-distant generated item with checked answer and explanation."
"bnu-high-ds-v1-s5-257","approved","pass","pass","passed-auto-source-scan","S18 approved deterministic remediation; source-distant generated item with checked answer and explanation."
"bnu-high-ds-v1-s5-258","approved","pass","pass","passed-auto-source-scan","S18 approved deterministic remediation; source-distant generated item with checked answer and explanation."
"bnu-high-ds-v1-s5-259","approved","pass","pass","passed-auto-source-scan","S18 approved deterministic remediation; source-distant generated item with checked answer and explanation."
"bnu-high-ds-v1-s5-260","approved","pass","pass","passed-auto-source-scan","S18 approved deterministic remediation; source-distant generated item with checked answer and explanation."
"bnu-high-ds-v1-s5-262","approved","pass","pass","passed-auto-source-scan","S18 approved deterministic remediation; source-distant generated item with checked answer and explanation."
"bnu-high-ds-v1-s5-263","approved","pass","pass","passed-auto-source-scan","S18 approved deterministic remediation; source-distant generated item with checked answer and explanation."
"bnu-high-ds-v1-s5-264","approved","pass","pass","passed-auto-source-scan","S18 approved deterministic remediation; source-distant generated item with checked answer and explanation."
"bnu-high-ds-v1-s5-267","approved","pass","pass","passed-auto-source-scan","S18 approved deterministic remediation; source-distant generated item with checked answer and explanation."
"bnu-high-ds-v1-s5-270","approved","pass","pass","passed-auto-source-scan","S18 approved deterministic remediation; source-distant generated item with checked answer and explanation."
"bnu-high-ds-v1-s5-272","approved","pass","pass","passed-auto-source-scan","S18 approved deterministic remediation; source-distant generated item with checked answer and explanation."
"bnu-high-ds-v1-s5-277","approved","pass","pass","passed-auto-source-scan","S18 approved deterministic remediation; source-distant generated item with checked answer and explanation."
"bnu-high-ds-v1-s5-278","approved","pass","pass","passed-auto-source-scan","S18 approved deterministic remediation; source-distant generated item with checked answer and explanation."
"bnu-high-ds-v1-s5-281","approved","pass","pass","passed-auto-source-scan","S18 approved deterministic remediation; source-distant generated item with checked answer and explanation."
"bnu-high-ds-v1-s5-283","approved","pass","pass","passed-auto-source-scan","S18 approved deterministic remediation; source-distant generated item with checked answer and explanation."
"bnu-high-ds-v1-s5-286","approved","pass","pass","passed-auto-source-scan","S18 approved deterministic remediation; source-distant generated item with checked answer and explanation."
"bnu-high-ds-v1-s5-289","approved","pass","pass","passed-auto-source-scan","S18 approved deterministic remediation; source-distant generated item with checked answer and explanation."
"bnu-high-ds-v1-s5-293","approved","pass","pass","passed-auto-source-scan","S18 approved deterministic remediation; source-distant generated item with checked answer and explanation."
"bnu-high-ds-v1-s5-294","approved","pass","pass","passed-auto-source-scan","S18 approved deterministic remediation; source-distant generated item with checked answer and explanation."
"bnu-high-ds-v1-s5-299","approved","pass","pass","passed-auto-source-scan","S18 approved deterministic remediation; source-distant generated item with checked answer and explanation."
"bnu-high-ds-v1-s5-315","approved","pass","pass","passed-auto-source-scan","S18 approved deterministic remediation; source-distant generated item with checked answer and explanation."
"bnu-high-ds-v1-s5-319","approved","pass","pass","passed-auto-source-scan","S18 approved deterministic remediation; source-distant generated item with checked answer and explanation."
"bnu-high-ds-v1-s5-333","approved","pass","pass","passed-auto-source-scan","S18 approved deterministic remediation; source-distant generated item with checked answer and explanation."
"bnu-high-ds-v1-s5-335","approved","pass","pass","passed-auto-source-scan","S18 approved deterministic remediation; source-distant generated item with checked answer and explanation."
"bnu-high-ds-v1-s5-338","approved","pass","pass","passed-auto-source-scan","S18 approved deterministic remediation; source-distant generated item with checked answer and explanation."
"bnu-high-ds-v1-s5-341","approved","pass","pass","passed-auto-source-scan","S18 approved deterministic remediation; source-distant generated item with checked answer and explanation."
"bnu-high-ds-v1-s5-344","approved","pass","pass","passed-auto-source-scan","S18 approved deterministic remediation; source-distant generated item with checked answer and explanation."
"bnu-high-ds-v1-s5-350","approved","pass","pass","passed-auto-source-scan","S18 approved deterministic remediation; source-distant generated item with checked answer and explanation."
"bnu-high-ds-v1-s5-362","approved","pass","pass","passed-auto-source-scan","S18 approved deterministic remediation; source-distant generated item with checked answer and explanation."
"bnu-high-ds-v1-s5-371","approved","pass","pass","passed-auto-source-scan","S18 approved deterministic remediation; source-distant generated item with checked answer and explanation."
"bnu-high-ds-v1-s5-382","approved","pass","pass","passed-auto-source-scan","S18 approved deterministic remediation; source-distant generated item with checked answer and explanation."
"bnu-high-ds-v1-s5-387","approved","pass","pass","passed-auto-source-scan","S18 approved deterministic remediation; source-distant generated item with checked answer and explanation."
"bnu-high-ds-v1-s5-393","approved","pass","pass","passed-auto-source-scan","S18 approved deterministic remediation; source-distant generated item with checked answer and explanation."
"bnu-high-ds-v1-s5-399","approved","pass","pass","passed-auto-source-scan","S18 approved deterministic remediation; source-distant generated item with checked answer and explanation."
"bnu-high-ds-v1-s5-400","approved","pass","pass","passed-auto-source-scan","S18 approved deterministic remediation; source-distant generated item with checked answer and explanation."
"bnu-high-ds-v1-s5-417","approved","pass","pass","passed-auto-source-scan","S18 approved deterministic remediation; source-distant generated item with checked answer and explanation."
"bnu-high-ds-v1-s5-419","approved","pass","pass","passed-auto-source-scan","S18 approved deterministic remediation; source-distant generated item with checked answer and explanation."
"bnu-high-ds-v1-s5-421","approved","pass","pass","passed-auto-source-scan","S18 approved deterministic remediation; source-distant generated item with checked answer and explanation."
"bnu-high-ds-v1-s5-433","approved","pass","pass","passed-auto-source-scan","S18 approved deterministic remediation; source-distant generated item with checked answer and explanation."
"bnu-high-ds-v1-s5-440","approved","pass","pass","passed-auto-source-scan","S18 approved deterministic remediation; source-distant generated item with checked answer and explanation."
"bnu-high-ds-v1-s5-444","approved","pass","pass","passed-auto-source-scan","S18 approved deterministic remediation; source-distant generated item with checked answer and explanation."
"bnu-high-ds-v1-s5-445","approved","pass","pass","passed-auto-source-scan","S18 approved deterministic remediation; source-distant generated item with checked answer and explanation."
"bnu-high-ds-v1-s5-447","approved","pass","pass","passed-auto-source-scan","S18 approved deterministic remediation; source-distant generated item with checked answer and explanation."
"bnu-high-ds-v1-s5-464","approved","pass","pass","passed-auto-source-scan","S18 approved deterministic remediation; source-distant generated item with checked answer and explanation."
"bnu-high-ds-v1-s5-473","approved","pass","pass","passed-auto-source-scan","S18 approved deterministic remediation; source-distant generated item with checked answer and explanation."
"bnu-high-ds-v1-s5-478","approved","pass","pass","passed-auto-source-scan","S18 approved deterministic remediation; source-distant generated item with checked answer and explanation."
"bnu-high-ds-v1-s6-001","approved","pass","pass","passed-auto-source-scan","S18 approved deterministic remediation; source-distant generated item with checked answer and explanation."
"bnu-high-ds-v1-s6-002","approved","pass","pass","passed-auto-source-scan","S18 approved deterministic remediation; source-distant generated item with checked answer and explanation."
"bnu-high-ds-v1-s6-003","approved","pass","pass","passed-auto-source-scan","S18 approved deterministic remediation; source-distant generated item with checked answer and explanation."
"bnu-high-ds-v1-s6-004","approved","pass","pass","passed-auto-source-scan","S18 approved deterministic remediation; source-distant generated item with checked answer and explanation."
"bnu-high-ds-v1-s6-005","approved","pass","pass","passed-auto-source-scan","S18 approved deterministic remediation; source-distant generated item with checked answer and explanation."
"bnu-high-ds-v1-s6-006","approved","pass","pass","passed-auto-source-scan","S18 approved deterministic remediation; source-distant generated item with checked answer and explanation."
"bnu-high-ds-v1-s6-007","approved","pass","pass","passed-auto-source-scan","S18 approved deterministic remediation; source-distant generated item with checked answer and explanation."
"bnu-high-ds-v1-s6-008","approved","pass","pass","passed-auto-source-scan","S18 approved deterministic remediation; source-distant generated item with checked answer and explanation."
"bnu-high-ds-v1-s6-009","approved","pass","pass","passed-auto-source-scan","S18 approved deterministic remediation; source-distant generated item with checked answer and explanation."
"bnu-high-ds-v1-s6-010","approved","pass","pass","passed-auto-source-scan","S18 approved deterministic remediation; source-distant generated item with checked answer and explanation."
"bnu-high-ds-v1-s6-011","approved","pass","pass","passed-auto-source-scan","S18 approved deterministic remediation; source-distant generated item with checked answer and explanation."
"bnu-high-ds-v1-s6-012","approved","pass","pass","passed-auto-source-scan","S18 approved deterministic remediation; source-distant generated item with checked answer and explanation."
"bnu-high-ds-v1-s6-013","approved","pass","pass","passed-auto-source-scan","S18 approved deterministic remediation; source-distant generated item with checked answer and explanation."
"bnu-high-ds-v1-s6-014","approved","pass","pass","passed-auto-source-scan","S18 approved deterministic remediation; source-distant generated item with checked answer and explanation."
"bnu-high-ds-v1-s6-015","approved","pass","pass","passed-auto-source-scan","S18 approved deterministic remediation; source-distant generated item with checked answer and explanation."
"bnu-high-ds-v1-s6-016","approved","pass","pass","passed-auto-source-scan","S18 approved deterministic remediation; source-distant generated item with checked answer and explanation."
"bnu-high-ds-v1-s6-017","approved","pass","pass","passed-auto-source-scan","S18 approved deterministic remediation; source-distant generated item with checked answer and explanation."
"bnu-high-ds-v1-s6-018","approved","pass","pass","passed-auto-source-scan","S18 approved deterministic remediation; source-distant generated item with checked answer and explanation."
"bnu-high-ds-v1-s6-019","approved","pass","pass","passed-auto-source-scan","S18 approved deterministic remediation; source-distant generated item with checked answer and explanation."
"bnu-high-ds-v1-s6-020","approved","pass","pass","passed-auto-source-scan","S18 approved deterministic remediation; source-distant generated item with checked answer and explanation."
"bnu-high-ds-v1-s6-021","approved","pass","pass","passed-auto-source-scan","S18 approved deterministic remediation; source-distant generated item with checked answer and explanation."
"bnu-high-ds-v1-s6-022","approved","pass","pass","passed-auto-source-scan","S18 approved deterministic remediation; source-distant generated item with checked answer and explanation."
"bnu-high-ds-v1-s6-023","approved","pass","pass","passed-auto-source-scan","S18 approved deterministic remediation; source-distant generated item with checked answer and explanation."
"bnu-high-ds-v1-s6-024","approved","pass","pass","passed-auto-source-scan","S18 approved deterministic remediation; source-distant generated item with checked answer and explanation."
"bnu-high-ds-v1-s6-025","approved","pass","pass","passed-auto-source-scan","S18 approved deterministic remediation; source-distant generated item with checked answer and explanation."
"bnu-high-ds-v1-s6-026","approved","pass","pass","passed-auto-source-scan","S18 approved deterministic remediation; source-distant generated item with checked answer and explanation."
"bnu-high-ds-v1-s6-027","approved","pass","pass","passed-auto-source-scan","S18 approved deterministic remediation; source-distant generated item with checked answer and explanation."
"bnu-high-ds-v1-s6-028","approved","pass","pass","passed-auto-source-scan","S18 approved deterministic remediation; source-distant generated item with checked answer and explanation."
"bnu-high-ds-v1-s6-029","approved","pass","pass","passed-auto-source-scan","S18 approved deterministic remediation; source-distant generated item with checked answer and explanation."
"bnu-high-ds-v1-s6-030","approved","pass","pass","passed-auto-source-scan","S18 approved deterministic remediation; source-distant generated item with checked answer and explanation."
"bnu-high-ds-v1-s6-031","approved","pass","pass","passed-auto-source-scan","S18 approved deterministic remediation; source-distant generated item with checked answer and explanation."
"bnu-high-ds-v1-s6-032","approved","pass","pass","passed-auto-source-scan","S18 approved deterministic remediation; source-distant generated item with checked answer and explanation."
"bnu-high-ds-v1-s6-033","approved","pass","pass","passed-auto-source-scan","S18 approved deterministic remediation; source-distant generated item with checked answer and explanation."
"bnu-high-ds-v1-s6-034","approved","pass","pass","passed-auto-source-scan","S18 approved deterministic remediation; source-distant generated item with checked answer and explanation."
"bnu-high-ds-v1-s6-035","approved","pass","pass","passed-auto-source-scan","S18 approved deterministic remediation; source-distant generated item with checked answer and explanation."
"bnu-high-ds-v1-s6-036","approved","pass","pass","passed-auto-source-scan","S18 approved deterministic remediation; source-distant generated item with checked answer and explanation."
"bnu-high-ds-v1-s6-037","approved","pass","pass","passed-auto-source-scan","S18 approved deterministic remediation; source-distant generated item with checked answer and explanation."
"bnu-high-ds-v1-s6-038","approved","pass","pass","passed-auto-source-scan","S18 approved deterministic remediation; source-distant generated item with checked answer and explanation."
"bnu-high-ds-v1-s6-039","approved","pass","pass","passed-auto-source-scan","S18 approved deterministic remediation; source-distant generated item with checked answer and explanation."
"bnu-high-ds-v1-s6-040","approved","pass","pass","passed-auto-source-scan","S18 approved deterministic remediation; source-distant generated item with checked answer and explanation."
"bnu-high-ds-v1-s6-041","approved","pass","pass","passed-auto-source-scan","S18 approved deterministic remediation; source-distant generated item with checked answer and explanation."
"bnu-high-ds-v1-s6-042","approved","pass","pass","passed-auto-source-scan","S18 approved deterministic remediation; source-distant generated item with checked answer and explanation."
"bnu-high-ds-v1-s6-043","approved","pass","pass","passed-auto-source-scan","S18 approved deterministic remediation; source-distant generated item with checked answer and explanation."
"bnu-high-ds-v1-s6-044","approved","pass","pass","passed-auto-source-scan","S18 approved deterministic remediation; source-distant generated item with checked answer and explanation."
"bnu-high-ds-v1-s6-045","approved","pass","pass","passed-auto-source-scan","S18 approved deterministic remediation; source-distant generated item with checked answer and explanation."
"bnu-high-ds-v1-s6-046","approved","pass","pass","passed-auto-source-scan","S18 approved deterministic remediation; source-distant generated item with checked answer and explanation."
"bnu-high-ds-v1-s6-047","approved","pass","pass","passed-auto-source-scan","S18 approved deterministic remediation; source-distant generated item with checked answer and explanation."
"bnu-high-ds-v1-s6-048","approved","pass","pass","passed-auto-source-scan","S18 approved deterministic remediation; source-distant generated item with checked answer and explanation."
"bnu-high-ds-v1-s6-049","approved","pass","pass","passed-auto-source-scan","S18 approved deterministic remediation; source-distant generated item with checked answer and explanation."
"bnu-high-ds-v1-s6-050","approved","pass","pass","passed-auto-source-scan","S18 approved deterministic remediation; source-distant generated item with checked answer and explanation."
"bnu-high-ds-v1-s6-051","approved","pass","pass","passed-auto-source-scan","S18 approved deterministic remediation; source-distant generated item with checked answer and explanation."
"bnu-high-ds-v1-s6-052","approved","pass","pass","passed-auto-source-scan","S18 approved deterministic remediation; source-distant generated item with checked answer and explanation."
"bnu-high-ds-v1-s6-053","approved","pass","pass","passed-auto-source-scan","S18 approved deterministic remediation; source-distant generated item with checked answer and explanation."
"bnu-high-ds-v1-s6-054","approved","pass","pass","passed-auto-source-scan","S18 approved deterministic remediation; source-distant generated item with checked answer and explanation."
"bnu-high-ds-v1-s6-055","approved","pass","pass","passed-auto-source-scan","S18 approved deterministic remediation; source-distant generated item with checked answer and explanation."
"bnu-high-ds-v1-s6-056","approved","pass","pass","passed-auto-source-scan","S18 approved deterministic remediation; source-distant generated item with checked answer and explanation."
"bnu-high-ds-v1-s6-057","approved","pass","pass","passed-auto-source-scan","S18 approved deterministic remediation; source-distant generated item with checked answer and explanation."
"bnu-high-ds-v1-s6-058","approved","pass","pass","passed-auto-source-scan","S18 approved deterministic remediation; source-distant generated item with checked answer and explanation."
"bnu-high-ds-v1-s6-059","approved","pass","pass","passed-auto-source-scan","S18 approved deterministic remediation; source-distant generated item with checked answer and explanation."
"bnu-high-ds-v1-s6-060","approved","pass","pass","passed-auto-source-scan","S18 approved deterministic remediation; source-distant generated item with checked answer and explanation."
"bnu-high-ds-v1-s6-061","approved","pass","pass","passed-auto-source-scan","S18 approved deterministic remediation; source-distant generated item with checked answer and explanation."
"bnu-high-ds-v1-s6-062","approved","pass","pass","passed-auto-source-scan","S18 approved deterministic remediation; source-distant generated item with checked answer and explanation."
"bnu-high-ds-v1-s6-063","approved","pass","pass","passed-auto-source-scan","S18 approved deterministic remediation; source-distant generated item with checked answer and explanation."
"bnu-high-ds-v1-s6-064","approved","pass","pass","passed-auto-source-scan","S18 approved deterministic remediation; source-distant generated item with checked answer and explanation."
"bnu-high-ds-v1-s6-067","approved","pass","pass","passed-auto-source-scan","S18 approved deterministic remediation; source-distant generated item with checked answer and explanation."
"bnu-high-ds-v1-s6-068","approved","pass","pass","passed-auto-source-scan","S18 approved deterministic remediation; source-distant generated item with checked answer and explanation."
"bnu-high-ds-v1-s6-073","approved","pass","pass","passed-auto-source-scan","S18 approved deterministic remediation; source-distant generated item with checked answer and explanation."
"bnu-high-ds-v1-s6-076","approved","pass","pass","passed-auto-source-scan","S18 approved deterministic remediation; source-distant generated item with checked answer and explanation."
"bnu-high-ds-v1-s6-079","approved","pass","pass","passed-auto-source-scan","S18 approved deterministic remediation; source-distant generated item with checked answer and explanation."
"bnu-high-ds-v1-s6-091","approved","pass","pass","passed-auto-source-scan","S18 approved deterministic remediation; source-distant generated item with checked answer and explanation."
"bnu-high-ds-v1-s6-093","approved","pass","pass","passed-auto-source-scan","S18 approved deterministic remediation; source-distant generated item with checked answer and explanation."
"bnu-high-ds-v1-s6-095","approved","pass","pass","passed-auto-source-scan","S18 approved deterministic remediation; source-distant generated item with checked answer and explanation."
"bnu-high-ds-v1-s6-099","approved","pass","pass","passed-auto-source-scan","S18 approved deterministic remediation; source-distant generated item with checked answer and explanation."
"bnu-high-ds-v1-s6-102","approved","pass","pass","passed-auto-source-scan","S18 approved deterministic remediation; source-distant generated item with checked answer and explanation."
"bnu-high-ds-v1-s6-109","approved","pass","pass","passed-auto-source-scan","S18 approved deterministic remediation; source-distant generated item with checked answer and explanation."
"bnu-high-ds-v1-s6-112","approved","pass","pass","passed-auto-source-scan","S18 approved deterministic remediation; source-distant generated item with checked answer and explanation."
"bnu-high-ds-v1-s6-128","approved","pass","pass","passed-auto-source-scan","S18 approved deterministic remediation; source-distant generated item with checked answer and explanation."
"bnu-high-ds-v1-s6-130","approved","pass","pass","passed-auto-source-scan","S18 approved deterministic remediation; source-distant generated item with checked answer and explanation."
"bnu-high-ds-v1-s6-132","approved","pass","pass","passed-auto-source-scan","S18 approved deterministic remediation; source-distant generated item with checked answer and explanation."
"bnu-high-ds-v1-s6-136","approved","pass","pass","passed-auto-source-scan","S18 approved deterministic remediation; source-distant generated item with checked answer and explanation."
"bnu-high-ds-v1-s6-137","approved","pass","pass","passed-auto-source-scan","S18 approved deterministic remediation; source-distant generated item with checked answer and explanation."
"bnu-high-ds-v1-s6-139","approved","pass","pass","passed-auto-source-scan","S18 approved deterministic remediation; source-distant generated item with checked answer and explanation."
"bnu-high-ds-v1-s6-142","approved","pass","pass","passed-auto-source-scan","S18 approved deterministic remediation; source-distant generated item with checked answer and explanation."
"bnu-high-ds-v1-s6-143","approved","pass","pass","passed-auto-source-scan","S18 approved deterministic remediation; source-distant generated item with checked answer and explanation."
"bnu-high-ds-v1-s6-145","approved","pass","pass","passed-auto-source-scan","S18 approved deterministic remediation; source-distant generated item with checked answer and explanation."
"bnu-high-ds-v1-s6-162","approved","pass","pass","passed-auto-source-scan","S18 approved deterministic remediation; source-distant generated item with checked answer and explanation."
"bnu-high-ds-v1-s6-163","approved","pass","pass","passed-auto-source-scan","S18 approved deterministic remediation; source-distant generated item with checked answer and explanation."
"bnu-high-ds-v1-s6-173","approved","pass","pass","passed-auto-source-scan","S18 approved deterministic remediation; source-distant generated item with checked answer and explanation."
"bnu-high-ds-v1-s6-187","approved","pass","pass","passed-auto-source-scan","S18 approved deterministic remediation; source-distant generated item with checked answer and explanation."
"bnu-high-ds-v1-s6-188","approved","pass","pass","passed-auto-source-scan","S18 approved deterministic remediation; source-distant generated item with checked answer and explanation."
"bnu-high-ds-v1-s6-197","approved","pass","pass","passed-auto-source-scan","S18 approved deterministic remediation; source-distant generated item with checked answer and explanation."
"bnu-high-ds-v1-s6-206","approved","pass","pass","passed-auto-source-scan","S18 approved deterministic remediation; source-distant generated item with checked answer and explanation."
"bnu-high-ds-v1-s6-214","approved","pass","pass","passed-auto-source-scan","S18 approved deterministic remediation; source-distant generated item with checked answer and explanation."
"bnu-high-ds-v1-s6-216","approved","pass","pass","passed-auto-source-scan","S18 approved deterministic remediation; source-distant generated item with checked answer and explanation."
"bnu-high-ds-v1-s6-221","approved","pass","pass","passed-auto-source-scan","S18 approved deterministic remediation; source-distant generated item with checked answer and explanation."
"bnu-high-ds-v1-s6-222","approved","pass","pass","passed-auto-source-scan","S18 approved deterministic remediation; source-distant generated item with checked answer and explanation."
"bnu-high-ds-v1-s6-232","approved","pass","pass","passed-auto-source-scan","S18 approved deterministic remediation; source-distant generated item with checked answer and explanation."
"bnu-high-ds-v1-s6-240","approved","pass","pass","passed-auto-source-scan","S18 approved deterministic remediation; source-distant generated item with checked answer and explanation."
"bnu-high-ds-v1-s6-241","approved","pass","pass","passed-auto-source-scan","S18 approved deterministic remediation; source-distant generated item with checked answer and explanation."
"bnu-high-ds-v1-s6-247","approved","pass","pass","passed-auto-source-scan","S18 approved deterministic remediation; source-distant generated item with checked answer and explanation."
"bnu-high-ds-v1-s6-251","approved","pass","pass","passed-auto-source-scan","S18 approved deterministic remediation; source-distant generated item with checked answer and explanation."
"bnu-high-ds-v1-s6-252","approved","pass","pass","passed-auto-source-scan","S18 approved deterministic remediation; source-distant generated item with checked answer and explanation."
"bnu-high-ds-v1-s6-253","approved","pass","pass","passed-auto-source-scan","S18 approved deterministic remediation; source-distant generated item with checked answer and explanation."
"bnu-high-ds-v1-s6-254","approved","pass","pass","passed-auto-source-scan","S18 approved deterministic remediation; source-distant generated item with checked answer and explanation."
"bnu-high-ds-v1-s6-255","approved","pass","pass","passed-auto-source-scan","S18 approved deterministic remediation; source-distant generated item with checked answer and explanation."
"bnu-high-ds-v1-s6-257","approved","pass","pass","passed-auto-source-scan","S18 approved deterministic remediation; source-distant generated item with checked answer and explanation."
"bnu-high-ds-v1-s6-258","approved","pass","pass","passed-auto-source-scan","S18 approved deterministic remediation; source-distant generated item with checked answer and explanation."
"bnu-high-ds-v1-s6-262","approved","pass","pass","passed-auto-source-scan","S18 approved deterministic remediation; source-distant generated item with checked answer and explanation."
"bnu-high-ds-v1-s6-283","approved","pass","pass","passed-auto-source-scan","S18 approved deterministic remediation; source-distant generated item with checked answer and explanation."
"bnu-high-ds-v1-s6-285","approved","pass","pass","passed-auto-source-scan","S18 approved deterministic remediation; source-distant generated item with checked answer and explanation."
"bnu-high-ds-v1-s6-292","approved","pass","pass","passed-auto-source-scan","S18 approved deterministic remediation; source-distant generated item with checked answer and explanation."
"bnu-high-ds-v1-s6-297","approved","pass","pass","passed-auto-source-scan","S18 approved deterministic remediation; source-distant generated item with checked answer and explanation."
"bnu-high-ds-v1-s6-300","approved","pass","pass","passed-auto-source-scan","S18 approved deterministic remediation; source-distant generated item with checked answer and explanation."
"bnu-high-ds-v1-s6-301","approved","pass","pass","passed-auto-source-scan","S18 approved deterministic remediation; source-distant generated item with checked answer and explanation."
"bnu-high-ds-v1-s6-304","approved","pass","pass","passed-auto-source-scan","S18 approved deterministic remediation; source-distant generated item with checked answer and explanation."
"bnu-high-ds-v1-s6-310","approved","pass","pass","passed-auto-source-scan","S18 approved deterministic remediation; source-distant generated item with checked answer and explanation."
"bnu-high-ds-v1-s6-313","approved","pass","pass","passed-auto-source-scan","S18 approved deterministic remediation; source-distant generated item with checked answer and explanation."
"bnu-high-ds-v1-s6-315","approved","pass","pass","passed-auto-source-scan","S18 approved deterministic remediation; source-distant generated item with checked answer and explanation."
"bnu-high-ds-v1-s6-316","approved","pass","pass","passed-auto-source-scan","S18 approved deterministic remediation; source-distant generated item with checked answer and explanation."
"bnu-high-ds-v1-s6-334","approved","pass","pass","passed-auto-source-scan","S18 approved deterministic remediation; source-distant generated item with checked answer and explanation."
"bnu-high-ds-v1-s6-339","approved","pass","pass","passed-auto-source-scan","S18 approved deterministic remediation; source-distant generated item with checked answer and explanation."
"bnu-high-ds-v1-s6-342","approved","pass","pass","passed-auto-source-scan","S18 approved deterministic remediation; source-distant generated item with checked answer and explanation."
"bnu-high-ds-v1-s6-354","approved","pass","pass","passed-auto-source-scan","S18 approved deterministic remediation; source-distant generated item with checked answer and explanation."
"bnu-high-ds-v1-s6-357","approved","pass","pass","passed-auto-source-scan","S18 approved deterministic remediation; source-distant generated item with checked answer and explanation."
"bnu-high-ds-v1-s6-359","approved","pass","pass","passed-auto-source-scan","S18 approved deterministic remediation; source-distant generated item with checked answer and explanation."
"bnu-high-ds-v1-s6-361","approved","pass","pass","passed-auto-source-scan","S18 approved deterministic remediation; source-distant generated item with checked answer and explanation."
"bnu-high-ds-v1-s6-370","approved","pass","pass","passed-auto-source-scan","S18 approved deterministic remediation; source-distant generated item with checked answer and explanation."
"bnu-high-ds-v1-s6-379","approved","pass","pass","passed-auto-source-scan","S18 approved deterministic remediation; source-distant generated item with checked answer and explanation."
"bnu-high-ds-v1-s6-389","approved","pass","pass","passed-auto-source-scan","S18 approved deterministic remediation; source-distant generated item with checked answer and explanation."
"bnu-high-ds-v1-s6-395","approved","pass","pass","passed-auto-source-scan","S18 approved deterministic remediation; source-distant generated item with checked answer and explanation."
"bnu-high-ds-v1-s6-400","approved","pass","pass","passed-auto-source-scan","S18 approved deterministic remediation; source-distant generated item with checked answer and explanation."
"bnu-high-ds-v1-s6-405","approved","pass","pass","passed-auto-source-scan","S18 approved deterministic remediation; source-distant generated item with checked answer and explanation."
"bnu-high-ds-v1-s6-412","approved","pass","pass","passed-auto-source-scan","S18 approved deterministic remediation; source-distant generated item with checked answer and explanation."
"bnu-high-ds-v1-s6-414","approved","pass","pass","passed-auto-source-scan","S18 approved deterministic remediation; source-distant generated item with checked answer and explanation."
"bnu-high-ds-v1-s6-416","approved","pass","pass","passed-auto-source-scan","S18 approved deterministic remediation; source-distant generated item with checked answer and explanation."
"bnu-high-ds-v1-s6-421","approved","pass","pass","passed-auto-source-scan","S18 approved deterministic remediation; source-distant generated item with checked answer and explanation."
"bnu-high-ds-v1-s6-425","approved","pass","pass","passed-auto-source-scan","S18 approved deterministic remediation; source-distant generated item with checked answer and explanation."
"bnu-high-ds-v1-s6-431","approved","pass","pass","passed-auto-source-scan","S18 approved deterministic remediation; source-distant generated item with checked answer and explanation."
"bnu-high-ds-v1-s6-436","approved","pass","pass","passed-auto-source-scan","S18 approved deterministic remediation; source-distant generated item with checked answer and explanation."
"bnu-high-ds-v1-s6-465","approved","pass","pass","passed-auto-source-scan","S18 approved deterministic remediation; source-distant generated item with checked answer and explanation."
"bnu-high-ds-v1-s6-467","approved","pass","pass","passed-auto-source-scan","S18 approved deterministic remediation; source-distant generated item with checked answer and explanation."
"bnu-high-ds-v1-s6-473","approved","pass","pass","passed-auto-source-scan","S18 approved deterministic remediation; source-distant generated item with checked answer and explanation."
"bnu-high-ds-v1-s6-478","approved","pass","pass","passed-auto-source-scan","S18 approved deterministic remediation; source-distant generated item with checked answer and explanation."
"bnu-high-ds-v1-s6-480","approved","pass","pass","passed-auto-source-scan","S18 approved deterministic remediation; source-distant generated item with checked answer and explanation."
"bnu-high-ds-v1-s6-481","approved","pass","pass","passed-auto-source-scan","S18 approved deterministic remediation; source-distant generated item with checked answer and explanation."
"bnu-high-ds-v1-s6-484","approved","pass","pass","passed-auto-source-scan","S18 approved deterministic remediation; source-distant generated item with checked answer and explanation."
"bnu-high-ds-v1-s6-485","approved","pass","pass","passed-auto-source-scan","S18 approved deterministic remediation; source-distant generated item with checked answer and explanation."
"bnu-high-ds-v1-s6-486","approved","pass","pass","passed-auto-source-scan","S18 approved deterministic remediation; source-distant generated item with checked answer and explanation."
"bnu-high-ds-v1-s6-491","approved","pass","pass","passed-auto-source-scan","S18 approved deterministic remediation; source-distant generated item with checked answer and explanation."
