id,grade,batch,chapter,type,difficulty,severity,issueCodes,cluster,decision,repairType,oldPromptZhHans,newPromptZhHans,oldOptionsZhHans,newOptionsZhHans,oldAnswer,newAnswer,oldAcceptedAnswers,newAcceptedAnswers,oldExplanationZhHans,newExplanationZhHans,adjudicationNotes
hjb-high-ds-v1-s4-051,S4,hjb-v1,等式与不等式,short-answer,Foundation,P1,ambiguous-prompt,right-end-constant,fixed,prompt-clarification,变式0051：解答：解不等式 x+8>18，并写出解集右端常数的值。,变式0051：解答：解不等式 x+8>18，并写出解集右端常数的值。,,,10,10,10,10,两边同时减去 8，得 x>18-8=10，所以解集右端常数为 10。,两边同时减去 8，得 x>18-8=10，所以解集右端常数为 10。,Already remediated to ask for the right-side constant after solving the inequality.
hjb-high-ds-v1-s4-052,S4,hjb-v1,等式与不等式,multiple-choice,Exam,P1,ambiguous-prompt,right-end-constant,fixed,prompt-clarification,变式0052：选择：解不等式 x+11>8，并写出解集右端常数的值。,变式0052：选择：解不等式 x+11>8，并写出解集右端常数的值。,-3 | -2 | -4 | -1,-3 | -2 | -4 | -1,-3,-3,-3,-3,两边同时减去 11，得 x>8-11=-3，所以解集右端常数为 -3。,两边同时减去 11，得 x>8-11=-3，所以解集右端常数为 -3。,Already remediated to ask for the right-side constant after solving the inequality.
hjb-high-ds-v1-s4-053,S4,hjb-v1,等式与不等式,fill-in,Core,P1,ambiguous-prompt,right-end-constant,fixed,prompt-clarification,变式0053：填空：解不等式 x+11>8，并写出解集右端常数的值。,变式0053：填空：解不等式 x+11>8，并写出解集右端常数的值。,,,-3,-3,-3,-3,两边同时减去 11，得 x>8-11=-3，所以解集右端常数为 -3。,两边同时减去 11，得 x>8-11=-3，所以解集右端常数为 -3。,Already remediated to ask for the right-side constant after solving the inequality.
hjb-high-ds-v1-s4-054,S4,hjb-v1,等式与不等式,short-answer,Challenge,P1,ambiguous-prompt,right-end-constant,fixed,prompt-clarification,变式0054：解答：解不等式 x+7>16，并写出解集右端常数的值。,变式0054：解答：解不等式 x+7>16，并写出解集右端常数的值。,,,9,9,9,9,两边同时减去 7，得 x>16-7=9，所以解集右端常数为 9。,两边同时减去 7，得 x>16-7=9，所以解集右端常数为 9。,Already remediated to ask for the right-side constant after solving the inequality.
hjb-high-ds-v1-s4-055,S4,hjb-v1,等式与不等式,multiple-choice,Foundation,P1,ambiguous-prompt,right-end-constant,fixed,prompt-clarification,变式0055：选择：解不等式 x+5>9，并写出解集右端常数的值。,变式0055：选择：解不等式 x+5>9，并写出解集右端常数的值。,5 | 4 | 3 | 6,5 | 4 | 3 | 6,4,4,4,4,两边同时减去 5，得 x>9-5=4，所以解集右端常数为 4。,两边同时减去 5，得 x>9-5=4，所以解集右端常数为 4。,Already remediated to ask for the right-side constant after solving the inequality.
hjb-high-ds-v1-s4-056,S4,hjb-v1,等式与不等式,fill-in,Exam,P1,ambiguous-prompt,right-end-constant,fixed,prompt-clarification,变式0056：填空：解不等式 x+8>19，并写出解集右端常数的值。,变式0056：填空：解不等式 x+8>19，并写出解集右端常数的值。,,,11,11,11,11,两边同时减去 8，得 x>19-8=11，所以解集右端常数为 11。,两边同时减去 8，得 x>19-8=11，所以解集右端常数为 11。,Already remediated to ask for the right-side constant after solving the inequality.
hjb-high-ds-v1-s4-057,S4,hjb-v1,等式与不等式,short-answer,Core,P1,ambiguous-prompt,right-end-constant,fixed,prompt-clarification,变式0057：解答：解不等式 x+10>12，并写出解集右端常数的值。,变式0057：解答：解不等式 x+10>12，并写出解集右端常数的值。,,,2,2,2,2,两边同时减去 10，得 x>12-10=2，所以解集右端常数为 2。,两边同时减去 10，得 x>12-10=2，所以解集右端常数为 2。,Already remediated to ask for the right-side constant after solving the inequality.
hjb-high-ds-v1-s4-058,S4,hjb-v1,等式与不等式,multiple-choice,Challenge,P1,ambiguous-prompt,right-end-constant,fixed,prompt-clarification,变式0058：选择：解不等式 x+2>18，并写出解集右端常数的值。,变式0058：选择：解不等式 x+2>18，并写出解集右端常数的值。,17 | 15 | 16 | 18,17 | 15 | 16 | 18,16,16,16,16,两边同时减去 2，得 x>18-2=16，所以解集右端常数为 16。,两边同时减去 2，得 x>18-2=16，所以解集右端常数为 16。,Already remediated to ask for the right-side constant after solving the inequality.
hjb-high-ds-v1-s4-059,S4,hjb-v1,等式与不等式,fill-in,Foundation,P1,ambiguous-prompt,right-end-constant,fixed,prompt-clarification,变式0059：填空：解不等式 x+11>10，并写出解集右端常数的值。,变式0059：填空：解不等式 x+11>10，并写出解集右端常数的值。,,,-1,-1,-1,-1,两边同时减去 11，得 x>10-11=-1，所以解集右端常数为 -1。,两边同时减去 11，得 x>10-11=-1，所以解集右端常数为 -1。,Already remediated to ask for the right-side constant after solving the inequality.
hjb-high-ds-v1-s4-060,S4,hjb-v1,等式与不等式,short-answer,Exam,P1,ambiguous-prompt,right-end-constant,fixed,prompt-clarification,变式0060：解答：解不等式 x+5>6，并写出解集右端常数的值。,变式0060：解答：解不等式 x+5>6，并写出解集右端常数的值。,,,1,1,1,1,两边同时减去 5，得 x>6-5=1，所以解集右端常数为 1。,两边同时减去 5，得 x>6-5=1，所以解集右端常数为 1。,Already remediated to ask for the right-side constant after solving the inequality.
hjb-high-ds-v1-s4-061,S4,hjb-v1,等式与不等式,multiple-choice,Core,P1,wrong-answer,right-end-constant,fixed,prompt-clarification,变式0061：选择：解不等式 x+9>4，并写出解集右端常数的值。,变式0061：选择：解不等式 x+9>4，并写出解集右端常数的值。,-4 | -6 | -5 | -3,-4 | -6 | -5 | -3,-5,-5,-5,-5,两边同时减去 9，得 x>4-9=-5，所以解集右端常数为 -5。,两边同时减去 9，得 x>4-9=-5，所以解集右端常数为 -5。,Already remediated to ask for the right-side constant after solving the inequality.
hjb-high-ds-v1-s4-081,S4,hjb-v1,等式与不等式,short-answer,Core,P1,wrong-answer,right-end-constant,fixed,prompt-clarification,变式0081：解答：解不等式 x+10>5，并写出解集右端常数的值。,变式0081：解答：解不等式 x+10>5，并写出解集右端常数的值。,,,-5,-5,-5,-5,两边同时减去 10，得 x>5-10=-5，所以解集右端常数为 -5。,两边同时减去 10，得 x>5-10=-5，所以解集右端常数为 -5。,Already remediated to ask for the right-side constant after solving the inequality.
hjb-high-ds-v1-s4-251,S4,hjb-v1,三角,fill-in,Foundation,P1,wrong-answer,ABdotAC,fixed,length-product-wording,变式0251：填空：在三角形 ABC 中，若 AB=10，AC=7，求边 AB 与边 AC 的长度乘积。,变式0251：填空：在三角形 ABC 中，若 AB=10，AC=7，求边 AB 与边 AC 的长度乘积。,,,70,70,70,70,边 AB 与边 AC 的长度乘积为 10×7=70。,边 AB 与边 AC 的长度乘积为 10×7=70。,Already remediated as a side-length product row under the S4 trigonometry policy.
hjb-high-ds-v1-s4-252,S4,hjb-v1,三角,short-answer,Core,P1,wrong-answer,ABdotAC,fixed,length-product-wording,变式0252：解答：在三角形 ABC 中，若 AB=8，AC=4，求边 AB 与边 AC 的长度乘积。,变式0252：解答：在三角形 ABC 中，若 AB=8，AC=4，求边 AB 与边 AC 的长度乘积。,,,32,32,32,32,边 AB 与边 AC 的长度乘积为 8×4=32。,边 AB 与边 AC 的长度乘积为 8×4=32。,Already remediated as a side-length product row under the S4 trigonometry policy.
hjb-high-ds-v1-s4-253,S4,hjb-v1,三角,multiple-choice,Challenge,P1,wrong-answer,ABdotAC,fixed,length-product-wording,变式0253：选择：在三角形 ABC 中，若 AB=2，AC=4，求边 AB 与边 AC 的长度乘积。,变式0253：选择：在三角形 ABC 中，若 AB=2，AC=4，求边 AB 与边 AC 的长度乘积。,10 | 8 | 6 | 12,10 | 8 | 6 | 12,8,8,8,8,边 AB 与边 AC 的长度乘积为 2×4=8。,边 AB 与边 AC 的长度乘积为 2×4=8。,Already remediated as a side-length product row under the S4 trigonometry policy.
hjb-high-ds-v1-s4-254,S4,hjb-v1,三角,fill-in,Foundation,P1,wrong-answer,ABdotAC,fixed,length-product-wording,变式0254：填空：在三角形 ABC 中，若 AB=10，AC=5，求边 AB 与边 AC 的长度乘积。,变式0254：填空：在三角形 ABC 中，若 AB=10，AC=5，求边 AB 与边 AC 的长度乘积。,,,50,50,50,50,边 AB 与边 AC 的长度乘积为 10×5=50。,边 AB 与边 AC 的长度乘积为 10×5=50。,Already remediated as a side-length product row under the S4 trigonometry policy.
hjb-high-ds-v1-s4-255,S4,hjb-v1,三角,short-answer,Core,P1,wrong-answer,ABdotAC,fixed,length-product-wording,变式0255：解答：在三角形 ABC 中，若 AB=3，AC=9，求边 AB 与边 AC 的长度乘积。,变式0255：解答：在三角形 ABC 中，若 AB=3，AC=9，求边 AB 与边 AC 的长度乘积。,,,27,27,27,27,边 AB 与边 AC 的长度乘积为 3×9=27。,边 AB 与边 AC 的长度乘积为 3×9=27。,Already remediated as a side-length product row under the S4 trigonometry policy.
hjb-high-ds-v1-s4-256,S4,hjb-v1,三角,multiple-choice,Challenge,P1,wrong-answer,ABdotAC,fixed,length-product-wording,变式0256：选择：在三角形 ABC 中，若 AB=12，AC=10，求边 AB 与边 AC 的长度乘积。,变式0256：选择：在三角形 ABC 中，若 AB=12，AC=10，求边 AB 与边 AC 的长度乘积。,132 | 108 | 120 | 144,132 | 108 | 120 | 144,120,120,120,120,边 AB 与边 AC 的长度乘积为 12×10=120。,边 AB 与边 AC 的长度乘积为 12×10=120。,Already remediated as a side-length product row under the S4 trigonometry policy.
hjb-high-ds-v1-s4-257,S4,hjb-v1,三角,fill-in,Foundation,P1,wrong-answer,ABdotAC,fixed,length-product-wording,变式0257：填空：在三角形 ABC 中，若 AB=4，AC=15，求边 AB 与边 AC 的长度乘积。,变式0257：填空：在三角形 ABC 中，若 AB=4，AC=15，求边 AB 与边 AC 的长度乘积。,,,60,60,60,60,边 AB 与边 AC 的长度乘积为 4×15=60。,边 AB 与边 AC 的长度乘积为 4×15=60。,Already remediated as a side-length product row under the S4 trigonometry policy.
hjb-high-ds-v1-s4-258,S4,hjb-v1,三角,short-answer,Core,P1,wrong-answer,ABdotAC,fixed,length-product-wording,变式0258：解答：在三角形 ABC 中，若 AB=4，AC=5，求边 AB 与边 AC 的长度乘积。,变式0258：解答：在三角形 ABC 中，若 AB=4，AC=5，求边 AB 与边 AC 的长度乘积。,,,20,20,20,20,边 AB 与边 AC 的长度乘积为 4×5=20。,边 AB 与边 AC 的长度乘积为 4×5=20。,Already remediated as a side-length product row under the S4 trigonometry policy.
hjb-high-ds-v1-s4-259,S4,hjb-v1,三角,multiple-choice,Challenge,P1,wrong-answer,ABdotAC,fixed,length-product-wording,变式0259：选择：在三角形 ABC 中，若 AB=10，AC=10，求边 AB 与边 AC 的长度乘积。,变式0259：选择：在三角形 ABC 中，若 AB=10，AC=10，求边 AB 与边 AC 的长度乘积。,110 | 90 | 120 | 100,110 | 90 | 120 | 100,100,100,100,100,边 AB 与边 AC 的长度乘积为 10×10=100。,边 AB 与边 AC 的长度乘积为 10×10=100。,Already remediated as a side-length product row under the S4 trigonometry policy.
hjb-high-ds-v1-s4-260,S4,hjb-v1,三角,fill-in,Foundation,P1,wrong-answer,ABdotAC,fixed,length-product-wording,变式0260：填空：在三角形 ABC 中，若 AB=12，AC=18，求边 AB 与边 AC 的长度乘积。,变式0260：填空：在三角形 ABC 中，若 AB=12，AC=18，求边 AB 与边 AC 的长度乘积。,,,216,216,216,216,边 AB 与边 AC 的长度乘积为 12×18=216。,边 AB 与边 AC 的长度乘积为 12×18=216。,Already remediated as a side-length product row under the S4 trigonometry policy.
hjb-high-ds-v1-s5-100,S5,hjb-v1,简单几何体,multiple-choice,Exam,P1,wrong-answer,rectangular-prism-volume,false_positive,no-data-change,变式0600：选择：一个长方体的长、宽、高分别为 11、11、14，求体积。,变式0600：选择：一个长方体的长、宽、高分别为 11、11、14，求体积。,1705 | 1683 | 1716 | 1694,1705 | 1683 | 1716 | 1694,1694,1694,1694,1694,长方体体积=长×宽×高=11×11×14=1694。,长方体体积=长×宽×高=11×11×14=1694。,"11×11×14=1694, the correct option is present once, and acceptedAnswers already contains 1694."
hjb-high-ds-v1-s6-421,S6,hjb-v1,跨册综合：三角向量解析几何,fill-in,Challenge,P1,wrong-answer | explanation-mismatch,ABdotAC,fixed,vector-dot-product-answer,变式1421：填空：在三角形 ABC 中，若 AB=7，AC=20，且 ∠A=60°，求向量 \overrightarrow{AB} 与 \overrightarrow{AC} 的数量积。,变式1421：填空：在三角形 ABC 中，若 AB=7，AC=20，且 ∠A=60°，求向量 \overrightarrow{AB} 与 \overrightarrow{AC} 的数量积。,,,70,70,70,70,\overrightarrow{AB}·\overrightarrow{AC}=|AB||AC|cos∠A=7×20×cos60°=7×20×1/2=70。,\overrightarrow{AB}·\overrightarrow{AC}=|AB||AC|cos∠A=7×20×cos60°=7×20×1/2=70。,Already remediated as a vector dot-product row under the S6 vector-context policy.
hjb-high-ds-v1-s6-422,S6,hjb-v1,跨册综合：三角向量解析几何,multiple-choice,Foundation,P1,wrong-answer | explanation-mismatch,ABdotAC,fixed,vector-dot-product-answer,变式1422：选择：在三角形 ABC 中，若 AB=4，AC=17，且 ∠A=60°，求向量 \overrightarrow{AB} 与 \overrightarrow{AC} 的数量积。,变式1422：选择：在三角形 ABC 中，若 AB=4，AC=17，且 ∠A=60°，求向量 \overrightarrow{AB} 与 \overrightarrow{AC} 的数量积。,68 | 34 | 35 | 33,68 | 34 | 35 | 33,34,34,34,34,\overrightarrow{AB}·\overrightarrow{AC}=|AB||AC|cos∠A=4×17×cos60°=4×17×1/2=34。,\overrightarrow{AB}·\overrightarrow{AC}=|AB||AC|cos∠A=4×17×cos60°=4×17×1/2=34。,Already remediated as a vector dot-product row under the S6 vector-context policy.
hjb-high-ds-v1-s6-423,S6,hjb-v1,跨册综合：三角向量解析几何,fill-in,Core,P1,wrong-answer | explanation-mismatch,ABdotAC,fixed,vector-dot-product-answer,变式1423：填空：在三角形 ABC 中，若 AB=6，AC=14，且 ∠A=60°，求向量 \overrightarrow{AB} 与 \overrightarrow{AC} 的数量积。,变式1423：填空：在三角形 ABC 中，若 AB=6，AC=14，且 ∠A=60°，求向量 \overrightarrow{AB} 与 \overrightarrow{AC} 的数量积。,,,42,42,42,42,\overrightarrow{AB}·\overrightarrow{AC}=|AB||AC|cos∠A=6×14×cos60°=6×14×1/2=42。,\overrightarrow{AB}·\overrightarrow{AC}=|AB||AC|cos∠A=6×14×cos60°=6×14×1/2=42。,Already remediated as a vector dot-product row under the S6 vector-context policy.
hjb-high-ds-v1-s6-424,S6,hjb-v1,跨册综合：三角向量解析几何,multiple-choice,Challenge,P1,wrong-answer | explanation-mismatch,ABdotAC,fixed,vector-dot-product-answer,变式1424：选择：在三角形 ABC 中，若 AB=4，AC=10，且 ∠A=60°，求向量 \overrightarrow{AB} 与 \overrightarrow{AC} 的数量积。,变式1424：选择：在三角形 ABC 中，若 AB=4，AC=10，且 ∠A=60°，求向量 \overrightarrow{AB} 与 \overrightarrow{AC} 的数量积。,40 | 21 | 19 | 20,40 | 21 | 19 | 20,20,20,20,20,\overrightarrow{AB}·\overrightarrow{AC}=|AB||AC|cos∠A=4×10×cos60°=4×10×1/2=20。,\overrightarrow{AB}·\overrightarrow{AC}=|AB||AC|cos∠A=4×10×cos60°=4×10×1/2=20。,Already remediated as a vector dot-product row under the S6 vector-context policy.
hjb-high-ds-v1-s6-425,S6,hjb-v1,跨册综合：三角向量解析几何,fill-in,Foundation,P1,wrong-answer | explanation-mismatch,ABdotAC,fixed,vector-dot-product-answer,变式1425：填空：在三角形 ABC 中，若 AB=2，AC=16，且 ∠A=60°，求向量 \overrightarrow{AB} 与 \overrightarrow{AC} 的数量积。,变式1425：填空：在三角形 ABC 中，若 AB=2，AC=16，且 ∠A=60°，求向量 \overrightarrow{AB} 与 \overrightarrow{AC} 的数量积。,,,16,16,16,16,\overrightarrow{AB}·\overrightarrow{AC}=|AB||AC|cos∠A=2×16×cos60°=2×16×1/2=16。,\overrightarrow{AB}·\overrightarrow{AC}=|AB||AC|cos∠A=2×16×cos60°=2×16×1/2=16。,Already remediated as a vector dot-product row under the S6 vector-context policy.
hjb-high-ds-v1-s6-426,S6,hjb-v1,跨册综合：三角向量解析几何,multiple-choice,Core,P1,wrong-answer | explanation-mismatch,ABdotAC,fixed,vector-dot-product-answer,变式1426：选择：在三角形 ABC 中，若 AB=4，AC=14，且 ∠A=60°，求向量 \overrightarrow{AB} 与 \overrightarrow{AC} 的数量积。,变式1426：选择：在三角形 ABC 中，若 AB=4，AC=14，且 ∠A=60°，求向量 \overrightarrow{AB} 与 \overrightarrow{AC} 的数量积。,56 | 28 | 29 | 27,56 | 28 | 29 | 27,28,28,28,28,\overrightarrow{AB}·\overrightarrow{AC}=|AB||AC|cos∠A=4×14×cos60°=4×14×1/2=28。,\overrightarrow{AB}·\overrightarrow{AC}=|AB||AC|cos∠A=4×14×cos60°=4×14×1/2=28。,Already remediated as a vector dot-product row under the S6 vector-context policy.
hjb-high-ds-v1-s6-427,S6,hjb-v1,跨册综合：三角向量解析几何,fill-in,Core,P1,wrong-answer | explanation-mismatch,ABdotAC,fixed,vector-dot-product-answer,变式1427：填空：在三角形 ABC 中，若 AB=6，AC=18，且 ∠A=60°，求向量 \overrightarrow{AB} 与 \overrightarrow{AC} 的数量积。,变式1427：填空：在三角形 ABC 中，若 AB=6，AC=18，且 ∠A=60°，求向量 \overrightarrow{AB} 与 \overrightarrow{AC} 的数量积。,,,54,54,54,54,\overrightarrow{AB}·\overrightarrow{AC}=|AB||AC|cos∠A=6×18×cos60°=6×18×1/2=54。,\overrightarrow{AB}·\overrightarrow{AC}=|AB||AC|cos∠A=6×18×cos60°=6×18×1/2=54。,Already remediated as a vector dot-product row under the S6 vector-context policy.
hjb-high-ds-v1-s6-428,S6,hjb-v1,跨册综合：三角向量解析几何,multiple-choice,Core,P1,wrong-answer | explanation-mismatch,ABdotAC,fixed,vector-dot-product-answer,变式1428：选择：在三角形 ABC 中，若 AB=12，AC=5，且 ∠A=60°，求向量 \overrightarrow{AB} 与 \overrightarrow{AC} 的数量积。,变式1428：选择：在三角形 ABC 中，若 AB=12，AC=5，且 ∠A=60°，求向量 \overrightarrow{AB} 与 \overrightarrow{AC} 的数量积。,60 | 31 | 29 | 30,60 | 31 | 29 | 30,30,30,30,30,\overrightarrow{AB}·\overrightarrow{AC}=|AB||AC|cos∠A=12×5×cos60°=12×5×1/2=30。,\overrightarrow{AB}·\overrightarrow{AC}=|AB||AC|cos∠A=12×5×cos60°=12×5×1/2=30。,Already remediated as a vector dot-product row under the S6 vector-context policy.
hjb-high-ds-v1-s6-429,S6,hjb-v1,跨册综合：三角向量解析几何,fill-in,Core,P1,wrong-answer | explanation-mismatch,ABdotAC,fixed,vector-dot-product-answer,变式1429：填空：在三角形 ABC 中，若 AB=8，AC=20，且 ∠A=60°，求向量 \overrightarrow{AB} 与 \overrightarrow{AC} 的数量积。,变式1429：填空：在三角形 ABC 中，若 AB=8，AC=20，且 ∠A=60°，求向量 \overrightarrow{AB} 与 \overrightarrow{AC} 的数量积。,,,80,80,80,80,\overrightarrow{AB}·\overrightarrow{AC}=|AB||AC|cos∠A=8×20×cos60°=8×20×1/2=80。,\overrightarrow{AB}·\overrightarrow{AC}=|AB||AC|cos∠A=8×20×cos60°=8×20×1/2=80。,Already remediated as a vector dot-product row under the S6 vector-context policy.
hjb-high-ds-v1-s6-430,S6,hjb-v1,跨册综合：三角向量解析几何,multiple-choice,Core,P1,wrong-answer | explanation-mismatch,ABdotAC,fixed,vector-dot-product-answer,变式1430：选择：在三角形 ABC 中，若 AB=5，AC=11，且 ∠A=60°，求向量 \overrightarrow{AB} 与 \overrightarrow{AC} 的数量积。,变式1430：选择：在三角形 ABC 中，若 AB=5，AC=11，且 ∠A=60°，求向量 \overrightarrow{AB} 与 \overrightarrow{AC} 的数量积。,55 | 28.5 | 27.5 | 26.5,55 | 28.5 | 27.5 | 26.5,27.5,27.5,27.5 | 55/2,27.5 | 55/2,\overrightarrow{AB}·\overrightarrow{AC}=|AB||AC|cos∠A=5×11×cos60°=5×11×1/2=27.5。,\overrightarrow{AB}·\overrightarrow{AC}=|AB||AC|cos∠A=5×11×cos60°=5×11×1/2=27.5。,Already remediated as a vector dot-product row under the S6 vector-context policy.
hjb-high-ds-v1-s6-431,S6,hjb-v1,跨册综合：三角向量解析几何,fill-in,Core,P1,wrong-answer | explanation-mismatch,ABdotAC,fixed,vector-dot-product-answer,变式1431：填空：在三角形 ABC 中，若 AB=8，AC=13，且 ∠A=60°，求向量 \overrightarrow{AB} 与 \overrightarrow{AC} 的数量积。,变式1431：填空：在三角形 ABC 中，若 AB=8，AC=13，且 ∠A=60°，求向量 \overrightarrow{AB} 与 \overrightarrow{AC} 的数量积。,,,52,52,52,52,\overrightarrow{AB}·\overrightarrow{AC}=|AB||AC|cos∠A=8×13×cos60°=8×13×1/2=52。,\overrightarrow{AB}·\overrightarrow{AC}=|AB||AC|cos∠A=8×13×cos60°=8×13×1/2=52。,Already remediated as a vector dot-product row under the S6 vector-context policy.
hjb-high-ds-v1-s6-432,S6,hjb-v1,跨册综合：三角向量解析几何,multiple-choice,Core,P1,wrong-answer | explanation-mismatch,ABdotAC,fixed,vector-dot-product-answer,变式1432：选择：在三角形 ABC 中，若 AB=4，AC=20，且 ∠A=60°，求向量 \overrightarrow{AB} 与 \overrightarrow{AC} 的数量积。,变式1432：选择：在三角形 ABC 中，若 AB=4，AC=20，且 ∠A=60°，求向量 \overrightarrow{AB} 与 \overrightarrow{AC} 的数量积。,40 | 80 | 41 | 39,40 | 80 | 41 | 39,40,40,40,40,\overrightarrow{AB}·\overrightarrow{AC}=|AB||AC|cos∠A=4×20×cos60°=4×20×1/2=40。,\overrightarrow{AB}·\overrightarrow{AC}=|AB||AC|cos∠A=4×20×cos60°=4×20×1/2=40。,Already remediated as a vector dot-product row under the S6 vector-context policy.
hjb-high-ds-v1-s6-433,S6,hjb-v1,跨册综合：三角向量解析几何,fill-in,Core,P1,wrong-answer | explanation-mismatch,ABdotAC,fixed,vector-dot-product-answer,变式1433：填空：在三角形 ABC 中，若 AB=8，AC=10，且 ∠A=60°，求向量 \overrightarrow{AB} 与 \overrightarrow{AC} 的数量积。,变式1433：填空：在三角形 ABC 中，若 AB=8，AC=10，且 ∠A=60°，求向量 \overrightarrow{AB} 与 \overrightarrow{AC} 的数量积。,,,40,40,40,40,\overrightarrow{AB}·\overrightarrow{AC}=|AB||AC|cos∠A=8×10×cos60°=8×10×1/2=40。,\overrightarrow{AB}·\overrightarrow{AC}=|AB||AC|cos∠A=8×10×cos60°=8×10×1/2=40。,Already remediated as a vector dot-product row under the S6 vector-context policy.
hjb-high-ds-v1-s6-434,S6,hjb-v1,跨册综合：三角向量解析几何,multiple-choice,Core,P1,wrong-answer | explanation-mismatch,ABdotAC,fixed,vector-dot-product-answer,变式1434：选择：在三角形 ABC 中，若 AB=5，AC=15，且 ∠A=60°，求向量 \overrightarrow{AB} 与 \overrightarrow{AC} 的数量积。,变式1434：选择：在三角形 ABC 中，若 AB=5，AC=15，且 ∠A=60°，求向量 \overrightarrow{AB} 与 \overrightarrow{AC} 的数量积。,75 | 38.5 | 37.5 | 36.5,75 | 38.5 | 37.5 | 36.5,37.5,37.5,37.5 | 75/2,37.5 | 75/2,\overrightarrow{AB}·\overrightarrow{AC}=|AB||AC|cos∠A=5×15×cos60°=5×15×1/2=37.5。,\overrightarrow{AB}·\overrightarrow{AC}=|AB||AC|cos∠A=5×15×cos60°=5×15×1/2=37.5。,Already remediated as a vector dot-product row under the S6 vector-context policy.
hjb-high-ds-v1-s6-435,S6,hjb-v1,跨册综合：三角向量解析几何,fill-in,Core,P1,wrong-answer | explanation-mismatch,ABdotAC,fixed,vector-dot-product-answer,变式1435：填空：在三角形 ABC 中，若 AB=12，AC=13，且 ∠A=60°，求向量 \overrightarrow{AB} 与 \overrightarrow{AC} 的数量积。,变式1435：填空：在三角形 ABC 中，若 AB=12，AC=13，且 ∠A=60°，求向量 \overrightarrow{AB} 与 \overrightarrow{AC} 的数量积。,,,78,78,78,78,\overrightarrow{AB}·\overrightarrow{AC}=|AB||AC|cos∠A=12×13×cos60°=12×13×1/2=78。,\overrightarrow{AB}·\overrightarrow{AC}=|AB||AC|cos∠A=12×13×cos60°=12×13×1/2=78。,Already remediated as a vector dot-product row under the S6 vector-context policy.
hjb-high-ds-v1-s6-436,S6,hjb-v1,跨册综合：三角向量解析几何,multiple-choice,Core,P1,wrong-answer | explanation-mismatch,ABdotAC,fixed,vector-dot-product-answer,变式1436：选择：在三角形 ABC 中，若 AB=3，AC=5，且 ∠A=60°，求向量 \overrightarrow{AB} 与 \overrightarrow{AC} 的数量积。,变式1436：选择：在三角形 ABC 中，若 AB=3，AC=5，且 ∠A=60°，求向量 \overrightarrow{AB} 与 \overrightarrow{AC} 的数量积。,7.5 | 15 | 8.5 | 6.5,7.5 | 15 | 8.5 | 6.5,7.5,7.5,7.5 | 15/2,7.5 | 15/2,\overrightarrow{AB}·\overrightarrow{AC}=|AB||AC|cos∠A=3×5×cos60°=3×5×1/2=7.5。,\overrightarrow{AB}·\overrightarrow{AC}=|AB||AC|cos∠A=3×5×cos60°=3×5×1/2=7.5。,Already remediated as a vector dot-product row under the S6 vector-context policy.
hjb-high-ds-v1-s6-437,S6,hjb-v1,跨册综合：三角向量解析几何,fill-in,Core,P1,wrong-answer | explanation-mismatch,ABdotAC,fixed,vector-dot-product-answer,变式1437：填空：在三角形 ABC 中，若 AB=2，AC=4，且 ∠A=60°，求向量 \overrightarrow{AB} 与 \overrightarrow{AC} 的数量积。,变式1437：填空：在三角形 ABC 中，若 AB=2，AC=4，且 ∠A=60°，求向量 \overrightarrow{AB} 与 \overrightarrow{AC} 的数量积。,,,4,4,4,4,\overrightarrow{AB}·\overrightarrow{AC}=|AB||AC|cos∠A=2×4×cos60°=2×4×1/2=4。,\overrightarrow{AB}·\overrightarrow{AC}=|AB||AC|cos∠A=2×4×cos60°=2×4×1/2=4。,Already remediated as a vector dot-product row under the S6 vector-context policy.
hjb-high-ds-v1-s6-438,S6,hjb-v1,跨册综合：三角向量解析几何,multiple-choice,Core,P1,wrong-answer | explanation-mismatch,ABdotAC,fixed,vector-dot-product-answer,变式1438：选择：在三角形 ABC 中，若 AB=6，AC=19，且 ∠A=60°，求向量 \overrightarrow{AB} 与 \overrightarrow{AC} 的数量积。,变式1438：选择：在三角形 ABC 中，若 AB=6，AC=19，且 ∠A=60°，求向量 \overrightarrow{AB} 与 \overrightarrow{AC} 的数量积。,114 | 58 | 57 | 56,114 | 58 | 57 | 56,57,57,57,57,\overrightarrow{AB}·\overrightarrow{AC}=|AB||AC|cos∠A=6×19×cos60°=6×19×1/2=57。,\overrightarrow{AB}·\overrightarrow{AC}=|AB||AC|cos∠A=6×19×cos60°=6×19×1/2=57。,Already remediated as a vector dot-product row under the S6 vector-context policy.
hjb-high-ds-v1-s6-439,S6,hjb-v1,跨册综合：三角向量解析几何,fill-in,Core,P1,wrong-answer | explanation-mismatch,ABdotAC,fixed,vector-dot-product-answer,变式1439：填空：在三角形 ABC 中，若 AB=4，AC=13，且 ∠A=60°，求向量 \overrightarrow{AB} 与 \overrightarrow{AC} 的数量积。,变式1439：填空：在三角形 ABC 中，若 AB=4，AC=13，且 ∠A=60°，求向量 \overrightarrow{AB} 与 \overrightarrow{AC} 的数量积。,,,26,26,26,26,\overrightarrow{AB}·\overrightarrow{AC}=|AB||AC|cos∠A=4×13×cos60°=4×13×1/2=26。,\overrightarrow{AB}·\overrightarrow{AC}=|AB||AC|cos∠A=4×13×cos60°=4×13×1/2=26。,Already remediated as a vector dot-product row under the S6 vector-context policy.
hjb-high-ds-v1-s6-440,S6,hjb-v1,跨册综合：三角向量解析几何,multiple-choice,Core,P1,wrong-answer | explanation-mismatch,ABdotAC,fixed,vector-dot-product-answer,变式1440：选择：在三角形 ABC 中，若 AB=6，AC=10，且 ∠A=60°，求向量 \overrightarrow{AB} 与 \overrightarrow{AC} 的数量积。,变式1440：选择：在三角形 ABC 中，若 AB=6，AC=10，且 ∠A=60°，求向量 \overrightarrow{AB} 与 \overrightarrow{AC} 的数量积。,60 | 30 | 31 | 29,60 | 30 | 31 | 29,30,30,30,30,\overrightarrow{AB}·\overrightarrow{AC}=|AB||AC|cos∠A=6×10×cos60°=6×10×1/2=30。,\overrightarrow{AB}·\overrightarrow{AC}=|AB||AC|cos∠A=6×10×cos60°=6×10×1/2=30。,Already remediated as a vector dot-product row under the S6 vector-context policy.
hjb-high-ds-v2-s4-033,S4,hjb-v2,集合与逻辑,short-answer,Core,P1,wrong-answer,set-containment-empty-set,fixed,prompt-clarification,设集合 A = {x | -2 ≤ x ≤ 5}，B = {x | m + 1 ≤ x ≤ 2m - 1}。若 B ⊆ A（允许 B 为空集），求实数 m 的取值范围。,设集合 A = {x | -2 ≤ x ≤ 5}，B = {x | m + 1 ≤ x ≤ 2m - 1}。若 B ⊆ A（允许 B 为空集），求实数 m 的取值范围。,,,m ≤ 3,m ≤ 3,m ≤ 3 | m≤3,m ≤ 3 | m≤3,若 B=∅，则 m+1>2m-1，得 m<2，此时 B⊆A。若 B≠∅，则需 m+1≤2m-1、m+1≥-2 且 2m-1≤5，得 2≤m≤3。合并 m<2 或 2≤m≤3，故 m≤3。,若 B=∅，则 m+1>2m-1，得 m<2，此时 B⊆A。若 B≠∅，则需 m+1≤2m-1、m+1≥-2 且 2m-1≤5，得 2≤m≤3。合并 m<2 或 2≤m≤3，故 m≤3。,"Made the empty-set convention explicit; with B allowed empty, the original answer m≤3 is mathematically correct."
hjb-high-ds-v2-s4-075,S4,hjb-v2,等式与不等式,short-answer,Foundation,P1,ambiguous-prompt,right-end-constant,fixed,prompt-clarification,二轮变式0075：解答：解不等式 x+3>4，并写出解集右端常数的值。,二轮变式0075：解答：解不等式 x+3>4，并写出解集右端常数的值。,,,1,1,1,1,两边同时减去 3，得 x>4-3=1，所以解集右端常数为 1。,两边同时减去 3，得 x>4-3=1，所以解集右端常数为 1。,Already remediated to ask for the right-side constant after solving the inequality.
hjb-high-ds-v2-s4-084,S4,hjb-v2,等式与不等式,short-answer,Exam,P1,wrong-answer,quadratic-bound,fixed,explanation-clarification,"已知函数 f(x)=x²+ax+b（a,b∈R），若对于任意 x∈[0,1]，都有 |f(x)|≤1，求 a+b 的最大值。","已知函数 f(x)=x²+ax+b（a,b∈R），若对于任意 x∈[0,1]，都有 |f(x)|≤1，求 a+b 的最大值。",,,0,0,0,0,"对任意 x∈[0,1] 都有 |f(x)|≤1，特别地 x=1 时也成立。因 f(1)=1+a+b，且 |f(1)|≤1，所以 1+a+b≤1，得 a+b≤0。取 a=0、b=0 时，f(x)=x² 在 [0,1] 上满足 |f(x)|≤1，且 a+b=0，故最大值为 0。","对任意 x∈[0,1] 都有 |f(x)|≤1，特别地 x=1 时也成立。因 f(1)=1+a+b，且 |f(1)|≤1，所以 1+a+b≤1，得 a+b≤0。取 a=0、b=0 时，f(x)=x² 在 [0,1] 上满足 |f(x)|≤1，且 a+b=0，故最大值为 0。",Answer was correct; explanation now states both the upper bound and equality example explicitly.
hjb-high-ds-v2-s4-087,S4,hjb-v2,等式与不等式,short-answer,Foundation,P2,ambiguous-prompt,right-end-constant,fixed,prompt-clarification,二轮变式0087：解答：解不等式 x+10>10，并写出解集右端常数的值。,二轮变式0087：解答：解不等式 x+10>10，并写出解集右端常数的值。,,,0,0,0,0,两边同时减去 10，得 x>10-10=0，所以解集右端常数为 0。,两边同时减去 10，得 x>10-10=0，所以解集右端常数为 0。,Already remediated to ask for the right-side constant after solving the inequality.
hjb-high-ds-v2-s4-088,S4,hjb-v2,等式与不等式,multiple-choice,Exam,P1,wrong-answer | explanation-mismatch,inequality-explanation,fixed,explanation-correction,"已知正实数a, b满足ab = 1，则(1/a + 1/b)(a² + b²)的最小值为？","已知正实数a, b满足ab = 1，则(1/a + 1/b)(a² + b²)的最小值为？",2 | 4 | 8 | 16,2 | 4 | 8 | 16,4,4,4,4,由 ab=1 得 1/a+1/b=(a+b)/ab=a+b。又 a+b≥2√ab=2，且 a²+b²≥2ab=2，所以原式=(a+b)(a²+b²)≥4。当 a=b=1 时取等，最小值为 4。,由 ab=1 得 1/a+1/b=(a+b)/ab=a+b。又 a+b≥2√ab=2，且 a²+b²≥2ab=2，所以原式=(a+b)(a²+b²)≥4。当 a=b=1 时取等，最小值为 4。,Kept the correct answer and replaced the terse AM-GM step with a valid equality-condition proof.
hjb-high-ds-v2-s4-094,S4,hjb-v2,等式与不等式,multiple-choice,Challenge,P2,ambiguous-prompt,right-end-constant,fixed,prompt-clarification,二轮变式0094：选择：解不等式 x+5>5，并写出解集右端常数的值。,二轮变式0094：选择：解不等式 x+5>5，并写出解集右端常数的值。,1 | 0 | -1 | 2,1 | 0 | -1 | 2,0,0,0,0,两边同时减去 5，得 x>5-5=0，所以解集右端常数为 0。,两边同时减去 5，得 x>5-5=0，所以解集右端常数为 0。,Already remediated to ask for the right-side constant after solving the inequality.
hjb-high-ds-v2-s4-123,S4,hjb-v2,幂、指数与对数,short-answer,Foundation,P1,wrong-answer | explanation-mismatch,log-calculation,fixed,explanation-clarification,计算：lg25 + lg2·lg50 + (lg2)²。,计算：lg25 + lg2·lg50 + (lg2)²。,,,2,2,2,2,设 a=lg2，则 lg5=1-a。原式=2lg5+lg2·lg50+(lg2)²=2(1-a)+a(2-a)+a²=2。,设 a=lg2，则 lg5=1-a。原式=2lg5+lg2·lg50+(lg2)²=2(1-a)+a(2-a)+a²=2。,DeepSeek's mismatch flag was a false positive; the simplified derivation confirms the stored answer 2.
hjb-high-ds-v2-s4-145,S4,hjb-v2,幂、指数与对数,multiple-choice,Core,P1,multiple-correct-options,log-identity,fixed,single-correct-option,下列等式中恒成立的是（ ）,下列等式中恒成立的是（ ）,log_a (M + N) = log_a M + log_a N | log_a (M - N) = \frac{\log_a M}{\log_a N} | log_a M^n = (\log_a M)^n | \log_a \sqrt[n]{M} = \frac{1}{n} \log_a M,log_a (M + N) = log_a M + log_a N | log_a (M - N) = \frac{\log_a M}{\log_a N} | log_a M^n = (\log_a M)^n | \log_a \sqrt[n]{M} = \frac{1}{n} \log_a M,\log_a \sqrt[n]{M} = \frac{1}{n} \log_a M,\log_a \sqrt[n]{M} = \frac{1}{n} \log_a M,\log_a \sqrt[n]{M} = \frac{1}{n} \log_a M,\log_a \sqrt[n]{M} = \frac{1}{n} \log_a M,A 错把和的对数拆成对数和，B 错把差的对数写成商，C 把幂的对数误写成对数的幂；D 是根式与分数指数的对数恒等式，故只有 D 正确。,A 错把和的对数拆成对数和，B 错把差的对数写成商，C 把幂的对数误写成对数的幂；D 是根式与分数指数的对数恒等式，故只有 D 正确。,Changed option C to a false identity so the multiple-choice item has only one correct option.
hjb-high-ds-v2-s4-221,S4,hjb-v2,函数的概念、性质及应用,fill-in,Foundation,P1,accepted-answer-gap,domain-accepted-answer,fixed,accepted-answers-cleanup,已知函数 f(x) = √(x - 2) + ln(5 - x)，则 f(x) 的定义域为 ______。（用区间表示）,已知函数 f(x) = √(x - 2) + ln(5 - x)，则 f(x) 的定义域为 ______。（用区间表示）,,,"[2, 5)","[2, 5)","[2, 5) | [2,5)","[2, 5) | [2,5)","由 x-2≥0 得 x≥2，由 5-x>0 得 x<5，取交集得定义域 [2,5)。","由 x-2≥0 得 x≥2，由 5-x>0 得 x<5，取交集得定义域 [2,5)。","Removed (2,5), which incorrectly excludes the endpoint x=2."
hjb-high-ds-v2-s4-248,S4,hjb-v2,函数的概念、性质及应用,fill-in,Foundation,P1,wrong-answer,monotonicity,fixed,explanation-clarification,函数 f(x)=1/(x²-2x-3) 的单调递增区间为______。,函数 f(x)=1/(x²-2x-3) 的单调递增区间为______。,,,"(-∞,-1)和(-1,1)","(-∞,-1)和(-1,1)","(-∞,-1)和(-1,1) | (-∞,-1),(-1,1)","(-∞,-1)和(-1,1) | (-∞,-1),(-1,1)","定义域为 x≠-1,3。f'(x)=-(2x-2)/(x²-2x-3)²，分母平方恒为正，因此 f'(x)>0 等价于 x<1。结合定义域，在每个连续区间上递增的部分为 (-∞,-1) 和 (-1,1)。","定义域为 x≠-1,3。f'(x)=-(2x-2)/(x²-2x-3)²，分母平方恒为正，因此 f'(x)>0 等价于 x<1。结合定义域，在每个连续区间上递增的部分为 (-∞,-1) 和 (-1,1)。","Derivative is f'(x)=-(2x-2)/(x²-2x-3)², so f'(x)>0 for x<1; with x≠-1,3 this gives (-∞,-1) and (-1,1), matching the stored answer."
hjb-high-ds-v2-s4-251,S4,hjb-v2,三角,fill-in,Foundation,P1,wrong-answer,ABdotAC,fixed,length-product-wording,二轮变式0251：填空：在三角形 ABC 中，若 AB=12，AC=10，求边 AB 与边 AC 的长度乘积。,二轮变式0251：填空：在三角形 ABC 中，若 AB=12，AC=10，求边 AB 与边 AC 的长度乘积。,,,120,120,120,120,边 AB 与边 AC 的长度乘积为 12×10=120。,边 AB 与边 AC 的长度乘积为 12×10=120。,Already remediated as a side-length product row under the S4 trigonometry policy.
hjb-high-ds-v2-s4-252,S4,hjb-v2,三角,short-answer,Core,P1,wrong-answer,ABdotAC,fixed,length-product-wording,二轮变式0252：解答：在三角形 ABC 中，若 AB=3，AC=9，求边 AB 与边 AC 的长度乘积。,二轮变式0252：解答：在三角形 ABC 中，若 AB=3，AC=9，求边 AB 与边 AC 的长度乘积。,,,27,27,27,27,边 AB 与边 AC 的长度乘积为 3×9=27。,边 AB 与边 AC 的长度乘积为 3×9=27。,Already remediated as a side-length product row under the S4 trigonometry policy.
hjb-high-ds-v2-s4-253,S4,hjb-v2,三角,multiple-choice,Challenge,P1,wrong-answer,ABdotAC,fixed,length-product-wording,二轮变式0253：选择：在三角形 ABC 中，若 AB=2，AC=14，求边 AB 与边 AC 的长度乘积。,二轮变式0253：选择：在三角形 ABC 中，若 AB=2，AC=14，求边 AB 与边 AC 的长度乘积。,30 | 26 | 28 | 32,30 | 26 | 28 | 32,28,28,28,28,边 AB 与边 AC 的长度乘积为 2×14=28。,边 AB 与边 AC 的长度乘积为 2×14=28。,Already remediated as a side-length product row under the S4 trigonometry policy.
hjb-high-ds-v2-s4-254,S4,hjb-v2,三角,fill-in,Foundation,P1,wrong-answer,ABdotAC,fixed,length-product-wording,二轮变式0254：填空：在三角形 ABC 中，若 AB=2，AC=12，求边 AB 与边 AC 的长度乘积。,二轮变式0254：填空：在三角形 ABC 中，若 AB=2，AC=12，求边 AB 与边 AC 的长度乘积。,,,24,24,24,24,边 AB 与边 AC 的长度乘积为 2×12=24。,边 AB 与边 AC 的长度乘积为 2×12=24。,Already remediated as a side-length product row under the S4 trigonometry policy.
hjb-high-ds-v2-s4-255,S4,hjb-v2,三角,short-answer,Core,P1,wrong-answer,ABdotAC,fixed,length-product-wording,二轮变式0255：解答：在三角形 ABC 中，若 AB=12，AC=20，求边 AB 与边 AC 的长度乘积。,二轮变式0255：解答：在三角形 ABC 中，若 AB=12，AC=20，求边 AB 与边 AC 的长度乘积。,,,240,240,240,240,边 AB 与边 AC 的长度乘积为 12×20=240。,边 AB 与边 AC 的长度乘积为 12×20=240。,Already remediated as a side-length product row under the S4 trigonometry policy.
hjb-high-ds-v2-s4-256,S4,hjb-v2,三角,multiple-choice,Challenge,P1,wrong-answer,ABdotAC,fixed,length-product-wording,二轮变式0256：选择：在三角形 ABC 中，若 AB=4，AC=7，求边 AB 与边 AC 的长度乘积。,二轮变式0256：选择：在三角形 ABC 中，若 AB=4，AC=7，求边 AB 与边 AC 的长度乘积。,32 | 28 | 24 | 36,32 | 28 | 24 | 36,28,28,28,28,边 AB 与边 AC 的长度乘积为 4×7=28。,边 AB 与边 AC 的长度乘积为 4×7=28。,Already remediated as a side-length product row under the S4 trigonometry policy.
hjb-high-ds-v2-s4-257,S4,hjb-v2,三角,fill-in,Foundation,P1,wrong-answer,ABdotAC,fixed,length-product-wording,二轮变式0257：填空：在三角形 ABC 中，若 AB=5，AC=4，求边 AB 与边 AC 的长度乘积。,二轮变式0257：填空：在三角形 ABC 中，若 AB=5，AC=4，求边 AB 与边 AC 的长度乘积。,,,20,20,20,20,边 AB 与边 AC 的长度乘积为 5×4=20。,边 AB 与边 AC 的长度乘积为 5×4=20。,Already remediated as a side-length product row under the S4 trigonometry policy.
hjb-high-ds-v2-s4-258,S4,hjb-v2,三角,short-answer,Core,P1,wrong-answer,ABdotAC,fixed,length-product-wording,二轮变式0258：解答：在三角形 ABC 中，若 AB=8，AC=17，求边 AB 与边 AC 的长度乘积。,二轮变式0258：解答：在三角形 ABC 中，若 AB=8，AC=17，求边 AB 与边 AC 的长度乘积。,,,136,136,136,136,边 AB 与边 AC 的长度乘积为 8×17=136。,边 AB 与边 AC 的长度乘积为 8×17=136。,Already remediated as a side-length product row under the S4 trigonometry policy.
hjb-high-ds-v2-s4-259,S4,hjb-v2,三角,multiple-choice,Challenge,P1,wrong-answer,ABdotAC,fixed,length-product-wording,二轮变式0259：选择：在三角形 ABC 中，若 AB=5，AC=16，求边 AB 与边 AC 的长度乘积。,二轮变式0259：选择：在三角形 ABC 中，若 AB=5，AC=16，求边 AB 与边 AC 的长度乘积。,80 | 85 | 75 | 90,80 | 85 | 75 | 90,80,80,80,80,边 AB 与边 AC 的长度乘积为 5×16=80。,边 AB 与边 AC 的长度乘积为 5×16=80。,Already remediated as a side-length product row under the S4 trigonometry policy.
hjb-high-ds-v2-s4-260,S4,hjb-v2,三角,fill-in,Foundation,P1,wrong-answer,ABdotAC,fixed,length-product-wording,二轮变式0260：填空：在三角形 ABC 中，若 AB=4，AC=17，求边 AB 与边 AC 的长度乘积。,二轮变式0260：填空：在三角形 ABC 中，若 AB=4，AC=17，求边 AB 与边 AC 的长度乘积。,,,68,68,68,68,边 AB 与边 AC 的长度乘积为 4×17=68。,边 AB 与边 AC 的长度乘积为 4×17=68。,Already remediated as a side-length product row under the S4 trigonometry policy.
hjb-high-ds-v2-s4-265,S4,hjb-v2,三角,multiple-choice,Challenge,P1,wrong-answer | explanation-mismatch,trig-max-point,fixed,explanation-clarification,已知函数 f(x)=2sin(ωx+φ)（ω>0，0<φ<π），且 f(0)=1，f(x) 在 x=π/6 处取得最大值。则 ω 和 φ 的值可能是（　）。,已知函数 f(x)=2sin(ωx+φ)（ω>0，0<φ<π），且 f(0)=1，f(x) 在 x=π/6 处取得最大值。则 ω 和 φ 的值可能是（　）。,ω=2，φ=π/6 | ω=1，φ=π/6 | ω=2，φ=5π/6 | ω=3，φ=π/3,ω=2，φ=π/6 | ω=1，φ=π/6 | ω=2，φ=5π/6 | ω=3，φ=π/3,ω=2，φ=π/6,ω=2，φ=π/6,ω=2，φ=π/6,ω=2，φ=π/6,由 f(0)=1 得 sinφ=1/2，所以 φ=π/6 或 5π/6。若 φ=π/6，则在 x=π/6 处取最大值要求 ω·π/6+π/6=π/2+2kπ，取 k=0 得 ω=2，选项 A 成立；若 φ=5π/6，则对应 ω=-2+12k，选项 C 的 ω=2 不能使 x=π/6 成为最大值点。其他选项也不满足条件，故选 ω=2，φ=π/6。,由 f(0)=1 得 sinφ=1/2，所以 φ=π/6 或 5π/6。若 φ=π/6，则在 x=π/6 处取最大值要求 ω·π/6+π/6=π/2+2kπ，取 k=0 得 ω=2，选项 A 成立；若 φ=5π/6，则对应 ω=-2+12k，选项 C 的 ω=2 不能使 x=π/6 成为最大值点。其他选项也不满足条件，故选 ω=2，φ=π/6。,The answer was correct; the explanation now excludes the competing φ=5π/6 option explicitly.
hjb-high-ds-v2-s4-268,S4,hjb-v2,三角,multiple-choice,Challenge,P1,wrong-answer | explanation-mismatch,triangle-shape,fixed,explanation-clarification,在 △ABC 中，角 A、B、C 的对边分别为 a、b、c，且满足 a cos B = b cos A。则 △ABC 的形状是（　）。,在 △ABC 中，角 A、B、C 的对边分别为 a、b、c，且满足 a cos B = b cos A。则 △ABC 的形状是（　）。,等腰三角形 | 直角三角形 | 等边三角形 | 等腰三角形或直角三角形,等腰三角形 | 直角三角形 | 等边三角形 | 等腰三角形或直角三角形,等腰三角形,等腰三角形,等腰三角形,等腰三角形,"由正弦定理，a cosB=b cosA 可化为 sinA cosB=sinB cosA，即 sin(A-B)=0。因 A、B 都是三角形内角，A-B∈(-π,π)，故 A=B，所以 a=b，△ABC 为等腰三角形；直角三角形情形不能额外满足原式。","由正弦定理，a cosB=b cosA 可化为 sinA cosB=sinB cosA，即 sin(A-B)=0。因 A、B 都是三角形内角，A-B∈(-π,π)，故 A=B，所以 a=b，△ABC 为等腰三角形；直角三角形情形不能额外满足原式。",Expanded the proof to rule out the tempting right-triangle distractor.
hjb-high-ds-v2-s4-271,S4,hjb-v2,三角,multiple-choice,Challenge,P2,ambiguous-prompt,ABdotAC,fixed,length-product-wording,二轮变式0271：选择：在三角形 ABC 中，若 AB=10，AC=17，求边 AB 与边 AC 的长度乘积。,二轮变式0271：选择：在三角形 ABC 中，若 AB=10，AC=17，求边 AB 与边 AC 的长度乘积。,180 | 160 | 170 | 190,180 | 160 | 170 | 190,170,170,170,170,边 AB 与边 AC 的长度乘积为 10×17=170。,边 AB 与边 AC 的长度乘积为 10×17=170。,Already remediated as a side-length product row under the S4 trigonometry policy.
hjb-high-ds-v2-s4-272,S4,hjb-v2,三角,fill-in,Foundation,P2,ambiguous-prompt,ABdotAC,fixed,length-product-wording,二轮变式0272：填空：在三角形 ABC 中，若 AB=3，AC=6，求边 AB 与边 AC 的长度乘积。,二轮变式0272：填空：在三角形 ABC 中，若 AB=3，AC=6，求边 AB 与边 AC 的长度乘积。,,,18,18,18,18,边 AB 与边 AC 的长度乘积为 3×6=18。,边 AB 与边 AC 的长度乘积为 3×6=18。,Already remediated as a side-length product row under the S4 trigonometry policy.
hjb-high-ds-v2-s4-273,S4,hjb-v2,三角,short-answer,Core,P2,ambiguous-prompt,ABdotAC,fixed,length-product-wording,二轮变式0273：解答：在三角形 ABC 中，若 AB=6，AC=12，求边 AB 与边 AC 的长度乘积。,二轮变式0273：解答：在三角形 ABC 中，若 AB=6，AC=12，求边 AB 与边 AC 的长度乘积。,,,72,72,72,72,边 AB 与边 AC 的长度乘积为 6×12=72。,边 AB 与边 AC 的长度乘积为 6×12=72。,Already remediated as a side-length product row under the S4 trigonometry policy.
hjb-high-ds-v2-s4-274,S4,hjb-v2,三角,multiple-choice,Challenge,P2,ambiguous-prompt,ABdotAC,fixed,length-product-wording,二轮变式0274：选择：在三角形 ABC 中，若 AB=5，AC=6，求边 AB 与边 AC 的长度乘积。,二轮变式0274：选择：在三角形 ABC 中，若 AB=5，AC=6，求边 AB 与边 AC 的长度乘积。,35 | 30 | 25 | 40,35 | 30 | 25 | 40,30,30,30,30,边 AB 与边 AC 的长度乘积为 5×6=30。,边 AB 与边 AC 的长度乘积为 5×6=30。,Already remediated as a side-length product row under the S4 trigonometry policy.
hjb-high-ds-v2-s4-275,S4,hjb-v2,三角,fill-in,Foundation,P2,ambiguous-prompt,ABdotAC,fixed,length-product-wording,二轮变式0275：填空：在三角形 ABC 中，若 AB=7，AC=19，求边 AB 与边 AC 的长度乘积。,二轮变式0275：填空：在三角形 ABC 中，若 AB=7，AC=19，求边 AB 与边 AC 的长度乘积。,,,133,133,133,133,边 AB 与边 AC 的长度乘积为 7×19=133。,边 AB 与边 AC 的长度乘积为 7×19=133。,Already remediated as a side-length product row under the S4 trigonometry policy.
hjb-high-ds-v2-s4-276,S4,hjb-v2,三角,short-answer,Core,P2,ambiguous-prompt,ABdotAC,fixed,length-product-wording,二轮变式0276：解答：在三角形 ABC 中，若 AB=10，AC=15，求边 AB 与边 AC 的长度乘积。,二轮变式0276：解答：在三角形 ABC 中，若 AB=10，AC=15，求边 AB 与边 AC 的长度乘积。,,,150,150,150,150,边 AB 与边 AC 的长度乘积为 10×15=150。,边 AB 与边 AC 的长度乘积为 10×15=150。,Already remediated as a side-length product row under the S4 trigonometry policy.
hjb-high-ds-v2-s4-277,S4,hjb-v2,三角,multiple-choice,Challenge,P2,ambiguous-prompt,ABdotAC,fixed,length-product-wording,二轮变式0277：选择：在三角形 ABC 中，若 AB=12，AC=7，求边 AB 与边 AC 的长度乘积。,二轮变式0277：选择：在三角形 ABC 中，若 AB=12，AC=7，求边 AB 与边 AC 的长度乘积。,84 | 96 | 72 | 108,84 | 96 | 72 | 108,84,84,84,84,边 AB 与边 AC 的长度乘积为 12×7=84。,边 AB 与边 AC 的长度乘积为 12×7=84。,Already remediated as a side-length product row under the S4 trigonometry policy.
hjb-high-ds-v2-s4-278,S4,hjb-v2,三角,fill-in,Foundation,P2,ambiguous-prompt,ABdotAC,fixed,length-product-wording,二轮变式0278：填空：在三角形 ABC 中，若 AB=7，AC=19，求边 AB 与边 AC 的长度乘积。,二轮变式0278：填空：在三角形 ABC 中，若 AB=7，AC=19，求边 AB 与边 AC 的长度乘积。,,,133,133,133,133,边 AB 与边 AC 的长度乘积为 7×19=133。,边 AB 与边 AC 的长度乘积为 7×19=133。,Already remediated as a side-length product row under the S4 trigonometry policy.
hjb-high-ds-v2-s4-279,S4,hjb-v2,三角,short-answer,Core,P2,ambiguous-prompt,ABdotAC,fixed,length-product-wording,二轮变式0279：解答：在三角形 ABC 中，若 AB=4，AC=4，求边 AB 与边 AC 的长度乘积。,二轮变式0279：解答：在三角形 ABC 中，若 AB=4，AC=4，求边 AB 与边 AC 的长度乘积。,,,16,16,16,16,边 AB 与边 AC 的长度乘积为 4×4=16。,边 AB 与边 AC 的长度乘积为 4×4=16。,Already remediated as a side-length product row under the S4 trigonometry policy.
hjb-high-ds-v2-s4-280,S4,hjb-v2,三角,multiple-choice,Challenge,P2,ambiguous-prompt,ABdotAC,fixed,length-product-wording,二轮变式0280：选择：在三角形 ABC 中，若 AB=5，AC=10，求边 AB 与边 AC 的长度乘积。,二轮变式0280：选择：在三角形 ABC 中，若 AB=5，AC=10，求边 AB 与边 AC 的长度乘积。,55 | 45 | 50 | 60,55 | 45 | 50 | 60,50,50,50,50,边 AB 与边 AC 的长度乘积为 5×10=50。,边 AB 与边 AC 的长度乘积为 5×10=50。,Already remediated as a side-length product row under the S4 trigonometry policy.
hjb-high-ds-v2-s4-301,S4,hjb-v2,三角,multiple-choice,Challenge,P1,wrong-answer,ABdotAC,fixed,length-product-wording,二轮变式0301：选择：在三角形 ABC 中，若 AB=2，AC=6，求边 AB 与边 AC 的长度乘积。,二轮变式0301：选择：在三角形 ABC 中，若 AB=2，AC=6，求边 AB 与边 AC 的长度乘积。,14 | 10 | 12 | 16,14 | 10 | 12 | 16,12,12,12,12,边 AB 与边 AC 的长度乘积为 2×6=12。,边 AB 与边 AC 的长度乘积为 2×6=12。,Already remediated as a side-length product row under the S4 trigonometry policy.
hjb-high-ds-v2-s4-302,S4,hjb-v2,三角,fill-in,Foundation,P1,wrong-answer,ABdotAC,fixed,length-product-wording,二轮变式0302：填空：在三角形 ABC 中，若 AB=10，AC=16，求边 AB 与边 AC 的长度乘积。,二轮变式0302：填空：在三角形 ABC 中，若 AB=10，AC=16，求边 AB 与边 AC 的长度乘积。,,,160,160,160,160,边 AB 与边 AC 的长度乘积为 10×16=160。,边 AB 与边 AC 的长度乘积为 10×16=160。,Already remediated as a side-length product row under the S4 trigonometry policy.
hjb-high-ds-v2-s4-303,S4,hjb-v2,三角,short-answer,Core,P1,wrong-answer,ABdotAC,fixed,length-product-wording,二轮变式0303：解答：在三角形 ABC 中，若 AB=3，AC=5，求边 AB 与边 AC 的长度乘积。,二轮变式0303：解答：在三角形 ABC 中，若 AB=3，AC=5，求边 AB 与边 AC 的长度乘积。,,,15,15,15,15,边 AB 与边 AC 的长度乘积为 3×5=15。,边 AB 与边 AC 的长度乘积为 3×5=15。,Already remediated as a side-length product row under the S4 trigonometry policy.
hjb-high-ds-v2-s4-304,S4,hjb-v2,三角,multiple-choice,Challenge,P1,wrong-answer,ABdotAC,fixed,length-product-wording,二轮变式0304：选择：在三角形 ABC 中，若 AB=10，AC=10，求边 AB 与边 AC 的长度乘积。,二轮变式0304：选择：在三角形 ABC 中，若 AB=10，AC=10，求边 AB 与边 AC 的长度乘积。,110 | 100 | 90 | 120,110 | 100 | 90 | 120,100,100,100,100,边 AB 与边 AC 的长度乘积为 10×10=100。,边 AB 与边 AC 的长度乘积为 10×10=100。,Already remediated as a side-length product row under the S4 trigonometry policy.
hjb-high-ds-v2-s4-305,S4,hjb-v2,三角,fill-in,Foundation,P1,wrong-answer,ABdotAC,fixed,length-product-wording,二轮变式0305：填空：在三角形 ABC 中，若 AB=6，AC=5，求边 AB 与边 AC 的长度乘积。,二轮变式0305：填空：在三角形 ABC 中，若 AB=6，AC=5，求边 AB 与边 AC 的长度乘积。,,,30,30,30,30,边 AB 与边 AC 的长度乘积为 6×5=30。,边 AB 与边 AC 的长度乘积为 6×5=30。,Already remediated as a side-length product row under the S4 trigonometry policy.
hjb-high-ds-v2-s4-306,S4,hjb-v2,三角,short-answer,Core,P1,wrong-answer,ABdotAC,fixed,length-product-wording,二轮变式0306：解答：在三角形 ABC 中，若 AB=11，AC=19，求边 AB 与边 AC 的长度乘积。,二轮变式0306：解答：在三角形 ABC 中，若 AB=11，AC=19，求边 AB 与边 AC 的长度乘积。,,,209,209,209,209,边 AB 与边 AC 的长度乘积为 11×19=209。,边 AB 与边 AC 的长度乘积为 11×19=209。,Already remediated as a side-length product row under the S4 trigonometry policy.
hjb-high-ds-v2-s4-307,S4,hjb-v2,三角,multiple-choice,Challenge,P1,wrong-answer,ABdotAC,fixed,length-product-wording,二轮变式0307：选择：在三角形 ABC 中，若 AB=2，AC=5，求边 AB 与边 AC 的长度乘积。,二轮变式0307：选择：在三角形 ABC 中，若 AB=2，AC=5，求边 AB 与边 AC 的长度乘积。,10 | 12 | 8 | 14,10 | 12 | 8 | 14,10,10,10,10,边 AB 与边 AC 的长度乘积为 2×5=10。,边 AB 与边 AC 的长度乘积为 2×5=10。,Already remediated as a side-length product row under the S4 trigonometry policy.
hjb-high-ds-v2-s4-308,S4,hjb-v2,三角,fill-in,Foundation,P1,wrong-answer,ABdotAC,fixed,length-product-wording,二轮变式0308：填空：在三角形 ABC 中，若 AB=8，AC=13，求边 AB 与边 AC 的长度乘积。,二轮变式0308：填空：在三角形 ABC 中，若 AB=8，AC=13，求边 AB 与边 AC 的长度乘积。,,,104,104,104,104,边 AB 与边 AC 的长度乘积为 8×13=104。,边 AB 与边 AC 的长度乘积为 8×13=104。,Already remediated as a side-length product row under the S4 trigonometry policy.
hjb-high-ds-v2-s4-309,S4,hjb-v2,三角,short-answer,Core,P1,wrong-answer,ABdotAC,fixed,length-product-wording,二轮变式0309：解答：在三角形 ABC 中，若 AB=5，AC=5，求边 AB 与边 AC 的长度乘积。,二轮变式0309：解答：在三角形 ABC 中，若 AB=5，AC=5，求边 AB 与边 AC 的长度乘积。,,,25,25,25,25,边 AB 与边 AC 的长度乘积为 5×5=25。,边 AB 与边 AC 的长度乘积为 5×5=25。,Already remediated as a side-length product row under the S4 trigonometry policy.
hjb-high-ds-v2-s4-310,S4,hjb-v2,三角,multiple-choice,Challenge,P1,wrong-answer,ABdotAC,fixed,length-product-wording,二轮变式0310：选择：在三角形 ABC 中，若 AB=6，AC=4，求边 AB 与边 AC 的长度乘积。,二轮变式0310：选择：在三角形 ABC 中，若 AB=6，AC=4，求边 AB 与边 AC 的长度乘积。,24 | 30 | 18 | 36,24 | 30 | 18 | 36,24,24,24,24,边 AB 与边 AC 的长度乘积为 6×4=24。,边 AB 与边 AC 的长度乘积为 6×4=24。,Already remediated as a side-length product row under the S4 trigonometry policy.
hjb-high-ds-v2-s4-311,S4,hjb-v2,三角,fill-in,Foundation,P1,wrong-answer,ABdotAC,fixed,length-product-wording,二轮变式0311：填空：在三角形 ABC 中，若 AB=3，AC=8，求边 AB 与边 AC 的长度乘积。,二轮变式0311：填空：在三角形 ABC 中，若 AB=3，AC=8，求边 AB 与边 AC 的长度乘积。,,,24,24,24,24,边 AB 与边 AC 的长度乘积为 3×8=24。,边 AB 与边 AC 的长度乘积为 3×8=24。,Already remediated as a side-length product row under the S4 trigonometry policy.
hjb-high-ds-v2-s4-312,S4,hjb-v2,三角,short-answer,Core,P1,wrong-answer,ABdotAC,fixed,length-product-wording,二轮变式0312：解答：在三角形 ABC 中，若 AB=3，AC=5，求边 AB 与边 AC 的长度乘积。,二轮变式0312：解答：在三角形 ABC 中，若 AB=3，AC=5，求边 AB 与边 AC 的长度乘积。,,,15,15,15,15,边 AB 与边 AC 的长度乘积为 3×5=15。,边 AB 与边 AC 的长度乘积为 3×5=15。,Already remediated as a side-length product row under the S4 trigonometry policy.
hjb-high-ds-v2-s4-313,S4,hjb-v2,三角,multiple-choice,Challenge,P1,wrong-answer,ABdotAC,fixed,length-product-wording,二轮变式0313：选择：在三角形 ABC 中，若 AB=7，AC=9，求边 AB 与边 AC 的长度乘积。,二轮变式0313：选择：在三角形 ABC 中，若 AB=7，AC=9，求边 AB 与边 AC 的长度乘积。,70 | 63 | 56 | 77,70 | 63 | 56 | 77,63,63,63,63,边 AB 与边 AC 的长度乘积为 7×9=63。,边 AB 与边 AC 的长度乘积为 7×9=63。,Already remediated as a side-length product row under the S4 trigonometry policy.
hjb-high-ds-v2-s6-421,S6,hjb-v2,跨册综合：三角向量解析几何,fill-in,Challenge,P1,wrong-answer,ABdotAC,fixed,vector-dot-product-answer,二轮变式1421：填空：在三角形 ABC 中，若 AB=10，AC=14，且 ∠A=60°，求向量 \overrightarrow{AB} 与 \overrightarrow{AC} 的数量积。,二轮变式1421：填空：在三角形 ABC 中，若 AB=10，AC=14，且 ∠A=60°，求向量 \overrightarrow{AB} 与 \overrightarrow{AC} 的数量积。,,,70,70,70,70,\overrightarrow{AB}·\overrightarrow{AC}=|AB||AC|cos∠A=10×14×cos60°=10×14×1/2=70。,\overrightarrow{AB}·\overrightarrow{AC}=|AB||AC|cos∠A=10×14×cos60°=10×14×1/2=70。,Already remediated as a vector dot-product row under the S6 vector-context policy.
hjb-high-ds-v2-s6-422,S6,hjb-v2,跨册综合：三角向量解析几何,multiple-choice,Foundation,P1,wrong-answer,ABdotAC,fixed,vector-dot-product-answer,二轮变式1422：选择：在三角形 ABC 中，若 AB=11，AC=17，且 ∠A=60°，求向量 \overrightarrow{AB} 与 \overrightarrow{AC} 的数量积。,二轮变式1422：选择：在三角形 ABC 中，若 AB=11，AC=17，且 ∠A=60°，求向量 \overrightarrow{AB} 与 \overrightarrow{AC} 的数量积。,187 | 94.5 | 93.5 | 92.5,187 | 94.5 | 93.5 | 92.5,93.5,93.5,93.5 | 187/2,93.5 | 187/2,\overrightarrow{AB}·\overrightarrow{AC}=|AB||AC|cos∠A=11×17×cos60°=11×17×1/2=93.5。,\overrightarrow{AB}·\overrightarrow{AC}=|AB||AC|cos∠A=11×17×cos60°=11×17×1/2=93.5。,Already remediated as a vector dot-product row under the S6 vector-context policy.
hjb-high-ds-v2-s6-423,S6,hjb-v2,跨册综合：三角向量解析几何,fill-in,Core,P1,wrong-answer,ABdotAC,fixed,vector-dot-product-answer,二轮变式1423：填空：在三角形 ABC 中，若 AB=12，AC=15，且 ∠A=60°，求向量 \overrightarrow{AB} 与 \overrightarrow{AC} 的数量积。,二轮变式1423：填空：在三角形 ABC 中，若 AB=12，AC=15，且 ∠A=60°，求向量 \overrightarrow{AB} 与 \overrightarrow{AC} 的数量积。,,,90,90,90,90,\overrightarrow{AB}·\overrightarrow{AC}=|AB||AC|cos∠A=12×15×cos60°=12×15×1/2=90。,\overrightarrow{AB}·\overrightarrow{AC}=|AB||AC|cos∠A=12×15×cos60°=12×15×1/2=90。,Already remediated as a vector dot-product row under the S6 vector-context policy.
hjb-high-ds-v2-s6-424,S6,hjb-v2,跨册综合：三角向量解析几何,multiple-choice,Challenge,P1,wrong-answer,ABdotAC,fixed,vector-dot-product-answer,二轮变式1424：选择：在三角形 ABC 中，若 AB=8，AC=20，且 ∠A=60°，求向量 \overrightarrow{AB} 与 \overrightarrow{AC} 的数量积。,二轮变式1424：选择：在三角形 ABC 中，若 AB=8，AC=20，且 ∠A=60°，求向量 \overrightarrow{AB} 与 \overrightarrow{AC} 的数量积。,80 | 160 | 81 | 79,80 | 160 | 81 | 79,80,80,80,80,\overrightarrow{AB}·\overrightarrow{AC}=|AB||AC|cos∠A=8×20×cos60°=8×20×1/2=80。,\overrightarrow{AB}·\overrightarrow{AC}=|AB||AC|cos∠A=8×20×cos60°=8×20×1/2=80。,Already remediated as a vector dot-product row under the S6 vector-context policy.
hjb-high-ds-v2-s6-425,S6,hjb-v2,跨册综合：三角向量解析几何,fill-in,Foundation,P1,wrong-answer,ABdotAC,fixed,vector-dot-product-answer,二轮变式1425：填空：在三角形 ABC 中，若 AB=12，AC=19，且 ∠A=60°，求向量 \overrightarrow{AB} 与 \overrightarrow{AC} 的数量积。,二轮变式1425：填空：在三角形 ABC 中，若 AB=12，AC=19，且 ∠A=60°，求向量 \overrightarrow{AB} 与 \overrightarrow{AC} 的数量积。,,,114,114,114,114,\overrightarrow{AB}·\overrightarrow{AC}=|AB||AC|cos∠A=12×19×cos60°=12×19×1/2=114。,\overrightarrow{AB}·\overrightarrow{AC}=|AB||AC|cos∠A=12×19×cos60°=12×19×1/2=114。,Already remediated as a vector dot-product row under the S6 vector-context policy.
hjb-high-ds-v2-s6-426,S6,hjb-v2,跨册综合：三角向量解析几何,multiple-choice,Core,P1,wrong-answer,ABdotAC,fixed,vector-dot-product-answer,二轮变式1426：选择：在三角形 ABC 中，若 AB=5，AC=20，且 ∠A=60°，求向量 \overrightarrow{AB} 与 \overrightarrow{AC} 的数量积。,二轮变式1426：选择：在三角形 ABC 中，若 AB=5，AC=20，且 ∠A=60°，求向量 \overrightarrow{AB} 与 \overrightarrow{AC} 的数量积。,100 | 51 | 50 | 49,100 | 51 | 50 | 49,50,50,50,50,\overrightarrow{AB}·\overrightarrow{AC}=|AB||AC|cos∠A=5×20×cos60°=5×20×1/2=50。,\overrightarrow{AB}·\overrightarrow{AC}=|AB||AC|cos∠A=5×20×cos60°=5×20×1/2=50。,Already remediated as a vector dot-product row under the S6 vector-context policy.
hjb-high-ds-v2-s6-427,S6,hjb-v2,跨册综合：三角向量解析几何,fill-in,Core,P1,wrong-answer,ABdotAC,fixed,vector-dot-product-answer,二轮变式1427：填空：在三角形 ABC 中，若 AB=5，AC=17，且 ∠A=60°，求向量 \overrightarrow{AB} 与 \overrightarrow{AC} 的数量积。,二轮变式1427：填空：在三角形 ABC 中，若 AB=5，AC=17，且 ∠A=60°，求向量 \overrightarrow{AB} 与 \overrightarrow{AC} 的数量积。,,,42.5,42.5,42.5 | 85/2,42.5 | 85/2,\overrightarrow{AB}·\overrightarrow{AC}=|AB||AC|cos∠A=5×17×cos60°=5×17×1/2=42.5。,\overrightarrow{AB}·\overrightarrow{AC}=|AB||AC|cos∠A=5×17×cos60°=5×17×1/2=42.5。,Already remediated as a vector dot-product row under the S6 vector-context policy.
hjb-high-ds-v2-s6-428,S6,hjb-v2,跨册综合：三角向量解析几何,multiple-choice,Core,P1,wrong-answer,ABdotAC,fixed,vector-dot-product-answer,二轮变式1428：选择：在三角形 ABC 中，若 AB=12，AC=20，且 ∠A=60°，求向量 \overrightarrow{AB} 与 \overrightarrow{AC} 的数量积。,二轮变式1428：选择：在三角形 ABC 中，若 AB=12，AC=20，且 ∠A=60°，求向量 \overrightarrow{AB} 与 \overrightarrow{AC} 的数量积。,120 | 240 | 121 | 119,120 | 240 | 121 | 119,120,120,120,120,\overrightarrow{AB}·\overrightarrow{AC}=|AB||AC|cos∠A=12×20×cos60°=12×20×1/2=120。,\overrightarrow{AB}·\overrightarrow{AC}=|AB||AC|cos∠A=12×20×cos60°=12×20×1/2=120。,Already remediated as a vector dot-product row under the S6 vector-context policy.
hjb-high-ds-v2-s6-429,S6,hjb-v2,跨册综合：三角向量解析几何,fill-in,Core,P1,wrong-answer,ABdotAC,fixed,vector-dot-product-answer,二轮变式1429：填空：在三角形 ABC 中，若 AB=6，AC=15，且 ∠A=60°，求向量 \overrightarrow{AB} 与 \overrightarrow{AC} 的数量积。,二轮变式1429：填空：在三角形 ABC 中，若 AB=6，AC=15，且 ∠A=60°，求向量 \overrightarrow{AB} 与 \overrightarrow{AC} 的数量积。,,,45,45,45,45,\overrightarrow{AB}·\overrightarrow{AC}=|AB||AC|cos∠A=6×15×cos60°=6×15×1/2=45。,\overrightarrow{AB}·\overrightarrow{AC}=|AB||AC|cos∠A=6×15×cos60°=6×15×1/2=45。,Already remediated as a vector dot-product row under the S6 vector-context policy.
hjb-high-ds-v2-s6-430,S6,hjb-v2,跨册综合：三角向量解析几何,multiple-choice,Core,P1,wrong-answer,ABdotAC,fixed,vector-dot-product-answer,二轮变式1430：选择：在三角形 ABC 中，若 AB=5，AC=16，且 ∠A=60°，求向量 \overrightarrow{AB} 与 \overrightarrow{AC} 的数量积。,二轮变式1430：选择：在三角形 ABC 中，若 AB=5，AC=16，且 ∠A=60°，求向量 \overrightarrow{AB} 与 \overrightarrow{AC} 的数量积。,80 | 40 | 41 | 39,80 | 40 | 41 | 39,40,40,40,40,\overrightarrow{AB}·\overrightarrow{AC}=|AB||AC|cos∠A=5×16×cos60°=5×16×1/2=40。,\overrightarrow{AB}·\overrightarrow{AC}=|AB||AC|cos∠A=5×16×cos60°=5×16×1/2=40。,Already remediated as a vector dot-product row under the S6 vector-context policy.
hjb-high-ds-v2-s6-431,S6,hjb-v2,跨册综合：三角向量解析几何,fill-in,Core,P1,wrong-answer,ABdotAC,fixed,vector-dot-product-answer,二轮变式1431：填空：在三角形 ABC 中，若 AB=7，AC=15，且 ∠A=60°，求向量 \overrightarrow{AB} 与 \overrightarrow{AC} 的数量积。,二轮变式1431：填空：在三角形 ABC 中，若 AB=7，AC=15，且 ∠A=60°，求向量 \overrightarrow{AB} 与 \overrightarrow{AC} 的数量积。,,,52.5,52.5,52.5 | 105/2,52.5 | 105/2,\overrightarrow{AB}·\overrightarrow{AC}=|AB||AC|cos∠A=7×15×cos60°=7×15×1/2=52.5。,\overrightarrow{AB}·\overrightarrow{AC}=|AB||AC|cos∠A=7×15×cos60°=7×15×1/2=52.5。,Already remediated as a vector dot-product row under the S6 vector-context policy.
hjb-high-ds-v2-s6-432,S6,hjb-v2,跨册综合：三角向量解析几何,multiple-choice,Core,P1,wrong-answer,ABdotAC,fixed,vector-dot-product-answer,二轮变式1432：选择：在三角形 ABC 中，若 AB=2，AC=10，且 ∠A=60°，求向量 \overrightarrow{AB} 与 \overrightarrow{AC} 的数量积。,二轮变式1432：选择：在三角形 ABC 中，若 AB=2，AC=10，且 ∠A=60°，求向量 \overrightarrow{AB} 与 \overrightarrow{AC} 的数量积。,20 | 11 | 9 | 10,20 | 11 | 9 | 10,10,10,10,10,\overrightarrow{AB}·\overrightarrow{AC}=|AB||AC|cos∠A=2×10×cos60°=2×10×1/2=10。,\overrightarrow{AB}·\overrightarrow{AC}=|AB||AC|cos∠A=2×10×cos60°=2×10×1/2=10。,Already remediated as a vector dot-product row under the S6 vector-context policy.
hjb-high-ds-v2-s6-433,S6,hjb-v2,跨册综合：三角向量解析几何,fill-in,Core,P1,wrong-answer,ABdotAC,fixed,vector-dot-product-answer,二轮变式1433：填空：在三角形 ABC 中，若 AB=6，AC=20，且 ∠A=60°，求向量 \overrightarrow{AB} 与 \overrightarrow{AC} 的数量积。,二轮变式1433：填空：在三角形 ABC 中，若 AB=6，AC=20，且 ∠A=60°，求向量 \overrightarrow{AB} 与 \overrightarrow{AC} 的数量积。,,,60,60,60,60,\overrightarrow{AB}·\overrightarrow{AC}=|AB||AC|cos∠A=6×20×cos60°=6×20×1/2=60。,\overrightarrow{AB}·\overrightarrow{AC}=|AB||AC|cos∠A=6×20×cos60°=6×20×1/2=60。,Already remediated as a vector dot-product row under the S6 vector-context policy.
hjb-high-ds-v2-s6-434,S6,hjb-v2,跨册综合：三角向量解析几何,multiple-choice,Core,P1,wrong-answer,ABdotAC,fixed,vector-dot-product-answer,二轮变式1434：选择：在三角形 ABC 中，若 AB=3，AC=14，且 ∠A=60°，求向量 \overrightarrow{AB} 与 \overrightarrow{AC} 的数量积。,二轮变式1434：选择：在三角形 ABC 中，若 AB=3，AC=14，且 ∠A=60°，求向量 \overrightarrow{AB} 与 \overrightarrow{AC} 的数量积。,42 | 21 | 22 | 20,42 | 21 | 22 | 20,21,21,21,21,\overrightarrow{AB}·\overrightarrow{AC}=|AB||AC|cos∠A=3×14×cos60°=3×14×1/2=21。,\overrightarrow{AB}·\overrightarrow{AC}=|AB||AC|cos∠A=3×14×cos60°=3×14×1/2=21。,Already remediated as a vector dot-product row under the S6 vector-context policy.
hjb-high-ds-v2-s6-435,S6,hjb-v2,跨册综合：三角向量解析几何,fill-in,Core,P1,wrong-answer,ABdotAC,fixed,vector-dot-product-answer,二轮变式1435：填空：在三角形 ABC 中，若 AB=8，AC=16，且 ∠A=60°，求向量 \overrightarrow{AB} 与 \overrightarrow{AC} 的数量积。,二轮变式1435：填空：在三角形 ABC 中，若 AB=8，AC=16，且 ∠A=60°，求向量 \overrightarrow{AB} 与 \overrightarrow{AC} 的数量积。,,,64,64,64,64,\overrightarrow{AB}·\overrightarrow{AC}=|AB||AC|cos∠A=8×16×cos60°=8×16×1/2=64。,\overrightarrow{AB}·\overrightarrow{AC}=|AB||AC|cos∠A=8×16×cos60°=8×16×1/2=64。,Already remediated as a vector dot-product row under the S6 vector-context policy.
hjb-high-ds-v2-s6-436,S6,hjb-v2,跨册综合：三角向量解析几何,multiple-choice,Core,P1,wrong-answer,ABdotAC,fixed,vector-dot-product-answer,二轮变式1436：选择：在三角形 ABC 中，若 AB=2，AC=11，且 ∠A=60°，求向量 \overrightarrow{AB} 与 \overrightarrow{AC} 的数量积。,二轮变式1436：选择：在三角形 ABC 中，若 AB=2，AC=11，且 ∠A=60°，求向量 \overrightarrow{AB} 与 \overrightarrow{AC} 的数量积。,22 | 12 | 10 | 11,22 | 12 | 10 | 11,11,11,11,11,\overrightarrow{AB}·\overrightarrow{AC}=|AB||AC|cos∠A=2×11×cos60°=2×11×1/2=11。,\overrightarrow{AB}·\overrightarrow{AC}=|AB||AC|cos∠A=2×11×cos60°=2×11×1/2=11。,Already remediated as a vector dot-product row under the S6 vector-context policy.
hjb-high-ds-v2-s6-437,S6,hjb-v2,跨册综合：三角向量解析几何,fill-in,Core,P1,wrong-answer,ABdotAC,fixed,vector-dot-product-answer,二轮变式1437：填空：在三角形 ABC 中，若 AB=10，AC=13，且 ∠A=60°，求向量 \overrightarrow{AB} 与 \overrightarrow{AC} 的数量积。,二轮变式1437：填空：在三角形 ABC 中，若 AB=10，AC=13，且 ∠A=60°，求向量 \overrightarrow{AB} 与 \overrightarrow{AC} 的数量积。,,,65,65,65,65,\overrightarrow{AB}·\overrightarrow{AC}=|AB||AC|cos∠A=10×13×cos60°=10×13×1/2=65。,\overrightarrow{AB}·\overrightarrow{AC}=|AB||AC|cos∠A=10×13×cos60°=10×13×1/2=65。,Already remediated as a vector dot-product row under the S6 vector-context policy.
hjb-high-ds-v2-s6-438,S6,hjb-v2,跨册综合：三角向量解析几何,multiple-choice,Core,P1,wrong-answer,ABdotAC,fixed,vector-dot-product-answer,二轮变式1438：选择：在三角形 ABC 中，若 AB=5，AC=16，且 ∠A=60°，求向量 \overrightarrow{AB} 与 \overrightarrow{AC} 的数量积。,二轮变式1438：选择：在三角形 ABC 中，若 AB=5，AC=16，且 ∠A=60°，求向量 \overrightarrow{AB} 与 \overrightarrow{AC} 的数量积。,80 | 40 | 41 | 39,80 | 40 | 41 | 39,40,40,40,40,\overrightarrow{AB}·\overrightarrow{AC}=|AB||AC|cos∠A=5×16×cos60°=5×16×1/2=40。,\overrightarrow{AB}·\overrightarrow{AC}=|AB||AC|cos∠A=5×16×cos60°=5×16×1/2=40。,Already remediated as a vector dot-product row under the S6 vector-context policy.
hjb-high-ds-v2-s6-439,S6,hjb-v2,跨册综合：三角向量解析几何,fill-in,Core,P1,wrong-answer,ABdotAC,fixed,vector-dot-product-answer,二轮变式1439：填空：在三角形 ABC 中，若 AB=6，AC=16，且 ∠A=60°，求向量 \overrightarrow{AB} 与 \overrightarrow{AC} 的数量积。,二轮变式1439：填空：在三角形 ABC 中，若 AB=6，AC=16，且 ∠A=60°，求向量 \overrightarrow{AB} 与 \overrightarrow{AC} 的数量积。,,,48,48,48,48,\overrightarrow{AB}·\overrightarrow{AC}=|AB||AC|cos∠A=6×16×cos60°=6×16×1/2=48。,\overrightarrow{AB}·\overrightarrow{AC}=|AB||AC|cos∠A=6×16×cos60°=6×16×1/2=48。,Already remediated as a vector dot-product row under the S6 vector-context policy.
hjb-high-ds-v2-s6-440,S6,hjb-v2,跨册综合：三角向量解析几何,multiple-choice,Core,P1,wrong-answer,ABdotAC,fixed,vector-dot-product-answer,二轮变式1440：选择：在三角形 ABC 中，若 AB=10，AC=14，且 ∠A=60°，求向量 \overrightarrow{AB} 与 \overrightarrow{AC} 的数量积。,二轮变式1440：选择：在三角形 ABC 中，若 AB=10，AC=14，且 ∠A=60°，求向量 \overrightarrow{AB} 与 \overrightarrow{AC} 的数量积。,140 | 71 | 70 | 69,140 | 71 | 70 | 69,70,70,70,70,\overrightarrow{AB}·\overrightarrow{AC}=|AB||AC|cos∠A=10×14×cos60°=10×14×1/2=70。,\overrightarrow{AB}·\overrightarrow{AC}=|AB||AC|cos∠A=10×14×cos60°=10×14×1/2=70。,Already remediated as a vector dot-product row under the S6 vector-context policy.
hjb-high-ds-v2-s6-477,S6,hjb-v2,跨册综合：概率统计,multiple-choice,Core,P1,multiple-correct-options,probability,fixed,option-cleanup,二轮变式1477：选择：袋中有 12 个红球和 12 个蓝球，随机取出 1 个，取到红球的概率是多少？,二轮变式1477：选择：袋中有 12 个红球和 12 个蓝球，随机取出 1 个，取到红球的概率是多少？,13/24 | 12/25 | 12/24 | 11/24,13/24 | 12/25 | 12/24 | 11/24,12/24,12/24,12/24,12/24,总球数为 24，红球 12 个，所以取到红球的概率为 12/24。,总球数为 24，红球 12 个，所以取到红球的概率为 12/24。,Removed malformed probability distractor so the multiple-choice item has one clean correct option.
hjb-high-ds-v2-s6-478,S6,hjb-v2,跨册综合：概率统计,multiple-choice,Core,P1,multiple-correct-options,probability,fixed,option-cleanup,二轮变式1478：选择：袋中有 7 个红球和 7 个蓝球，随机取出 1 个，取到红球的概率是多少？,二轮变式1478：选择：袋中有 7 个红球和 7 个蓝球，随机取出 1 个，取到红球的概率是多少？,8/14 | 7/15 | 7/14 | 6/14,8/14 | 7/15 | 7/14 | 6/14,7/14,7/14,7/14,7/14,总球数为 14，红球 7 个，所以取到红球的概率为 7/14。,总球数为 14，红球 7 个，所以取到红球的概率为 7/14。,Removed malformed probability distractor so the multiple-choice item has one clean correct option.
hjb-high-ds-v3-s4-051,S4,hjb-v3-remediated,等式与不等式,short-answer,Foundation,P1,wrong-answer,right-end-constant,fixed,prompt-clarification,V3修复变式0051：解答：解不等式 x+4>8，并写出解集右端常数的值。,V3修复变式0051：解答：解不等式 x+4>8，并写出解集右端常数的值。,,,4,4,4,4,两边同时减去 4，得 x>8-4=4，所以解集右端常数为 4。,两边同时减去 4，得 x>8-4=4，所以解集右端常数为 4。,Already remediated to ask for the right-side constant after solving the inequality.
hjb-high-ds-v3-s4-053,S4,hjb-v3-remediated,等式与不等式,fill-in,Core,P1,wrong-answer,right-end-constant,fixed,prompt-clarification,V3修复变式0053：填空：解不等式 x+5>17，并写出解集右端常数的值。,V3修复变式0053：填空：解不等式 x+5>17，并写出解集右端常数的值。,,,12,12,12,12,两边同时减去 5，得 x>17-5=12，所以解集右端常数为 12。,两边同时减去 5，得 x>17-5=12，所以解集右端常数为 12。,Already remediated to ask for the right-side constant after solving the inequality.
hjb-high-ds-v3-s4-055,S4,hjb-v3-remediated,等式与不等式,multiple-choice,Foundation,P1,wrong-answer,right-end-constant,fixed,prompt-clarification,V3修复变式0055：选择：解不等式 x+12>20，并写出解集右端常数的值。,V3修复变式0055：选择：解不等式 x+12>20，并写出解集右端常数的值。,8 | 9 | 7 | 10,8 | 9 | 7 | 10,8,8,8,8,两边同时减去 12，得 x>20-12=8，所以解集右端常数为 8。,两边同时减去 12，得 x>20-12=8，所以解集右端常数为 8。,Already remediated to ask for the right-side constant after solving the inequality.
hjb-high-ds-v3-s4-057,S4,hjb-v3-remediated,等式与不等式,short-answer,Core,P1,wrong-answer,right-end-constant,fixed,prompt-clarification,V3修复变式0057：解答：解不等式 x+3>9，并写出解集右端常数的值。,V3修复变式0057：解答：解不等式 x+3>9，并写出解集右端常数的值。,,,6,6,6,6,两边同时减去 3，得 x>9-3=6，所以解集右端常数为 6。,两边同时减去 3，得 x>9-3=6，所以解集右端常数为 6。,Already remediated to ask for the right-side constant after solving the inequality.
hjb-high-ds-v3-s4-059,S4,hjb-v3-remediated,等式与不等式,fill-in,Foundation,P1,wrong-answer,right-end-constant,fixed,prompt-clarification,V3修复变式0059：填空：解不等式 x+3>11，并写出解集右端常数的值。,V3修复变式0059：填空：解不等式 x+3>11，并写出解集右端常数的值。,,,8,8,8,8,两边同时减去 3，得 x>11-3=8，所以解集右端常数为 8。,两边同时减去 3，得 x>11-3=8，所以解集右端常数为 8。,Already remediated to ask for the right-side constant after solving the inequality.
hjb-high-ds-v3-s4-061,S4,hjb-v3-remediated,等式与不等式,multiple-choice,Core,P1,wrong-answer,right-end-constant,fixed,prompt-clarification,V3修复变式0061：选择：解不等式 x+3>14，并写出解集右端常数的值。,V3修复变式0061：选择：解不等式 x+3>14，并写出解集右端常数的值。,12 | 10 | 13 | 11,12 | 10 | 13 | 11,11,11,11,11,两边同时减去 3，得 x>14-3=11，所以解集右端常数为 11。,两边同时减去 3，得 x>14-3=11，所以解集右端常数为 11。,Already remediated to ask for the right-side constant after solving the inequality.
hjb-high-ds-v3-s4-081,S4,hjb-v3-remediated,等式与不等式,short-answer,Core,P1,wrong-answer | explanation-mismatch,right-end-constant,fixed,prompt-clarification,V3修复变式0081：解答：解不等式 x+2>12，并写出解集右端常数的值。,V3修复变式0081：解答：解不等式 x+2>12，并写出解集右端常数的值。,,,10,10,10,10,两边同时减去 2，得 x>12-2=10，所以解集右端常数为 10。,两边同时减去 2，得 x>12-2=10，所以解集右端常数为 10。,Already remediated to ask for the right-side constant after solving the inequality.
hjb-high-ds-v3-s4-083,S4,hjb-v3-remediated,等式与不等式,fill-in,Foundation,P1,wrong-answer | explanation-mismatch,right-end-constant,fixed,prompt-clarification,V3修复变式0083：填空：解不等式 x+7>15，并写出解集右端常数的值。,V3修复变式0083：填空：解不等式 x+7>15，并写出解集右端常数的值。,,,8,8,8,8,两边同时减去 7，得 x>15-7=8，所以解集右端常数为 8。,两边同时减去 7，得 x>15-7=8，所以解集右端常数为 8。,Already remediated to ask for the right-side constant after solving the inequality.
hjb-high-ds-v3-s4-085,S4,hjb-v3-remediated,等式与不等式,multiple-choice,Core,P1,wrong-answer | explanation-mismatch,right-end-constant,fixed,prompt-clarification,V3修复变式0085：选择：解不等式 x+2>15，并写出解集右端常数的值。,V3修复变式0085：选择：解不等式 x+2>15，并写出解集右端常数的值。,14 | 13 | 12 | 15,14 | 13 | 12 | 15,13,13,13,13,两边同时减去 2，得 x>15-2=13，所以解集右端常数为 13。,两边同时减去 2，得 x>15-2=13，所以解集右端常数为 13。,Already remediated to ask for the right-side constant after solving the inequality.
hjb-high-ds-v3-s4-087,S4,hjb-v3-remediated,等式与不等式,short-answer,Foundation,P1,wrong-answer | explanation-mismatch,right-end-constant,fixed,prompt-clarification,V3修复变式0087：解答：解不等式 x+11>13，并写出解集右端常数的值。,V3修复变式0087：解答：解不等式 x+11>13，并写出解集右端常数的值。,,,2,2,2,2,两边同时减去 11，得 x>13-11=2，所以解集右端常数为 2。,两边同时减去 11，得 x>13-11=2，所以解集右端常数为 2。,Already remediated to ask for the right-side constant after solving the inequality.
hjb-high-ds-v3-s4-089,S4,hjb-v3-remediated,等式与不等式,fill-in,Core,P1,wrong-answer | explanation-mismatch,right-end-constant,fixed,prompt-clarification,V3修复变式0089：填空：解不等式 x+8>19，并写出解集右端常数的值。,V3修复变式0089：填空：解不等式 x+8>19，并写出解集右端常数的值。,,,11,11,11,11,两边同时减去 8，得 x>19-8=11，所以解集右端常数为 11。,两边同时减去 8，得 x>19-8=11，所以解集右端常数为 11。,Already remediated to ask for the right-side constant after solving the inequality.
hjb-high-ds-v3-s4-091,S4,hjb-v3-remediated,等式与不等式,multiple-choice,Foundation,P1,wrong-answer | explanation-mismatch,right-end-constant,fixed,prompt-clarification,V3修复变式0091：选择：解不等式 x+4>14，并写出解集右端常数的值。,V3修复变式0091：选择：解不等式 x+4>14，并写出解集右端常数的值。,10 | 11 | 9 | 12,10 | 11 | 9 | 12,10,10,10,10,两边同时减去 4，得 x>14-4=10，所以解集右端常数为 10。,两边同时减去 4，得 x>14-4=10，所以解集右端常数为 10。,Already remediated to ask for the right-side constant after solving the inequality.
hjb-high-ds-v3-s4-093,S4,hjb-v3-remediated,等式与不等式,short-answer,Core,P1,wrong-answer | explanation-mismatch,right-end-constant,fixed,prompt-clarification,V3修复变式0093：解答：解不等式 x+10>12，并写出解集右端常数的值。,V3修复变式0093：解答：解不等式 x+10>12，并写出解集右端常数的值。,,,2,2,2,2,两边同时减去 10，得 x>12-10=2，所以解集右端常数为 2。,两边同时减去 10，得 x>12-10=2，所以解集右端常数为 2。,Already remediated to ask for the right-side constant after solving the inequality.
hjb-high-ds-v3-s4-095,S4,hjb-v3-remediated,等式与不等式,fill-in,Foundation,P1,wrong-answer | explanation-mismatch,right-end-constant,fixed,prompt-clarification,V3修复变式0095：填空：解不等式 x+3>12，并写出解集右端常数的值。,V3修复变式0095：填空：解不等式 x+3>12，并写出解集右端常数的值。,,,9,9,9,9,两边同时减去 3，得 x>12-3=9，所以解集右端常数为 9。,两边同时减去 3，得 x>12-3=9，所以解集右端常数为 9。,Already remediated to ask for the right-side constant after solving the inequality.
hjb-high-ds-v3-s4-097,S4,hjb-v3-remediated,等式与不等式,multiple-choice,Core,P1,wrong-answer | explanation-mismatch,right-end-constant,fixed,prompt-clarification,V3修复变式0097：选择：解不等式 x+4>13，并写出解集右端常数的值。,V3修复变式0097：选择：解不等式 x+4>13，并写出解集右端常数的值。,10 | 8 | 9 | 11,10 | 8 | 9 | 11,9,9,9,9,两边同时减去 4，得 x>13-4=9，所以解集右端常数为 9。,两边同时减去 4，得 x>13-4=9，所以解集右端常数为 9。,Already remediated to ask for the right-side constant after solving the inequality.
hjb-high-ds-v3-s4-099,S4,hjb-v3-remediated,等式与不等式,short-answer,Foundation,P1,wrong-answer | explanation-mismatch,right-end-constant,fixed,prompt-clarification,V3修复变式0099：解答：解不等式 x+6>17，并写出解集右端常数的值。,V3修复变式0099：解答：解不等式 x+6>17，并写出解集右端常数的值。,,,11,11,11,11,两边同时减去 6，得 x>17-6=11，所以解集右端常数为 11。,两边同时减去 6，得 x>17-6=11，所以解集右端常数为 11。,Already remediated to ask for the right-side constant after solving the inequality.
hjb-high-ds-v3-s4-316,S4,hjb-v3-remediated,三角函数,multiple-choice,Challenge,P1,wrong-answer,trig-max-count,fixed,explanation-clarification,"V3修复变式0316：选择：函数 y=5sin(2x+10π/6)。求它在区间 [0,2π] 内取得最大值的次数。","V3修复变式0316：选择：函数 y=5sin(2x+10π/6)。求它在区间 [0,2π] 内取得最大值的次数。",2 | 3 | 1 | 4,2 | 3 | 1 | 4,2,2,2,2,最大值在 2x+10π/6=π/2+2kπ 时取得，即 x=-7π/12+kπ。限制 0≤x≤2π，符合条件的整数 k 为 1、2，对应 x=5π/12、17π/12，所以取得最大值 2 次。,最大值在 2x+10π/6=π/2+2kπ 时取得，即 x=-7π/12+kπ。限制 0≤x≤2π，符合条件的整数 k 为 1、2，对应 x=5π/12、17π/12，所以取得最大值 2 次。,"Recomputed maximum-count condition on [0,2π] and made the endpoint/integer-k count explicit."
hjb-high-ds-v3-s4-319,S4,hjb-v3-remediated,三角函数,multiple-choice,Challenge,P1,wrong-answer,trig-max-count,fixed,explanation-clarification,"V3修复变式0319：选择：函数 y=7sin(2x+8π/6)。求它在区间 [0,2π] 内取得最大值的次数。","V3修复变式0319：选择：函数 y=7sin(2x+8π/6)。求它在区间 [0,2π] 内取得最大值的次数。",3 | 1 | 4 | 2,3 | 1 | 4 | 2,2,2,2,2,最大值在 2x+8π/6=π/2+2kπ 时取得，即 x=-5π/12+kπ。限制 0≤x≤2π，符合条件的整数 k 为 1、2，对应 x=7π/12、19π/12，所以取得最大值 2 次。,最大值在 2x+8π/6=π/2+2kπ 时取得，即 x=-5π/12+kπ。限制 0≤x≤2π，符合条件的整数 k 为 1、2，对应 x=7π/12、19π/12，所以取得最大值 2 次。,"Recomputed maximum-count condition on [0,2π] and made the endpoint/integer-k count explicit."
hjb-high-ds-v3-s4-322,S4,hjb-v3-remediated,三角函数,multiple-choice,Challenge,P1,wrong-answer,trig-max-count,fixed,explanation-clarification,"V3修复变式0322：选择：函数 y=10sin(2x+6π/6)。求它在区间 [0,2π] 内取得最大值的次数。","V3修复变式0322：选择：函数 y=10sin(2x+6π/6)。求它在区间 [0,2π] 内取得最大值的次数。",4 | 2 | 3 | 1,4 | 2 | 3 | 1,2,2,2,2,最大值在 2x+6π/6=π/2+2kπ 时取得，即 x=-π/4+kπ。限制 0≤x≤2π，符合条件的整数 k 为 1、2，对应 x=3π/4、7π/4，所以取得最大值 2 次。,最大值在 2x+6π/6=π/2+2kπ 时取得，即 x=-π/4+kπ。限制 0≤x≤2π，符合条件的整数 k 为 1、2，对应 x=3π/4、7π/4，所以取得最大值 2 次。,"Recomputed maximum-count condition on [0,2π] and made the endpoint/integer-k count explicit."
hjb-high-ds-v3-s4-325,S4,hjb-v3-remediated,三角函数,multiple-choice,Challenge,P1,wrong-answer,trig-max-count,fixed,explanation-clarification,"V3修复变式0325：选择：函数 y=9sin(2x+3π/6)。求它在区间 [0,2π] 内取得最大值的次数。","V3修复变式0325：选择：函数 y=9sin(2x+3π/6)。求它在区间 [0,2π] 内取得最大值的次数。",2 | 5 | 3 | 4,2 | 5 | 3 | 4,3,3,3,3,最大值在 2x+3π/6=π/2+2kπ 时取得，即 x=kπ。限制 0≤x≤2π，符合条件的整数 k 为 0、1、2，对应 x=0、π、2π，所以取得最大值 3 次。,最大值在 2x+3π/6=π/2+2kπ 时取得，即 x=kπ。限制 0≤x≤2π，符合条件的整数 k 为 0、1、2，对应 x=0、π、2π，所以取得最大值 3 次。,"Recomputed maximum-count condition on [0,2π] and made the endpoint/integer-k count explicit."
hjb-high-ds-v3-s4-328,S4,hjb-v3-remediated,三角函数,multiple-choice,Challenge,P1,wrong-answer,trig-max-count,fixed,explanation-clarification,"V3修复变式0328：选择：函数 y=4sin(2x+10π/6)。求它在区间 [0,2π] 内取得最大值的次数。","V3修复变式0328：选择：函数 y=4sin(2x+10π/6)。求它在区间 [0,2π] 内取得最大值的次数。",3 | 1 | 4 | 2,3 | 1 | 4 | 2,2,2,2,2,最大值在 2x+10π/6=π/2+2kπ 时取得，即 x=-7π/12+kπ。限制 0≤x≤2π，符合条件的整数 k 为 1、2，对应 x=5π/12、17π/12，所以取得最大值 2 次。,最大值在 2x+10π/6=π/2+2kπ 时取得，即 x=-7π/12+kπ。限制 0≤x≤2π，符合条件的整数 k 为 1、2，对应 x=5π/12、17π/12，所以取得最大值 2 次。,"Recomputed maximum-count condition on [0,2π] and made the endpoint/integer-k count explicit."
hjb-high-ds-v3-s4-331,S4,hjb-v3-remediated,三角函数,multiple-choice,Challenge,P1,wrong-answer,trig-max-count,fixed,explanation-clarification,"V3修复变式0331：选择：函数 y=7sin(2x+2π/6)。求它在区间 [0,2π] 内取得最大值的次数。","V3修复变式0331：选择：函数 y=7sin(2x+2π/6)。求它在区间 [0,2π] 内取得最大值的次数。",4 | 2 | 3 | 1,4 | 2 | 3 | 1,2,2,2,2,最大值在 2x+2π/6=π/2+2kπ 时取得，即 x=π/12+kπ。限制 0≤x≤2π，符合条件的整数 k 为 0、1，对应 x=π/12、13π/12，所以取得最大值 2 次。,最大值在 2x+2π/6=π/2+2kπ 时取得，即 x=π/12+kπ。限制 0≤x≤2π，符合条件的整数 k 为 0、1，对应 x=π/12、13π/12，所以取得最大值 2 次。,"Recomputed maximum-count condition on [0,2π] and made the endpoint/integer-k count explicit."
hjb-high-ds-v3-s4-334,S4,hjb-v3-remediated,三角函数,multiple-choice,Challenge,P1,wrong-answer,trig-max-count,fixed,explanation-clarification,"V3修复变式0334：选择：函数 y=10sin(2x+3π/6)。求它在区间 [0,2π] 内取得最大值的次数。","V3修复变式0334：选择：函数 y=10sin(2x+3π/6)。求它在区间 [0,2π] 内取得最大值的次数。",3 | 4 | 2 | 5,3 | 4 | 2 | 5,3,3,3,3,最大值在 2x+3π/6=π/2+2kπ 时取得，即 x=kπ。限制 0≤x≤2π，符合条件的整数 k 为 0、1、2，对应 x=0、π、2π，所以取得最大值 3 次。,最大值在 2x+3π/6=π/2+2kπ 时取得，即 x=kπ。限制 0≤x≤2π，符合条件的整数 k 为 0、1、2，对应 x=0、π、2π，所以取得最大值 3 次。,"Recomputed maximum-count condition on [0,2π] and made the endpoint/integer-k count explicit."
hjb-high-ds-v3-s4-337,S4,hjb-v3-remediated,三角函数,multiple-choice,Challenge,P1,wrong-answer,trig-max-count,fixed,explanation-clarification,"V3修复变式0337：选择：函数 y=2sin(2x+1π/6)。求它在区间 [0,2π] 内取得最大值的次数。","V3修复变式0337：选择：函数 y=2sin(2x+1π/6)。求它在区间 [0,2π] 内取得最大值的次数。",3 | 1 | 4 | 2,3 | 1 | 4 | 2,2,2,2,2,最大值在 2x+1π/6=π/2+2kπ 时取得，即 x=π/6+kπ。限制 0≤x≤2π，符合条件的整数 k 为 0、1，对应 x=π/6、7π/6，所以取得最大值 2 次。,最大值在 2x+1π/6=π/2+2kπ 时取得，即 x=π/6+kπ。限制 0≤x≤2π，符合条件的整数 k 为 0、1，对应 x=π/6、7π/6，所以取得最大值 2 次。,"Recomputed maximum-count condition on [0,2π] and made the endpoint/integer-k count explicit."
hjb-high-ds-v3-s4-340,S4,hjb-v3-remediated,三角函数,multiple-choice,Challenge,P1,wrong-answer,trig-max-count,fixed,explanation-clarification,"V3修复变式0340：选择：函数 y=11sin(2x+4π/6)。求它在区间 [0,2π] 内取得最大值的次数。","V3修复变式0340：选择：函数 y=11sin(2x+4π/6)。求它在区间 [0,2π] 内取得最大值的次数。",4 | 2 | 3 | 1,4 | 2 | 3 | 1,2,2,2,2,最大值在 2x+4π/6=π/2+2kπ 时取得，即 x=-π/12+kπ。限制 0≤x≤2π，符合条件的整数 k 为 1、2，对应 x=11π/12、23π/12，所以取得最大值 2 次。,最大值在 2x+4π/6=π/2+2kπ 时取得，即 x=-π/12+kπ。限制 0≤x≤2π，符合条件的整数 k 为 1、2，对应 x=11π/12、23π/12，所以取得最大值 2 次。,"Recomputed maximum-count condition on [0,2π] and made the endpoint/integer-k count explicit."
hjb-high-ds-v3-s4-343,S4,hjb-v3-remediated,三角函数,multiple-choice,Challenge,P1,wrong-answer | explanation-mismatch,trig-max-count,fixed,explanation-clarification,"V3修复变式0343：选择：函数 y=7sin(2x+3π/6)。求它在区间 [0,2π] 内取得最大值的次数。","V3修复变式0343：选择：函数 y=7sin(2x+3π/6)。求它在区间 [0,2π] 内取得最大值的次数。",2 | 5 | 3 | 4,2 | 5 | 3 | 4,3,3,3,3,最大值在 2x+3π/6=π/2+2kπ 时取得，即 x=kπ。限制 0≤x≤2π，符合条件的整数 k 为 0、1、2，对应 x=0、π、2π，所以取得最大值 3 次。,最大值在 2x+3π/6=π/2+2kπ 时取得，即 x=kπ。限制 0≤x≤2π，符合条件的整数 k 为 0、1、2，对应 x=0、π、2π，所以取得最大值 3 次。,"Recomputed maximum-count condition on [0,2π] and made the endpoint/integer-k count explicit."
hjb-high-ds-v3-s4-346,S4,hjb-v3-remediated,三角函数,multiple-choice,Challenge,P1,wrong-answer | explanation-mismatch,trig-max-count,fixed,explanation-clarification,"V3修复变式0346：选择：函数 y=9sin(2x+9π/6)。求它在区间 [0,2π] 内取得最大值的次数。","V3修复变式0346：选择：函数 y=9sin(2x+9π/6)。求它在区间 [0,2π] 内取得最大值的次数。",3 | 1 | 4 | 2,3 | 1 | 4 | 2,2,2,2,2,最大值在 2x+9π/6=π/2+2kπ 时取得，即 x=-π/2+kπ。限制 0≤x≤2π，符合条件的整数 k 为 1、2，对应 x=π/2、3π/2，所以取得最大值 2 次。,最大值在 2x+9π/6=π/2+2kπ 时取得，即 x=-π/2+kπ。限制 0≤x≤2π，符合条件的整数 k 为 1、2，对应 x=π/2、3π/2，所以取得最大值 2 次。,"Recomputed maximum-count condition on [0,2π] and made the endpoint/integer-k count explicit."
hjb-high-ds-v3-s4-349,S4,hjb-v3-remediated,三角函数,multiple-choice,Challenge,P1,wrong-answer | explanation-mismatch,trig-max-count,fixed,explanation-clarification,"V3修复变式0349：选择：函数 y=8sin(2x+13π/6)。求它在区间 [0,2π] 内取得最大值的次数。","V3修复变式0349：选择：函数 y=8sin(2x+13π/6)。求它在区间 [0,2π] 内取得最大值的次数。",2 | 3 | 1 | 4,2 | 3 | 1 | 4,2,2,2,2,最大值在 2x+13π/6=π/2+2kπ 时取得，即 x=-5π/6+kπ。限制 0≤x≤2π，符合条件的整数 k 为 1、2，对应 x=π/6、7π/6，所以取得最大值 2 次。,最大值在 2x+13π/6=π/2+2kπ 时取得，即 x=-5π/6+kπ。限制 0≤x≤2π，符合条件的整数 k 为 1、2，对应 x=π/6、7π/6，所以取得最大值 2 次。,"Recomputed maximum-count condition on [0,2π] and made the endpoint/integer-k count explicit."
hjb-high-ds-v3-s4-352,S4,hjb-v3-remediated,三角函数,multiple-choice,Challenge,P1,wrong-answer | explanation-mismatch,trig-max-count,fixed,explanation-clarification,"V3修复变式0352：选择：函数 y=9sin(2x+7π/6)。求它在区间 [0,2π] 内取得最大值的次数。","V3修复变式0352：选择：函数 y=9sin(2x+7π/6)。求它在区间 [0,2π] 内取得最大值的次数。",2 | 3 | 1 | 4,2 | 3 | 1 | 4,2,2,2,2,最大值在 2x+7π/6=π/2+2kπ 时取得，即 x=-π/3+kπ。限制 0≤x≤2π，符合条件的整数 k 为 1、2，对应 x=2π/3、5π/3，所以取得最大值 2 次。,最大值在 2x+7π/6=π/2+2kπ 时取得，即 x=-π/3+kπ。限制 0≤x≤2π，符合条件的整数 k 为 1、2，对应 x=2π/3、5π/3，所以取得最大值 2 次。,"Recomputed maximum-count condition on [0,2π] and made the endpoint/integer-k count explicit."
hjb-high-ds-v3-s4-355,S4,hjb-v3-remediated,三角函数,multiple-choice,Challenge,P1,wrong-answer | explanation-mismatch,trig-max-count,fixed,explanation-clarification,"V3修复变式0355：选择：函数 y=8sin(2x+2π/6)。求它在区间 [0,2π] 内取得最大值的次数。","V3修复变式0355：选择：函数 y=8sin(2x+2π/6)。求它在区间 [0,2π] 内取得最大值的次数。",3 | 1 | 4 | 2,3 | 1 | 4 | 2,2,2,2,2,最大值在 2x+2π/6=π/2+2kπ 时取得，即 x=π/12+kπ。限制 0≤x≤2π，符合条件的整数 k 为 0、1，对应 x=π/12、13π/12，所以取得最大值 2 次。,最大值在 2x+2π/6=π/2+2kπ 时取得，即 x=π/12+kπ。限制 0≤x≤2π，符合条件的整数 k 为 0、1，对应 x=π/12、13π/12，所以取得最大值 2 次。,"Recomputed maximum-count condition on [0,2π] and made the endpoint/integer-k count explicit."
hjb-high-ds-v3-s4-358,S4,hjb-v3-remediated,三角函数,multiple-choice,Challenge,P1,wrong-answer | explanation-mismatch,trig-max-count,fixed,explanation-clarification,"V3修复变式0358：选择：函数 y=3sin(2x+7π/6)。求它在区间 [0,2π] 内取得最大值的次数。","V3修复变式0358：选择：函数 y=3sin(2x+7π/6)。求它在区间 [0,2π] 内取得最大值的次数。",1 | 4 | 2 | 3,1 | 4 | 2 | 3,2,2,2,2,最大值在 2x+7π/6=π/2+2kπ 时取得，即 x=-π/3+kπ。限制 0≤x≤2π，符合条件的整数 k 为 1、2，对应 x=2π/3、5π/3，所以取得最大值 2 次。,最大值在 2x+7π/6=π/2+2kπ 时取得，即 x=-π/3+kπ。限制 0≤x≤2π，符合条件的整数 k 为 1、2，对应 x=2π/3、5π/3，所以取得最大值 2 次。,"Recomputed maximum-count condition on [0,2π] and made the endpoint/integer-k count explicit."
hjb-high-ds-v3-s4-361,S4,hjb-v3-remediated,三角函数,multiple-choice,Challenge,P1,wrong-answer | explanation-mismatch,trig-max-count,fixed,explanation-clarification,"V3修复变式0361：选择：函数 y=12sin(2x+10π/6)。求它在区间 [0,2π] 内取得最大值的次数。","V3修复变式0361：选择：函数 y=12sin(2x+10π/6)。求它在区间 [0,2π] 内取得最大值的次数。",1 | 4 | 2 | 3,1 | 4 | 2 | 3,2,2,2,2,最大值在 2x+10π/6=π/2+2kπ 时取得，即 x=-7π/12+kπ。限制 0≤x≤2π，符合条件的整数 k 为 1、2，对应 x=5π/12、17π/12，所以取得最大值 2 次。,最大值在 2x+10π/6=π/2+2kπ 时取得，即 x=-7π/12+kπ。限制 0≤x≤2π，符合条件的整数 k 为 1、2，对应 x=5π/12、17π/12，所以取得最大值 2 次。,"Recomputed maximum-count condition on [0,2π] and made the endpoint/integer-k count explicit."
hjb-high-ds-v3-s4-364,S4,hjb-v3-remediated,三角函数,multiple-choice,Challenge,P1,wrong-answer | explanation-mismatch,trig-max-count,fixed,explanation-clarification,"V3修复变式0364：选择：函数 y=4sin(2x+7π/6)。求它在区间 [0,2π] 内取得最大值的次数。","V3修复变式0364：选择：函数 y=4sin(2x+7π/6)。求它在区间 [0,2π] 内取得最大值的次数。",3 | 1 | 4 | 2,3 | 1 | 4 | 2,2,2,2,2,最大值在 2x+7π/6=π/2+2kπ 时取得，即 x=-π/3+kπ。限制 0≤x≤2π，符合条件的整数 k 为 1、2，对应 x=2π/3、5π/3，所以取得最大值 2 次。,最大值在 2x+7π/6=π/2+2kπ 时取得，即 x=-π/3+kπ。限制 0≤x≤2π，符合条件的整数 k 为 1、2，对应 x=2π/3、5π/3，所以取得最大值 2 次。,"Recomputed maximum-count condition on [0,2π] and made the endpoint/integer-k count explicit."
hjb-high-ds-v3-s4-367,S4,hjb-v3-remediated,三角函数,multiple-choice,Challenge,P1,wrong-answer | explanation-mismatch,trig-max-count,fixed,explanation-clarification,"V3修复变式0367：选择：函数 y=7sin(2x+8π/6)。求它在区间 [0,2π] 内取得最大值的次数。","V3修复变式0367：选择：函数 y=7sin(2x+8π/6)。求它在区间 [0,2π] 内取得最大值的次数。",2 | 3 | 1 | 4,2 | 3 | 1 | 4,2,2,2,2,最大值在 2x+8π/6=π/2+2kπ 时取得，即 x=-5π/12+kπ。限制 0≤x≤2π，符合条件的整数 k 为 1、2，对应 x=7π/12、19π/12，所以取得最大值 2 次。,最大值在 2x+8π/6=π/2+2kπ 时取得，即 x=-5π/12+kπ。限制 0≤x≤2π，符合条件的整数 k 为 1、2，对应 x=7π/12、19π/12，所以取得最大值 2 次。,"Recomputed maximum-count condition on [0,2π] and made the endpoint/integer-k count explicit."
hjb-high-ds-v3-s4-370,S4,hjb-v3-remediated,三角函数,multiple-choice,Challenge,P1,wrong-answer | explanation-mismatch,trig-max-count,fixed,explanation-clarification,"V3修复变式0370：选择：函数 y=5sin(2x+12π/6)。求它在区间 [0,2π] 内取得最大值的次数。","V3修复变式0370：选择：函数 y=5sin(2x+12π/6)。求它在区间 [0,2π] 内取得最大值的次数。",2 | 3 | 1 | 4,2 | 3 | 1 | 4,2,2,2,2,最大值在 2x+12π/6=π/2+2kπ 时取得，即 x=-3π/4+kπ。限制 0≤x≤2π，符合条件的整数 k 为 1、2，对应 x=π/4、5π/4，所以取得最大值 2 次。,最大值在 2x+12π/6=π/2+2kπ 时取得，即 x=-3π/4+kπ。限制 0≤x≤2π，符合条件的整数 k 为 1、2，对应 x=π/4、5π/4，所以取得最大值 2 次。,"Recomputed maximum-count condition on [0,2π] and made the endpoint/integer-k count explicit."
hjb-high-ds-v3-s4-373,S4,hjb-v3-remediated,三角函数,multiple-choice,Challenge,P1,wrong-answer | explanation-mismatch,trig-max-count,fixed,explanation-clarification,"V3修复变式0373：选择：函数 y=5sin(2x+6π/6)。求它在区间 [0,2π] 内取得最大值的次数。","V3修复变式0373：选择：函数 y=5sin(2x+6π/6)。求它在区间 [0,2π] 内取得最大值的次数。",3 | 1 | 4 | 2,3 | 1 | 4 | 2,2,2,2,2,最大值在 2x+6π/6=π/2+2kπ 时取得，即 x=-π/4+kπ。限制 0≤x≤2π，符合条件的整数 k 为 1、2，对应 x=3π/4、7π/4，所以取得最大值 2 次。,最大值在 2x+6π/6=π/2+2kπ 时取得，即 x=-π/4+kπ。限制 0≤x≤2π，符合条件的整数 k 为 1、2，对应 x=3π/4、7π/4，所以取得最大值 2 次。,"Recomputed maximum-count condition on [0,2π] and made the endpoint/integer-k count explicit."
hjb-high-ds-v3-s4-376,S4,hjb-v3-remediated,三角函数,multiple-choice,Challenge,P1,wrong-answer | explanation-mismatch,trig-max-count,fixed,explanation-clarification,"V3修复变式0376：选择：函数 y=9sin(2x+9π/6)。求它在区间 [0,2π] 内取得最大值的次数。","V3修复变式0376：选择：函数 y=9sin(2x+9π/6)。求它在区间 [0,2π] 内取得最大值的次数。",1 | 4 | 2 | 3,1 | 4 | 2 | 3,2,2,2,2,最大值在 2x+9π/6=π/2+2kπ 时取得，即 x=-π/2+kπ。限制 0≤x≤2π，符合条件的整数 k 为 1、2，对应 x=π/2、3π/2，所以取得最大值 2 次。,最大值在 2x+9π/6=π/2+2kπ 时取得，即 x=-π/2+kπ。限制 0≤x≤2π，符合条件的整数 k 为 1、2，对应 x=π/2、3π/2，所以取得最大值 2 次。,"Recomputed maximum-count condition on [0,2π] and made the endpoint/integer-k count explicit."
hjb-high-ds-v3-s5-127,S5,hjb-v3-remediated,概率初步,multiple-choice,Foundation,P1,wrong-answer,probability,false_positive,no-data-change,V3修复变式0627：选择：袋中有 7 个红球和 17 个蓝球，随机取出 1 个，取到红球的概率是多少？,V3修复变式0627：选择：袋中有 7 个红球和 17 个蓝球，随机取出 1 个，取到红球的概率是多少？,1/3 | 1/4 | 7/25 | 7/24,1/3 | 1/4 | 7/25 | 7/24,7/24,7/24,7/24,7/24,总球数为 24，红球 7 个，所以概率为 7/24=7/24。,总球数为 24，红球 7 个，所以概率为 7/24=7/24。,"Codex S18 reviewed the DeepSeek flag and found the stored answer, options, acceptedAnswers, and explanation already matched the prompt."
hjb-high-ds-v4-s4-051,S4,hjb-v4-remediated,等式与不等式,short-answer,Foundation,P1,wrong-answer,right-end-constant,fixed,prompt-clarification,V4修复变式0051：解答：解不等式 x+4>8，并写出解集右端常数的值。,V4修复变式0051：解答：解不等式 x+4>8，并写出解集右端常数的值。,,,4,4,4,4,两边同时减去 4，得 x>8-4=4，所以解集右端常数为 4。,两边同时减去 4，得 x>8-4=4，所以解集右端常数为 4。,Already remediated to ask for the right-side constant after solving the inequality.
hjb-high-ds-v4-s4-053,S4,hjb-v4-remediated,等式与不等式,fill-in,Core,P1,ambiguous-prompt,right-end-constant,fixed,prompt-clarification,V4修复变式0053：填空：解不等式 x+5>17，并写出解集右端常数的值。,V4修复变式0053：填空：解不等式 x+5>17，并写出解集右端常数的值。,,,12,12,12,12,两边同时减去 5，得 x>17-5=12，所以解集右端常数为 12。,两边同时减去 5，得 x>17-5=12，所以解集右端常数为 12。,Already remediated to ask for the right-side constant after solving the inequality.
hjb-high-ds-v4-s4-055,S4,hjb-v4-remediated,等式与不等式,multiple-choice,Foundation,P1,ambiguous-prompt,right-end-constant,fixed,prompt-clarification,V4修复变式0055：选择：解不等式 x+12>20，并写出解集右端常数的值。,V4修复变式0055：选择：解不等式 x+12>20，并写出解集右端常数的值。,8 | 9 | 7 | 10,8 | 9 | 7 | 10,8,8,8,8,两边同时减去 12，得 x>20-12=8，所以解集右端常数为 8。,两边同时减去 12，得 x>20-12=8，所以解集右端常数为 8。,Already remediated to ask for the right-side constant after solving the inequality.
hjb-high-ds-v4-s4-057,S4,hjb-v4-remediated,等式与不等式,short-answer,Core,P1,ambiguous-prompt,right-end-constant,fixed,prompt-clarification,V4修复变式0057：解答：解不等式 x+3>9，并写出解集右端常数的值。,V4修复变式0057：解答：解不等式 x+3>9，并写出解集右端常数的值。,,,6,6,6,6,两边同时减去 3，得 x>9-3=6，所以解集右端常数为 6。,两边同时减去 3，得 x>9-3=6，所以解集右端常数为 6。,Already remediated to ask for the right-side constant after solving the inequality.
hjb-high-ds-v4-s4-059,S4,hjb-v4-remediated,等式与不等式,fill-in,Foundation,P1,ambiguous-prompt,right-end-constant,fixed,prompt-clarification,V4修复变式0059：填空：解不等式 x+3>11，并写出解集右端常数的值。,V4修复变式0059：填空：解不等式 x+3>11，并写出解集右端常数的值。,,,8,8,8,8,两边同时减去 3，得 x>11-3=8，所以解集右端常数为 8。,两边同时减去 3，得 x>11-3=8，所以解集右端常数为 8。,Already remediated to ask for the right-side constant after solving the inequality.
hjb-high-ds-v4-s4-061,S4,hjb-v4-remediated,等式与不等式,multiple-choice,Core,P1,wrong-answer,right-end-constant,fixed,prompt-clarification,V4修复变式0061：选择：解不等式 x+3>14，并写出解集右端常数的值。,V4修复变式0061：选择：解不等式 x+3>14，并写出解集右端常数的值。,12 | 10 | 13 | 11,12 | 10 | 13 | 11,11,11,11,11,两边同时减去 3，得 x>14-3=11，所以解集右端常数为 11。,两边同时减去 3，得 x>14-3=11，所以解集右端常数为 11。,Already remediated to ask for the right-side constant after solving the inequality.
hjb-high-ds-v4-s4-081,S4,hjb-v4-remediated,等式与不等式,short-answer,Core,P1,wrong-answer,right-end-constant,fixed,prompt-clarification,V4修复变式0081：解答：解不等式 x+2>12，并写出解集右端常数的值。,V4修复变式0081：解答：解不等式 x+2>12，并写出解集右端常数的值。,,,10,10,10,10,两边同时减去 2，得 x>12-2=10，所以解集右端常数为 10。,两边同时减去 2，得 x>12-2=10，所以解集右端常数为 10。,Already remediated to ask for the right-side constant after solving the inequality.
hjb-high-ds-v4-s4-316,S4,hjb-v4-remediated,三角函数,multiple-choice,Challenge,P1,wrong-answer,trig-max-count,fixed,explanation-clarification,"V4修复变式0316：选择：函数 y=5sin(2x+10π/6)。求它在区间 [0,2π] 内取得最大值的次数。","V4修复变式0316：选择：函数 y=5sin(2x+10π/6)。求它在区间 [0,2π] 内取得最大值的次数。",2 | 3 | 1 | 4,2 | 3 | 1 | 4,2,2,2,2,最大值在 2x+10π/6=π/2+2kπ 时取得，即 x=-7π/12+kπ。限制 0≤x≤2π，符合条件的整数 k 为 1、2，对应 x=5π/12、17π/12，所以取得最大值 2 次。,最大值在 2x+10π/6=π/2+2kπ 时取得，即 x=-7π/12+kπ。限制 0≤x≤2π，符合条件的整数 k 为 1、2，对应 x=5π/12、17π/12，所以取得最大值 2 次。,"Recomputed maximum-count condition on [0,2π] and made the endpoint/integer-k count explicit."
hjb-high-ds-v4-s4-319,S4,hjb-v4-remediated,三角函数,multiple-choice,Challenge,P1,wrong-answer,trig-max-count,fixed,explanation-clarification,"V4修复变式0319：选择：函数 y=7sin(2x+8π/6)。求它在区间 [0,2π] 内取得最大值的次数。","V4修复变式0319：选择：函数 y=7sin(2x+8π/6)。求它在区间 [0,2π] 内取得最大值的次数。",3 | 1 | 4 | 2,3 | 1 | 4 | 2,2,2,2,2,最大值在 2x+8π/6=π/2+2kπ 时取得，即 x=-5π/12+kπ。限制 0≤x≤2π，符合条件的整数 k 为 1、2，对应 x=7π/12、19π/12，所以取得最大值 2 次。,最大值在 2x+8π/6=π/2+2kπ 时取得，即 x=-5π/12+kπ。限制 0≤x≤2π，符合条件的整数 k 为 1、2，对应 x=7π/12、19π/12，所以取得最大值 2 次。,"Recomputed maximum-count condition on [0,2π] and made the endpoint/integer-k count explicit."
hjb-high-ds-v4-s4-322,S4,hjb-v4-remediated,三角函数,multiple-choice,Challenge,P1,wrong-answer,trig-max-count,fixed,explanation-clarification,"V4修复变式0322：选择：函数 y=10sin(2x+6π/6)。求它在区间 [0,2π] 内取得最大值的次数。","V4修复变式0322：选择：函数 y=10sin(2x+6π/6)。求它在区间 [0,2π] 内取得最大值的次数。",4 | 2 | 3 | 1,4 | 2 | 3 | 1,2,2,2,2,最大值在 2x+6π/6=π/2+2kπ 时取得，即 x=-π/4+kπ。限制 0≤x≤2π，符合条件的整数 k 为 1、2，对应 x=3π/4、7π/4，所以取得最大值 2 次。,最大值在 2x+6π/6=π/2+2kπ 时取得，即 x=-π/4+kπ。限制 0≤x≤2π，符合条件的整数 k 为 1、2，对应 x=3π/4、7π/4，所以取得最大值 2 次。,"Recomputed maximum-count condition on [0,2π] and made the endpoint/integer-k count explicit."
hjb-high-ds-v4-s4-325,S4,hjb-v4-remediated,三角函数,multiple-choice,Challenge,P1,wrong-answer,trig-max-count,fixed,explanation-clarification,"V4修复变式0325：选择：函数 y=9sin(2x+3π/6)。求它在区间 [0,2π] 内取得最大值的次数。","V4修复变式0325：选择：函数 y=9sin(2x+3π/6)。求它在区间 [0,2π] 内取得最大值的次数。",2 | 5 | 3 | 4,2 | 5 | 3 | 4,3,3,3,3,最大值在 2x+3π/6=π/2+2kπ 时取得，即 x=kπ。限制 0≤x≤2π，符合条件的整数 k 为 0、1、2，对应 x=0、π、2π，所以取得最大值 3 次。,最大值在 2x+3π/6=π/2+2kπ 时取得，即 x=kπ。限制 0≤x≤2π，符合条件的整数 k 为 0、1、2，对应 x=0、π、2π，所以取得最大值 3 次。,"Recomputed maximum-count condition on [0,2π] and made the endpoint/integer-k count explicit."
hjb-high-ds-v4-s4-328,S4,hjb-v4-remediated,三角函数,multiple-choice,Challenge,P1,wrong-answer,trig-max-count,fixed,explanation-clarification,"V4修复变式0328：选择：函数 y=4sin(2x+10π/6)。求它在区间 [0,2π] 内取得最大值的次数。","V4修复变式0328：选择：函数 y=4sin(2x+10π/6)。求它在区间 [0,2π] 内取得最大值的次数。",3 | 1 | 4 | 2,3 | 1 | 4 | 2,2,2,2,2,最大值在 2x+10π/6=π/2+2kπ 时取得，即 x=-7π/12+kπ。限制 0≤x≤2π，符合条件的整数 k 为 1、2，对应 x=5π/12、17π/12，所以取得最大值 2 次。,最大值在 2x+10π/6=π/2+2kπ 时取得，即 x=-7π/12+kπ。限制 0≤x≤2π，符合条件的整数 k 为 1、2，对应 x=5π/12、17π/12，所以取得最大值 2 次。,"Recomputed maximum-count condition on [0,2π] and made the endpoint/integer-k count explicit."
hjb-high-ds-v4-s4-331,S4,hjb-v4-remediated,三角函数,multiple-choice,Challenge,P1,wrong-answer,trig-max-count,fixed,explanation-clarification,"V4修复变式0331：选择：函数 y=7sin(2x+2π/6)。求它在区间 [0,2π] 内取得最大值的次数。","V4修复变式0331：选择：函数 y=7sin(2x+2π/6)。求它在区间 [0,2π] 内取得最大值的次数。",4 | 2 | 3 | 1,4 | 2 | 3 | 1,2,2,2,2,最大值在 2x+2π/6=π/2+2kπ 时取得，即 x=π/12+kπ。限制 0≤x≤2π，符合条件的整数 k 为 0、1，对应 x=π/12、13π/12，所以取得最大值 2 次。,最大值在 2x+2π/6=π/2+2kπ 时取得，即 x=π/12+kπ。限制 0≤x≤2π，符合条件的整数 k 为 0、1，对应 x=π/12、13π/12，所以取得最大值 2 次。,"Recomputed maximum-count condition on [0,2π] and made the endpoint/integer-k count explicit."
hjb-high-ds-v4-s4-334,S4,hjb-v4-remediated,三角函数,multiple-choice,Challenge,P1,wrong-answer,trig-max-count,fixed,explanation-clarification,"V4修复变式0334：选择：函数 y=10sin(2x+3π/6)。求它在区间 [0,2π] 内取得最大值的次数。","V4修复变式0334：选择：函数 y=10sin(2x+3π/6)。求它在区间 [0,2π] 内取得最大值的次数。",3 | 4 | 2 | 5,3 | 4 | 2 | 5,3,3,3,3,最大值在 2x+3π/6=π/2+2kπ 时取得，即 x=kπ。限制 0≤x≤2π，符合条件的整数 k 为 0、1、2，对应 x=0、π、2π，所以取得最大值 3 次。,最大值在 2x+3π/6=π/2+2kπ 时取得，即 x=kπ。限制 0≤x≤2π，符合条件的整数 k 为 0、1、2，对应 x=0、π、2π，所以取得最大值 3 次。,"Recomputed maximum-count condition on [0,2π] and made the endpoint/integer-k count explicit."
hjb-high-ds-v4-s4-337,S4,hjb-v4-remediated,三角函数,multiple-choice,Challenge,P1,wrong-answer,trig-max-count,fixed,explanation-clarification,"V4修复变式0337：选择：函数 y=2sin(2x+1π/6)。求它在区间 [0,2π] 内取得最大值的次数。","V4修复变式0337：选择：函数 y=2sin(2x+1π/6)。求它在区间 [0,2π] 内取得最大值的次数。",3 | 1 | 4 | 2,3 | 1 | 4 | 2,2,2,2,2,最大值在 2x+1π/6=π/2+2kπ 时取得，即 x=π/6+kπ。限制 0≤x≤2π，符合条件的整数 k 为 0、1，对应 x=π/6、7π/6，所以取得最大值 2 次。,最大值在 2x+1π/6=π/2+2kπ 时取得，即 x=π/6+kπ。限制 0≤x≤2π，符合条件的整数 k 为 0、1，对应 x=π/6、7π/6，所以取得最大值 2 次。,"Recomputed maximum-count condition on [0,2π] and made the endpoint/integer-k count explicit."
hjb-high-ds-v4-s4-340,S4,hjb-v4-remediated,三角函数,multiple-choice,Challenge,P1,wrong-answer,trig-max-count,fixed,explanation-clarification,"V4修复变式0340：选择：函数 y=11sin(2x+4π/6)。求它在区间 [0,2π] 内取得最大值的次数。","V4修复变式0340：选择：函数 y=11sin(2x+4π/6)。求它在区间 [0,2π] 内取得最大值的次数。",4 | 2 | 3 | 1,4 | 2 | 3 | 1,2,2,2,2,最大值在 2x+4π/6=π/2+2kπ 时取得，即 x=-π/12+kπ。限制 0≤x≤2π，符合条件的整数 k 为 1、2，对应 x=11π/12、23π/12，所以取得最大值 2 次。,最大值在 2x+4π/6=π/2+2kπ 时取得，即 x=-π/12+kπ。限制 0≤x≤2π，符合条件的整数 k 为 1、2，对应 x=11π/12、23π/12，所以取得最大值 2 次。,"Recomputed maximum-count condition on [0,2π] and made the endpoint/integer-k count explicit."
hjb-high-ds-v4-s4-343,S4,hjb-v4-remediated,三角函数,multiple-choice,Challenge,P1,wrong-answer,trig-max-count,fixed,explanation-clarification,"V4修复变式0343：选择：函数 y=7sin(2x+3π/6)。求它在区间 [0,2π] 内取得最大值的次数。","V4修复变式0343：选择：函数 y=7sin(2x+3π/6)。求它在区间 [0,2π] 内取得最大值的次数。",2 | 5 | 3 | 4,2 | 5 | 3 | 4,3,3,3,3,最大值在 2x+3π/6=π/2+2kπ 时取得，即 x=kπ。限制 0≤x≤2π，符合条件的整数 k 为 0、1、2，对应 x=0、π、2π，所以取得最大值 3 次。,最大值在 2x+3π/6=π/2+2kπ 时取得，即 x=kπ。限制 0≤x≤2π，符合条件的整数 k 为 0、1、2，对应 x=0、π、2π，所以取得最大值 3 次。,"Recomputed maximum-count condition on [0,2π] and made the endpoint/integer-k count explicit."
hjb-high-ds-v4-s4-346,S4,hjb-v4-remediated,三角函数,multiple-choice,Challenge,P1,wrong-answer,trig-max-count,fixed,explanation-clarification,"V4修复变式0346：选择：函数 y=9sin(2x+9π/6)。求它在区间 [0,2π] 内取得最大值的次数。","V4修复变式0346：选择：函数 y=9sin(2x+9π/6)。求它在区间 [0,2π] 内取得最大值的次数。",3 | 1 | 4 | 2,3 | 1 | 4 | 2,2,2,2,2,最大值在 2x+9π/6=π/2+2kπ 时取得，即 x=-π/2+kπ。限制 0≤x≤2π，符合条件的整数 k 为 1、2，对应 x=π/2、3π/2，所以取得最大值 2 次。,最大值在 2x+9π/6=π/2+2kπ 时取得，即 x=-π/2+kπ。限制 0≤x≤2π，符合条件的整数 k 为 1、2，对应 x=π/2、3π/2，所以取得最大值 2 次。,"Recomputed maximum-count condition on [0,2π] and made the endpoint/integer-k count explicit."
hjb-high-ds-v4-s4-349,S4,hjb-v4-remediated,三角函数,multiple-choice,Challenge,P1,wrong-answer,trig-max-count,fixed,explanation-clarification,"V4修复变式0349：选择：函数 y=8sin(2x+13π/6)。求它在区间 [0,2π] 内取得最大值的次数。","V4修复变式0349：选择：函数 y=8sin(2x+13π/6)。求它在区间 [0,2π] 内取得最大值的次数。",2 | 3 | 1 | 4,2 | 3 | 1 | 4,2,2,2,2,最大值在 2x+13π/6=π/2+2kπ 时取得，即 x=-5π/6+kπ。限制 0≤x≤2π，符合条件的整数 k 为 1、2，对应 x=π/6、7π/6，所以取得最大值 2 次。,最大值在 2x+13π/6=π/2+2kπ 时取得，即 x=-5π/6+kπ。限制 0≤x≤2π，符合条件的整数 k 为 1、2，对应 x=π/6、7π/6，所以取得最大值 2 次。,"Recomputed maximum-count condition on [0,2π] and made the endpoint/integer-k count explicit."
hjb-high-ds-v4-s4-352,S4,hjb-v4-remediated,三角函数,multiple-choice,Challenge,P1,wrong-answer,trig-max-count,fixed,explanation-clarification,"V4修复变式0352：选择：函数 y=9sin(2x+7π/6)。求它在区间 [0,2π] 内取得最大值的次数。","V4修复变式0352：选择：函数 y=9sin(2x+7π/6)。求它在区间 [0,2π] 内取得最大值的次数。",2 | 3 | 1 | 4,2 | 3 | 1 | 4,2,2,2,2,最大值在 2x+7π/6=π/2+2kπ 时取得，即 x=-π/3+kπ。限制 0≤x≤2π，符合条件的整数 k 为 1、2，对应 x=2π/3、5π/3，所以取得最大值 2 次。,最大值在 2x+7π/6=π/2+2kπ 时取得，即 x=-π/3+kπ。限制 0≤x≤2π，符合条件的整数 k 为 1、2，对应 x=2π/3、5π/3，所以取得最大值 2 次。,"Recomputed maximum-count condition on [0,2π] and made the endpoint/integer-k count explicit."
hjb-high-ds-v4-s4-355,S4,hjb-v4-remediated,三角函数,multiple-choice,Challenge,P1,wrong-answer,trig-max-count,fixed,explanation-clarification,"V4修复变式0355：选择：函数 y=8sin(2x+2π/6)。求它在区间 [0,2π] 内取得最大值的次数。","V4修复变式0355：选择：函数 y=8sin(2x+2π/6)。求它在区间 [0,2π] 内取得最大值的次数。",3 | 1 | 4 | 2,3 | 1 | 4 | 2,2,2,2,2,最大值在 2x+2π/6=π/2+2kπ 时取得，即 x=π/12+kπ。限制 0≤x≤2π，符合条件的整数 k 为 0、1，对应 x=π/12、13π/12，所以取得最大值 2 次。,最大值在 2x+2π/6=π/2+2kπ 时取得，即 x=π/12+kπ。限制 0≤x≤2π，符合条件的整数 k 为 0、1，对应 x=π/12、13π/12，所以取得最大值 2 次。,"Recomputed maximum-count condition on [0,2π] and made the endpoint/integer-k count explicit."
hjb-high-ds-v4-s4-358,S4,hjb-v4-remediated,三角函数,multiple-choice,Challenge,P1,wrong-answer,trig-max-count,fixed,explanation-clarification,"V4修复变式0358：选择：函数 y=3sin(2x+7π/6)。求它在区间 [0,2π] 内取得最大值的次数。","V4修复变式0358：选择：函数 y=3sin(2x+7π/6)。求它在区间 [0,2π] 内取得最大值的次数。",1 | 4 | 2 | 3,1 | 4 | 2 | 3,2,2,2,2,最大值在 2x+7π/6=π/2+2kπ 时取得，即 x=-π/3+kπ。限制 0≤x≤2π，符合条件的整数 k 为 1、2，对应 x=2π/3、5π/3，所以取得最大值 2 次。,最大值在 2x+7π/6=π/2+2kπ 时取得，即 x=-π/3+kπ。限制 0≤x≤2π，符合条件的整数 k 为 1、2，对应 x=2π/3、5π/3，所以取得最大值 2 次。,"Recomputed maximum-count condition on [0,2π] and made the endpoint/integer-k count explicit."
hjb-high-ds-v4-s4-361,S4,hjb-v4-remediated,三角函数,multiple-choice,Challenge,P1,wrong-answer,trig-max-count,fixed,explanation-clarification,"V4修复变式0361：选择：函数 y=12sin(2x+10π/6)。求它在区间 [0,2π] 内取得最大值的次数。","V4修复变式0361：选择：函数 y=12sin(2x+10π/6)。求它在区间 [0,2π] 内取得最大值的次数。",1 | 4 | 2 | 3,1 | 4 | 2 | 3,2,2,2,2,最大值在 2x+10π/6=π/2+2kπ 时取得，即 x=-7π/12+kπ。限制 0≤x≤2π，符合条件的整数 k 为 1、2，对应 x=5π/12、17π/12，所以取得最大值 2 次。,最大值在 2x+10π/6=π/2+2kπ 时取得，即 x=-7π/12+kπ。限制 0≤x≤2π，符合条件的整数 k 为 1、2，对应 x=5π/12、17π/12，所以取得最大值 2 次。,"Recomputed maximum-count condition on [0,2π] and made the endpoint/integer-k count explicit."
hjb-high-ds-v4-s4-364,S4,hjb-v4-remediated,三角函数,multiple-choice,Challenge,P1,wrong-answer,trig-max-count,fixed,explanation-clarification,"V4修复变式0364：选择：函数 y=4sin(2x+7π/6)。求它在区间 [0,2π] 内取得最大值的次数。","V4修复变式0364：选择：函数 y=4sin(2x+7π/6)。求它在区间 [0,2π] 内取得最大值的次数。",3 | 1 | 4 | 2,3 | 1 | 4 | 2,2,2,2,2,最大值在 2x+7π/6=π/2+2kπ 时取得，即 x=-π/3+kπ。限制 0≤x≤2π，符合条件的整数 k 为 1、2，对应 x=2π/3、5π/3，所以取得最大值 2 次。,最大值在 2x+7π/6=π/2+2kπ 时取得，即 x=-π/3+kπ。限制 0≤x≤2π，符合条件的整数 k 为 1、2，对应 x=2π/3、5π/3，所以取得最大值 2 次。,"Recomputed maximum-count condition on [0,2π] and made the endpoint/integer-k count explicit."
hjb-high-ds-v4-s4-367,S4,hjb-v4-remediated,三角函数,multiple-choice,Challenge,P1,wrong-answer,trig-max-count,fixed,explanation-clarification,"V4修复变式0367：选择：函数 y=7sin(2x+8π/6)。求它在区间 [0,2π] 内取得最大值的次数。","V4修复变式0367：选择：函数 y=7sin(2x+8π/6)。求它在区间 [0,2π] 内取得最大值的次数。",2 | 3 | 1 | 4,2 | 3 | 1 | 4,2,2,2,2,最大值在 2x+8π/6=π/2+2kπ 时取得，即 x=-5π/12+kπ。限制 0≤x≤2π，符合条件的整数 k 为 1、2，对应 x=7π/12、19π/12，所以取得最大值 2 次。,最大值在 2x+8π/6=π/2+2kπ 时取得，即 x=-5π/12+kπ。限制 0≤x≤2π，符合条件的整数 k 为 1、2，对应 x=7π/12、19π/12，所以取得最大值 2 次。,"Recomputed maximum-count condition on [0,2π] and made the endpoint/integer-k count explicit."
hjb-high-ds-v4-s4-370,S4,hjb-v4-remediated,三角函数,multiple-choice,Challenge,P1,wrong-answer,trig-max-count,fixed,explanation-clarification,"V4修复变式0370：选择：函数 y=5sin(2x+12π/6)。求它在区间 [0,2π] 内取得最大值的次数。","V4修复变式0370：选择：函数 y=5sin(2x+12π/6)。求它在区间 [0,2π] 内取得最大值的次数。",2 | 3 | 1 | 4,2 | 3 | 1 | 4,2,2,2,2,最大值在 2x+12π/6=π/2+2kπ 时取得，即 x=-3π/4+kπ。限制 0≤x≤2π，符合条件的整数 k 为 1、2，对应 x=π/4、5π/4，所以取得最大值 2 次。,最大值在 2x+12π/6=π/2+2kπ 时取得，即 x=-3π/4+kπ。限制 0≤x≤2π，符合条件的整数 k 为 1、2，对应 x=π/4、5π/4，所以取得最大值 2 次。,"Recomputed maximum-count condition on [0,2π] and made the endpoint/integer-k count explicit."
hjb-high-ds-v4-s4-373,S4,hjb-v4-remediated,三角函数,multiple-choice,Challenge,P1,wrong-answer,trig-max-count,fixed,explanation-clarification,"V4修复变式0373：选择：函数 y=5sin(2x+6π/6)。求它在区间 [0,2π] 内取得最大值的次数。","V4修复变式0373：选择：函数 y=5sin(2x+6π/6)。求它在区间 [0,2π] 内取得最大值的次数。",3 | 1 | 4 | 2,3 | 1 | 4 | 2,2,2,2,2,最大值在 2x+6π/6=π/2+2kπ 时取得，即 x=-π/4+kπ。限制 0≤x≤2π，符合条件的整数 k 为 1、2，对应 x=3π/4、7π/4，所以取得最大值 2 次。,最大值在 2x+6π/6=π/2+2kπ 时取得，即 x=-π/4+kπ。限制 0≤x≤2π，符合条件的整数 k 为 1、2，对应 x=3π/4、7π/4，所以取得最大值 2 次。,"Recomputed maximum-count condition on [0,2π] and made the endpoint/integer-k count explicit."
hjb-high-ds-v4-s4-376,S4,hjb-v4-remediated,三角函数,multiple-choice,Challenge,P1,wrong-answer,trig-max-count,fixed,explanation-clarification,"V4修复变式0376：选择：函数 y=9sin(2x+9π/6)。求它在区间 [0,2π] 内取得最大值的次数。","V4修复变式0376：选择：函数 y=9sin(2x+9π/6)。求它在区间 [0,2π] 内取得最大值的次数。",1 | 4 | 2 | 3,1 | 4 | 2 | 3,2,2,2,2,最大值在 2x+9π/6=π/2+2kπ 时取得，即 x=-π/2+kπ。限制 0≤x≤2π，符合条件的整数 k 为 1、2，对应 x=π/2、3π/2，所以取得最大值 2 次。,最大值在 2x+9π/6=π/2+2kπ 时取得，即 x=-π/2+kπ。限制 0≤x≤2π，符合条件的整数 k 为 1、2，对应 x=π/2、3π/2，所以取得最大值 2 次。,"Recomputed maximum-count condition on [0,2π] and made the endpoint/integer-k count explicit."
hjb-high-ds-v4-s5-127,S5,hjb-v4-remediated,概率初步,multiple-choice,Foundation,P1,wrong-answer,probability,false_positive,no-data-change,V4修复变式0627：选择：袋中有 7 个红球和 17 个蓝球，随机取出 1 个，取到红球的概率是多少？,V4修复变式0627：选择：袋中有 7 个红球和 17 个蓝球，随机取出 1 个，取到红球的概率是多少？,1/3 | 1/4 | 7/25 | 7/24,1/3 | 1/4 | 7/25 | 7/24,7/24,7/24,7/24,7/24,总球数为 24，红球 7 个，所以概率为 7/24=7/24。,总球数为 24，红球 7 个，所以概率为 7/24=7/24。,"Codex S18 reviewed the DeepSeek flag and found the stored answer, options, acceptedAnswers, and explanation already matched the prompt."
