sampleReason,questionId,grade,semester,type,difficulty,unitTitle,topicId,promptZhHans,optionsZhHans,answer,explanationZhHans,overallScore,languageScore,diversityScore,canonicalPromptCount,riskFlags
balanced-coverage,pep-primary-p1-u-mc-051,P1,upper,multiple-choice,Foundation,图形、位置与整时,pep-primary-p1-upper-shapes-position-time,第51小组：下面描述的是哪种立体图形：能向各个方向滚动？,正方体 | 圆柱 | 球 | 长方体,球,这个特征对应球。,93.4,100,86,13,near-duplicate-template-cluster
balanced-coverage,pep-primary-p1-u-mc-055,P1,upper,multiple-choice,Foundation,图形、位置与整时,pep-primary-p1-upper-shapes-position-time,第55小组：下面描述的是哪种立体图形：能向各个方向滚动？,正方体 | 圆柱 | 球 | 长方体,球,这个特征对应球。,93.4,100,86,13,near-duplicate-template-cluster
balanced-coverage,pep-primary-p1-u-mc-059,P1,upper,multiple-choice,Foundation,图形、位置与整时,pep-primary-p1-upper-shapes-position-time,第59小组：下面描述的是哪种立体图形：能向各个方向滚动？,正方体 | 圆柱 | 球 | 长方体,球,这个特征对应球。,93.4,100,86,13,near-duplicate-template-cluster
balanced-coverage,pep-primary-p1-u-mc-001,P1,upper,multiple-choice,Foundation,20以内数感,pep-primary-p1-upper-number-sense,第1小组：一个数的组成中，总数是9，其中一部分是4，另一部分是多少？,5 | 6 | 4 | 7,5,用总数减去已知部分：9-4=5。,95.5,100,70,50,near-duplicate-template-cluster
balanced-coverage,pep-primary-p1-u-mc-031,P1,upper,multiple-choice,Foundation,20以内数感,pep-primary-p1-upper-number-sense,第31小组：一个数的组成中，总数是15，其中一部分是10，另一部分是多少？,4 | 10 | 5 | 6,5,用总数减去已知部分：15-10=5。,97,100,70,50,near-duplicate-template-cluster
balanced-coverage,pep-primary-p1-u-mc-061,P1,upper,multiple-choice,Foundation,图形、位置与整时,pep-primary-p1-upper-shapes-position-time,第61小组：下面描述的是哪种立体图形：每个面都是正方形？,正方体 | 长方体 | 圆柱 | 球,正方体,这个特征对应正方体。,98.5,100,100,12,
balanced-coverage,pep-primary-p1-u-fi-091,P1,upper,fill-in,Foundation,图形、位置与整时,pep-primary-p1-upper-shapes-position-time,第91小组：下面描述的是哪种立体图形：能向各个方向滚动？,,球,这个特征对应球。,93.4,100,86,13,near-duplicate-template-cluster
balanced-coverage,pep-primary-p1-u-fi-095,P1,upper,fill-in,Foundation,图形、位置与整时,pep-primary-p1-upper-shapes-position-time,第95小组：下面描述的是哪种立体图形：能向各个方向滚动？,,球,这个特征对应球。,93.4,100,86,13,near-duplicate-template-cluster
balanced-coverage,pep-primary-p1-u-fi-099,P1,upper,fill-in,Foundation,图形、位置与整时,pep-primary-p1-upper-shapes-position-time,第99小组：下面描述的是哪种立体图形：能向各个方向滚动？,,球,这个特征对应球。,93.4,100,86,13,near-duplicate-template-cluster
balanced-coverage,pep-primary-p1-u-fi-094,P1,upper,fill-in,Foundation,图形、位置与整时,pep-primary-p1-upper-shapes-position-time,第94小组：下面描述的是哪种立体图形：有两个圆形的面？,,圆柱,这个特征对应圆柱。,94.8,100,100,12,
balanced-coverage,pep-primary-p1-u-fi-097,P1,upper,fill-in,Foundation,图形、位置与整时,pep-primary-p1-upper-shapes-position-time,第97小组：下面描述的是哪种立体图形：每个面都是正方形？,,正方体,这个特征对应正方体。,98.5,100,100,12,
balanced-coverage,pep-primary-p1-u-fi-100,P1,upper,fill-in,Foundation,图形、位置与整时,pep-primary-p1-upper-shapes-position-time,第100小组：下面描述的是哪种立体图形：相对的面是长方形？,,长方体,这个特征对应长方体。,97.1,100,86,13,near-duplicate-template-cluster
balanced-coverage,pep-primary-p1-l-fi-101,P1,lower,fill-in,Foundation,100以内数与加减法,pep-primary-p1-lower-within-100-add-sub,第101小组：计算：37+5=？,,42,按位计算可得：37+5=42。,93.5,80,70,100,near-duplicate-template-cluster
balanced-coverage,pep-primary-p1-l-fi-102,P1,lower,fill-in,Foundation,100以内数与加减法,pep-primary-p1-lower-within-100-add-sub,第102小组：计算：44-10=？,,34,按位计算可得：44-10=34。,93.5,80,70,100,near-duplicate-template-cluster
balanced-coverage,pep-primary-p1-l-fi-103,P1,lower,fill-in,Foundation,100以内数与加减法,pep-primary-p1-lower-within-100-add-sub,第103小组：计算：51+15=？,,66,按位计算可得：51+15=66。,93.5,80,70,100,near-duplicate-template-cluster
balanced-coverage,pep-primary-p1-l-fi-124,P1,lower,fill-in,Core,100以内数与加减法,pep-primary-p1-lower-within-100-add-sub,第124小组：计算：48-12=？,,36,按位计算可得：48-12=36。,93.5,80,70,100,near-duplicate-template-cluster
balanced-coverage,pep-primary-p1-l-fi-147,P1,lower,fill-in,Core,100以内数与加减法,pep-primary-p1-lower-within-100-add-sub,第147小组：计算：59+19=？,,78,按位计算可得：59+19=78。,93.5,80,70,100,near-duplicate-template-cluster
balanced-coverage,pep-primary-p1-l-fi-170,P1,lower,fill-in,Core,人民币、时间与数据,pep-primary-p1-lower-money-data-review,第170小组：班级统计红卡3张、蓝卡9张、绿卡4张，数量最多的是几张？,,9,比较三个数量，最大的是9张。,95.5,100,70,50,near-duplicate-template-cluster
balanced-coverage,pep-primary-p1-l-sa-171,P1,lower,short-answer,Core,人民币、时间与数据,pep-primary-p1-lower-money-data-review,第171小组：班级统计红卡4张、蓝卡5张、绿卡7张，数量最多的是几张？,,7,比较三个数量，最大的是7张。,95.5,100,70,50,near-duplicate-template-cluster
balanced-coverage,pep-primary-p1-l-sa-172,P1,lower,short-answer,Core,人民币、时间与数据,pep-primary-p1-lower-money-data-review,第172小组：班级统计红卡5张、蓝卡7张、绿卡5张，数量最多的是几张？,,7,比较三个数量，最大的是7张。,95.5,100,70,50,near-duplicate-template-cluster
balanced-coverage,pep-primary-p1-l-sa-173,P1,lower,short-answer,Core,人民币、时间与数据,pep-primary-p1-lower-money-data-review,第173小组：班级统计红卡6张、蓝卡9张、绿卡8张，数量最多的是几张？,,9,比较三个数量，最大的是9张。,95.5,100,70,50,near-duplicate-template-cluster
balanced-coverage,pep-primary-p1-l-sa-181,P1,lower,short-answer,Core,人民币、时间与数据,pep-primary-p1-lower-money-data-review,第181小组：班级统计红卡4张、蓝卡7张、绿卡7张，数量最多的是几张？,,7,比较三个数量，最大的是7张。,95.5,100,70,50,near-duplicate-template-cluster
balanced-coverage,pep-primary-p1-l-sa-191,P1,lower,short-answer,Challenge,人民币、时间与数据,pep-primary-p1-lower-money-data-review,第191小组：班级统计红卡4张、蓝卡9张、绿卡7张，数量最多的是几张？,,9,比较三个数量，最大的是9张。,95.5,100,70,50,near-duplicate-template-cluster
balanced-coverage,pep-primary-p1-l-sa-200,P1,lower,short-answer,Challenge,人民币、时间与数据,pep-primary-p1-lower-money-data-review,第200小组：班级统计红卡3张、蓝卡9张、绿卡4张，数量最多的是几张？,,9,比较三个数量，最大的是9张。,95.5,100,70,50,near-duplicate-template-cluster
balanced-coverage,pep-primary-p2-u-mc-001,P2,upper,multiple-choice,Foundation,表内乘法与阵列,pep-primary-p2-upper-multiplication-arrays,第1小组：有3组，每组5个，一共有多少个？,15 | 8 | 18 | 10,15,3个5相加，可以写成3x5=15。,95.5,100,70,50,near-duplicate-template-cluster
balanced-coverage,pep-primary-p2-u-mc-002,P2,upper,multiple-choice,Foundation,表内乘法与阵列,pep-primary-p2-upper-multiplication-arrays,第2小组：有4组，每组8个，一共有多少个？,12 | 36 | 24 | 32,32,4个8相加，可以写成4x8=32。,95.5,100,70,50,near-duplicate-template-cluster
balanced-coverage,pep-primary-p2-u-mc-003,P2,upper,multiple-choice,Foundation,表内乘法与阵列,pep-primary-p2-upper-multiplication-arrays,第3小组：有5组，每组3个，一共有多少个？,20 | 12 | 15 | 8,15,5个3相加，可以写成5x3=15。,95.5,100,70,50,near-duplicate-template-cluster
balanced-coverage,pep-primary-p2-u-mc-031,P2,upper,multiple-choice,Foundation,表内乘法与阵列,pep-primary-p2-upper-multiplication-arrays,第31小组：有9组，每组7个，一共有多少个？,72 | 56 | 63 | 16,63,9个7相加，可以写成9x7=63。,95.5,100,70,50,near-duplicate-template-cluster
balanced-coverage,pep-primary-p2-u-mc-061,P2,upper,multiple-choice,Foundation,长度、角与观察物体,pep-primary-p2-upper-length-angles-observation,第61小组：一根彩带长54厘米，另一根比它长6厘米。另一根长多少厘米？,60厘米 | 54厘米 | 61厘米 | 48厘米,60厘米,54+6=60，所以另一根长60厘米。,97,100,70,50,near-duplicate-template-cluster
balanced-coverage,pep-primary-p2-u-mc-090,P2,upper,multiple-choice,Foundation,长度、角与观察物体,pep-primary-p2-upper-length-angles-observation,第90小组：一根彩带长30厘米，另一根比它长11厘米。另一根长多少厘米？,30厘米 | 42厘米 | 19厘米 | 41厘米,41厘米,30+11=41，所以另一根长41厘米。,97,100,70,50,near-duplicate-template-cluster
balanced-coverage,pep-primary-p2-u-fi-091,P2,upper,fill-in,Foundation,长度、角与观察物体,pep-primary-p2-upper-length-angles-observation,第91小组：一根彩带长34厘米，另一根比它长12厘米。另一根长多少厘米？,,46厘米,34+12=46，所以另一根长46厘米。,97,100,70,50,near-duplicate-template-cluster
balanced-coverage,pep-primary-p2-u-fi-092,P2,upper,fill-in,Foundation,长度、角与观察物体,pep-primary-p2-upper-length-angles-observation,第92小组：一根彩带长38厘米，另一根比它长13厘米。另一根长多少厘米？,,51厘米,38+13=51，所以另一根长51厘米。,97,100,70,50,near-duplicate-template-cluster
balanced-coverage,pep-primary-p2-u-fi-093,P2,upper,fill-in,Foundation,长度、角与观察物体,pep-primary-p2-upper-length-angles-observation,第93小组：一根彩带长42厘米，另一根比它长14厘米。另一根长多少厘米？,,56厘米,42+14=56，所以另一根长56厘米。,97,100,70,50,near-duplicate-template-cluster
balanced-coverage,pep-primary-p2-u-fi-094,P2,upper,fill-in,Foundation,长度、角与观察物体,pep-primary-p2-upper-length-angles-observation,第94小组：一根彩带长46厘米，另一根比它长15厘米。另一根长多少厘米？,,61厘米,46+15=61，所以另一根长61厘米。,97,100,70,50,near-duplicate-template-cluster
balanced-coverage,pep-primary-p2-u-fi-097,P2,upper,fill-in,Foundation,长度、角与观察物体,pep-primary-p2-upper-length-angles-observation,第97小组：一根彩带长58厘米，另一根比它长6厘米。另一根长多少厘米？,,64厘米,58+6=64，所以另一根长64厘米。,97,100,70,50,near-duplicate-template-cluster
balanced-coverage,pep-primary-p2-u-fi-100,P2,upper,fill-in,Foundation,长度、角与观察物体,pep-primary-p2-upper-length-angles-observation,第100小组：一根彩带长70厘米，另一根比它长9厘米。另一根长多少厘米？,,79厘米,70+9=79，所以另一根长79厘米。,97,100,70,50,near-duplicate-template-cluster
balanced-coverage,pep-primary-p2-l-fi-102,P2,lower,fill-in,Foundation,表内除法与有余数除法,pep-primary-p2-lower-division-remainder,第102小组：把24个物品按每组6个分组，商和余数是多少？,,4,6x4+0=24，所以结果是4。,93.5,80,70,50,near-duplicate-template-cluster
balanced-coverage,pep-primary-p2-l-fi-104,P2,lower,fill-in,Foundation,表内除法与有余数除法,pep-primary-p2-lower-division-remainder,第104小组：把64个物品按每组8个分组，商和余数是多少？,,8,8x8+0=64，所以结果是8。,93.5,80,70,50,near-duplicate-template-cluster
balanced-coverage,pep-primary-p2-l-fi-112,P2,lower,fill-in,Foundation,表内除法与有余数除法,pep-primary-p2-lower-division-remainder,第112小组：把6个物品按每组2个分组，商和余数是多少？,,3,2x3+0=6，所以结果是3。,93.5,80,70,50,near-duplicate-template-cluster
balanced-coverage,pep-primary-p2-l-fi-101,P2,lower,fill-in,Foundation,表内除法与有余数除法,pep-primary-p2-lower-division-remainder,第101小组：把46个物品按每组5个分组，商和余数是多少？,,9余1,5x9+1=46，所以结果是9余1。,95,80,70,50,near-duplicate-template-cluster
balanced-coverage,pep-primary-p2-l-fi-124,P2,lower,fill-in,Core,表内除法与有余数除法,pep-primary-p2-lower-division-remainder,第124小组：把47个物品按每组7个分组，商和余数是多少？,,6余5,7x6+5=47，所以结果是6余5。,95,80,70,50,near-duplicate-template-cluster
balanced-coverage,pep-primary-p2-l-fi-147,P2,lower,fill-in,Core,表内除法与有余数除法,pep-primary-p2-lower-division-remainder,第147小组：把7个物品按每组2个分组，商和余数是多少？,,3余1,2x3+1=7，所以结果是3余1。,95.5,100,70,50,near-duplicate-template-cluster
balanced-coverage,pep-primary-p2-l-sa-171,P2,lower,short-answer,Core,万以内数、质量、时间与数据,pep-primary-p2-lower-place-value-measurement-data,第171小组：在数4357中，百位上的数字是几？,,3,4357中有4个千、3个百、5个十和7个一。,97,100,70,50,near-duplicate-template-cluster
balanced-coverage,pep-primary-p2-l-sa-172,P2,lower,short-answer,Core,万以内数、质量、时间与数据,pep-primary-p2-lower-place-value-measurement-data,第172小组：在数5604中，百位上的数字是几？,,6,5604中有5个千、6个百、0个十和4个一。,97,100,70,50,near-duplicate-template-cluster
balanced-coverage,pep-primary-p2-l-sa-173,P2,lower,short-answer,Core,万以内数、质量、时间与数据,pep-primary-p2-lower-place-value-measurement-data,第173小组：在数6951中，百位上的数字是几？,,9,6951中有6个千、9个百、5个十和1个一。,97,100,70,50,near-duplicate-template-cluster
balanced-coverage,pep-primary-p2-l-sa-181,P2,lower,short-answer,Core,万以内数、质量、时间与数据,pep-primary-p2-lower-place-value-measurement-data,第181小组：在数6357中，百位上的数字是几？,,3,6357中有6个千、3个百、5个十和7个一。,97,100,70,50,near-duplicate-template-cluster
balanced-coverage,pep-primary-p2-l-sa-191,P2,lower,short-answer,Challenge,万以内数、质量、时间与数据,pep-primary-p2-lower-place-value-measurement-data,第191小组：在数8357中，百位上的数字是几？,,3,8357中有8个千、3个百、5个十和7个一。,97,100,70,50,near-duplicate-template-cluster
balanced-coverage,pep-primary-p2-l-sa-200,P2,lower,short-answer,Challenge,万以内数、质量、时间与数据,pep-primary-p2-lower-place-value-measurement-data,第200小组：在数1000中，百位上的数字是几？,,0,1000中有1个千、0个百、0个十和0个一。,97,100,70,50,near-duplicate-template-cluster
balanced-coverage,pep-primary-p3-u-mc-051,P3,upper,multiple-choice,Foundation,测量、年月日与几何,pep-primary-p3-upper-measurement-time-geometry,第51小组：阅读活动从9:00开始，持续30分钟。活动持续了多少分钟？,25分钟 | 9分钟 | 30分钟 | 35分钟,30分钟,题目给出的持续时间就是30分钟。,95.5,100,70,50,near-duplicate-template-cluster
balanced-coverage,pep-primary-p3-u-mc-052,P3,upper,multiple-choice,Foundation,测量、年月日与几何,pep-primary-p3-upper-measurement-time-geometry,第52小组：阅读活动从10:00开始，持续35分钟。活动持续了多少分钟？,10分钟 | 35分钟 | 40分钟 | 30分钟,35分钟,题目给出的持续时间就是35分钟。,95.5,100,70,50,near-duplicate-template-cluster
balanced-coverage,pep-primary-p3-u-mc-053,P3,upper,multiple-choice,Foundation,测量、年月日与几何,pep-primary-p3-upper-measurement-time-geometry,第53小组：阅读活动从11:00开始，持续40分钟。活动持续了多少分钟？,40分钟 | 45分钟 | 35分钟 | 11分钟,40分钟,题目给出的持续时间就是40分钟。,95.5,100,70,50,near-duplicate-template-cluster
balanced-coverage,pep-primary-p3-u-mc-001,P3,upper,multiple-choice,Foundation,多位数运算与分数初步,pep-primary-p3-upper-operations-fractions,第1小组：把一个整体平均分成5份，其中涂色2份。涂色部分占几分之几？,2/5 | 5/2 | 3/5 | 2/6,2/5,平均分成5份作分母，涂色2份作分子，所以是2/5。,97,100,70,50,near-duplicate-template-cluster
balanced-coverage,pep-primary-p3-u-mc-026,P3,upper,multiple-choice,Foundation,多位数运算与分数初步,pep-primary-p3-upper-operations-fractions,第26小组：把一个整体平均分成5份，其中涂色3份。涂色部分占几分之几？,5/3 | 4/5 | 3/6 | 3/5,3/5,平均分成5份作分母，涂色3份作分子，所以是3/5。,97,100,70,50,near-duplicate-template-cluster
balanced-coverage,pep-primary-p3-u-mc-075,P3,upper,multiple-choice,Foundation,测量、年月日与几何,pep-primary-p3-upper-measurement-time-geometry,第75小组：阅读活动从8:00开始，持续30分钟。活动持续了多少分钟？,25分钟 | 8分钟 | 30分钟 | 35分钟,30分钟,题目给出的持续时间就是30分钟。,95.5,100,70,50,near-duplicate-template-cluster
balanced-coverage,pep-primary-p3-u-fi-076,P3,upper,fill-in,Foundation,测量、年月日与几何,pep-primary-p3-upper-measurement-time-geometry,第76小组：阅读活动从9:00开始，持续35分钟。活动持续了多少分钟？,,35分钟,题目给出的持续时间就是35分钟。,95.5,100,70,50,near-duplicate-template-cluster
balanced-coverage,pep-primary-p3-u-fi-077,P3,upper,fill-in,Foundation,测量、年月日与几何,pep-primary-p3-upper-measurement-time-geometry,第77小组：阅读活动从10:00开始，持续40分钟。活动持续了多少分钟？,,40分钟,题目给出的持续时间就是40分钟。,95.5,100,70,50,near-duplicate-template-cluster
balanced-coverage,pep-primary-p3-u-fi-078,P3,upper,fill-in,Foundation,测量、年月日与几何,pep-primary-p3-upper-measurement-time-geometry,第78小组：阅读活动从11:00开始，持续45分钟。活动持续了多少分钟？,,45分钟,题目给出的持续时间就是45分钟。,95.5,100,70,50,near-duplicate-template-cluster
balanced-coverage,pep-primary-p3-u-fi-084,P3,upper,fill-in,Core,测量、年月日与几何,pep-primary-p3-upper-measurement-time-geometry,第84小组：阅读活动从12:00开始，持续35分钟。活动持续了多少分钟？,,35分钟,题目给出的持续时间就是35分钟。,95.5,100,70,50,near-duplicate-template-cluster
balanced-coverage,pep-primary-p3-u-fi-092,P3,upper,fill-in,Core,测量、年月日与几何,pep-primary-p3-upper-measurement-time-geometry,第92小组：阅读活动从10:00开始，持续35分钟。活动持续了多少分钟？,,35分钟,题目给出的持续时间就是35分钟。,95.5,100,70,50,near-duplicate-template-cluster
balanced-coverage,pep-primary-p3-u-fi-100,P3,upper,fill-in,Core,测量、年月日与几何,pep-primary-p3-upper-measurement-time-geometry,第100小组：阅读活动从8:00开始，持续35分钟。活动持续了多少分钟？,,35分钟,题目给出的持续时间就是35分钟。,95.5,100,70,50,near-duplicate-template-cluster
balanced-coverage,pep-primary-p3-l-fi-101,P3,lower,fill-in,Core,面积与小数初步,pep-primary-p3-lower-area-decimals,第101小组：一个长方形长5厘米、宽6厘米，面积是多少？,,30平方厘米,长方形面积=长x宽，5x6=30平方厘米。,97,100,70,50,near-duplicate-template-cluster
balanced-coverage,pep-primary-p3-l-fi-102,P3,lower,fill-in,Core,面积与小数初步,pep-primary-p3-lower-area-decimals,第102小组：一个长方形长6厘米、宽2厘米，面积是多少？,,12平方厘米,长方形面积=长x宽，6x2=12平方厘米。,97,100,70,50,near-duplicate-template-cluster
balanced-coverage,pep-primary-p3-l-fi-103,P3,lower,fill-in,Core,面积与小数初步,pep-primary-p3-lower-area-decimals,第103小组：一个长方形长7厘米、宽4厘米，面积是多少？,,28平方厘米,长方形面积=长x宽，7x4=28平方厘米。,97,100,70,50,near-duplicate-template-cluster
balanced-coverage,pep-primary-p3-l-fi-117,P3,lower,fill-in,Core,面积与小数初步,pep-primary-p3-lower-area-decimals,第117小组：一个长方形长3厘米、宽2厘米，面积是多少？,,6平方厘米,长方形面积=长x宽，3x2=6平方厘米。,97,100,70,50,near-duplicate-template-cluster
balanced-coverage,pep-primary-p3-l-fi-134,P3,lower,fill-in,Core,面积与小数初步,pep-primary-p3-lower-area-decimals,第134小组：一个长方形长11厘米、宽6厘米，面积是多少？,,66平方厘米,长方形面积=长x宽，11x6=66平方厘米。,97,100,70,50,near-duplicate-template-cluster
balanced-coverage,pep-primary-p3-l-fi-150,P3,lower,fill-in,Core,面积与小数初步,pep-primary-p3-lower-area-decimals,第150小组：一个长方形长9厘米、宽2厘米，面积是多少？,,18平方厘米,长方形面积=长x宽，9x2=18平方厘米。,97,100,70,50,near-duplicate-template-cluster
balanced-coverage,pep-primary-p3-l-sa-152,P3,lower,short-answer,Core,统计表达与综合复习,pep-primary-p3-lower-statistics-review,第152小组：求4、6、8这三个数的平均数。,,6,平均数=(4+6+8)÷3=6。,93.5,80,70,50,near-duplicate-template-cluster
balanced-coverage,pep-primary-p3-l-sa-153,P3,lower,short-answer,Core,统计表达与综合复习,pep-primary-p3-lower-statistics-review,第153小组：求5、7、9这三个数的平均数。,,7,平均数=(5+7+9)÷3=7。,93.5,80,70,50,near-duplicate-template-cluster
balanced-coverage,pep-primary-p3-l-sa-154,P3,lower,short-answer,Core,统计表达与综合复习,pep-primary-p3-lower-statistics-review,第154小组：求6、8、10这三个数的平均数。,,8,平均数=(6+8+10)÷3=8。,93.5,80,70,50,near-duplicate-template-cluster
balanced-coverage,pep-primary-p3-l-sa-151,P3,lower,short-answer,Core,统计表达与综合复习,pep-primary-p3-lower-statistics-review,第151小组：求11、13、15这三个数的平均数。,,13,平均数=(11+13+15)÷3=13。,95,80,70,50,near-duplicate-template-cluster
balanced-coverage,pep-primary-p3-l-sa-167,P3,lower,short-answer,Core,统计表达与综合复习,pep-primary-p3-lower-statistics-review,第167小组：求11、13、15这三个数的平均数。,,13,平均数=(11+13+15)÷3=13。,95,80,70,50,near-duplicate-template-cluster
balanced-coverage,pep-primary-p3-l-sa-184,P3,lower,short-answer,Challenge,统计表达与综合复习,pep-primary-p3-lower-statistics-review,第184小组：求4、6、8这三个数的平均数。,,6,平均数=(4+6+8)÷3=6。,93.5,80,70,50,near-duplicate-template-cluster
balanced-coverage,pep-primary-p4-u-mc-001,P4,upper,multiple-choice,Foundation,大数认识与三位数乘法,pep-primary-p4-upper-large-numbers-multiplication,第1小组：计算：13x23=？,299 | 312 | 286 | 36,299,按乘法计算可得13x23=299。,93.5,80,70,50,near-duplicate-template-cluster
balanced-coverage,pep-primary-p4-u-mc-002,P4,upper,multiple-choice,Foundation,大数认识与三位数乘法,pep-primary-p4-upper-large-numbers-multiplication,第2小组：计算：14x26=？,378 | 350 | 40 | 364,364,按乘法计算可得14x26=364。,93.5,80,70,50,near-duplicate-template-cluster
balanced-coverage,pep-primary-p4-u-mc-003,P4,upper,multiple-choice,Foundation,大数认识与三位数乘法,pep-primary-p4-upper-large-numbers-multiplication,第3小组：计算：15x29=？,420 | 44 | 435 | 450,435,按乘法计算可得15x29=435。,93.5,80,70,50,near-duplicate-template-cluster
balanced-coverage,pep-primary-p4-u-mc-026,P4,upper,multiple-choice,Foundation,大数认识与三位数乘法,pep-primary-p4-upper-large-numbers-multiplication,第26小组：计算：20x38=？,780 | 740 | 58 | 760,760,按乘法计算可得20x38=760。,93.5,80,70,50,near-duplicate-template-cluster
balanced-coverage,pep-primary-p4-u-mc-051,P4,upper,multiple-choice,Foundation,角的度量与几何语言,pep-primary-p4-upper-angles-geometry,第51小组：两个角组成一个平角，其中一个角是40°，另一个角是多少度？,150° | 130° | 140° | 40°,140°,平角是180°，所以另一个角是180°-40°=140°。,95,80,70,50,near-duplicate-template-cluster
balanced-coverage,pep-primary-p4-u-mc-075,P4,upper,multiple-choice,Foundation,角的度量与几何语言,pep-primary-p4-upper-angles-geometry,第75小组：两个角组成一个平角，其中一个角是40°，另一个角是多少度？,150° | 130° | 140° | 40°,140°,平角是180°，所以另一个角是180°-40°=140°。,95,80,70,50,near-duplicate-template-cluster
balanced-coverage,pep-primary-p4-u-fi-076,P4,upper,fill-in,Foundation,角的度量与几何语言,pep-primary-p4-upper-angles-geometry,第76小组：两个角组成一个平角，其中一个角是45°，另一个角是多少度？,,135°,平角是180°，所以另一个角是180°-45°=135°。,95,80,70,50,near-duplicate-template-cluster
balanced-coverage,pep-primary-p4-u-fi-077,P4,upper,fill-in,Foundation,角的度量与几何语言,pep-primary-p4-upper-angles-geometry,第77小组：两个角组成一个平角，其中一个角是50°，另一个角是多少度？,,130°,平角是180°，所以另一个角是180°-50°=130°。,95,80,70,50,near-duplicate-template-cluster
balanced-coverage,pep-primary-p4-u-fi-078,P4,upper,fill-in,Foundation,角的度量与几何语言,pep-primary-p4-upper-angles-geometry,第78小组：两个角组成一个平角，其中一个角是55°，另一个角是多少度？,,125°,平角是180°，所以另一个角是180°-55°=125°。,95,80,70,50,near-duplicate-template-cluster
balanced-coverage,pep-primary-p4-u-fi-084,P4,upper,fill-in,Core,角的度量与几何语言,pep-primary-p4-upper-angles-geometry,第84小组：两个角组成一个平角，其中一个角是85°，另一个角是多少度？,,95°,平角是180°，所以另一个角是180°-85°=95°。,97,100,70,50,near-duplicate-template-cluster
balanced-coverage,pep-primary-p4-u-fi-092,P4,upper,fill-in,Core,角的度量与几何语言,pep-primary-p4-upper-angles-geometry,第92小组：两个角组成一个平角，其中一个角是125°，另一个角是多少度？,,55°,平角是180°，所以另一个角是180°-125°=55°。,95,80,70,50,near-duplicate-template-cluster
balanced-coverage,pep-primary-p4-u-fi-100,P4,upper,fill-in,Core,角的度量与几何语言,pep-primary-p4-upper-angles-geometry,第100小组：两个角组成一个平角，其中一个角是45°，另一个角是多少度？,,135°,平角是180°，所以另一个角是180°-45°=135°。,95,80,70,50,near-duplicate-template-cluster
balanced-coverage,pep-primary-p4-l-fi-108,P4,lower,fill-in,Core,小数运算与平均数,pep-primary-p4-lower-decimals-average,第108小组：计算：1+2=？,,3,小数点对齐计算：1+2=3。,93.5,80,70,100,near-duplicate-template-cluster
balanced-coverage,pep-primary-p4-l-fi-117,P4,lower,fill-in,Core,小数运算与平均数,pep-primary-p4-lower-decimals-average,第117小组：计算：1+2=？,,3,小数点对齐计算：1+2=3。,93.5,80,70,100,near-duplicate-template-cluster
balanced-coverage,pep-primary-p4-l-fi-126,P4,lower,fill-in,Core,小数运算与平均数,pep-primary-p4-lower-decimals-average,第126小组：计算：1+2=？,,3,小数点对齐计算：1+2=3。,93.5,80,70,100,near-duplicate-template-cluster
balanced-coverage,pep-primary-p4-l-fi-101,P4,lower,fill-in,Core,小数运算与平均数,pep-primary-p4-lower-decimals-average,第101小组：计算：1.2+2.4=？,,3.6,小数点对齐计算：1.2+2.4=3.6。,95,80,70,100,near-duplicate-template-cluster
balanced-coverage,pep-primary-p4-l-fi-134,P4,lower,fill-in,Core,小数运算与平均数,pep-primary-p4-lower-decimals-average,第134小组：计算：1.8+2.7=？,,4.5,小数点对齐计算：1.8+2.7=4.5。,95,80,70,100,near-duplicate-template-cluster
balanced-coverage,pep-primary-p4-l-fi-150,P4,lower,fill-in,Core,小数运算与平均数,pep-primary-p4-lower-decimals-average,第150小组：计算：1.6+2.3=？,,3.9,小数点对齐计算：1.6+2.3=3.9。,95,80,70,100,near-duplicate-template-cluster
balanced-coverage,pep-primary-p4-l-sa-151,P4,lower,short-answer,Core,周长面积、平行与垂直,pep-primary-p4-lower-perimeter-area-lines,第151小组：一个长方形长12厘米、宽4厘米，周长是多少？,,32厘米,长方形周长=（长+宽）x2=(12+4)x2=32厘米。,95,80,70,50,near-duplicate-template-cluster
balanced-coverage,pep-primary-p4-l-sa-152,P4,lower,short-answer,Core,周长面积、平行与垂直,pep-primary-p4-lower-perimeter-area-lines,第152小组：一个长方形长13厘米、宽6厘米，周长是多少？,,38厘米,长方形周长=（长+宽）x2=(13+6)x2=38厘米。,95,80,70,50,near-duplicate-template-cluster
balanced-coverage,pep-primary-p4-l-sa-153,P4,lower,short-answer,Core,周长面积、平行与垂直,pep-primary-p4-lower-perimeter-area-lines,第153小组：一个长方形长5厘米、宽8厘米，周长是多少？,,26厘米,长方形周长=（长+宽）x2=(5+8)x2=26厘米。,95,80,70,50,near-duplicate-template-cluster
balanced-coverage,pep-primary-p4-l-sa-167,P4,lower,short-answer,Core,周长面积、平行与垂直,pep-primary-p4-lower-perimeter-area-lines,第167小组：一个长方形长10厘米、宽8厘米，周长是多少？,,36厘米,长方形周长=（长+宽）x2=(10+8)x2=36厘米。,95,80,70,50,near-duplicate-template-cluster
balanced-coverage,pep-primary-p4-l-sa-184,P4,lower,short-answer,Challenge,周长面积、平行与垂直,pep-primary-p4-lower-perimeter-area-lines,第184小组：一个长方形长9厘米、宽7厘米，周长是多少？,,32厘米,长方形周长=（长+宽）x2=(9+7)x2=32厘米。,95,80,70,50,near-duplicate-template-cluster
balanced-coverage,pep-primary-p4-l-sa-200,P4,lower,short-answer,Challenge,周长面积、平行与垂直,pep-primary-p4-lower-perimeter-area-lines,第200小组：一个长方形长7厘米、宽4厘米，周长是多少？,,22厘米,长方形周长=（长+宽）x2=(7+4)x2=22厘米。,95,80,70,50,near-duplicate-template-cluster
balanced-coverage,pep-primary-p5-u-mc-016,P5,upper,multiple-choice,Foundation,小数乘除与简易方程,pep-primary-p5-upper-decimals-equations,第16小组：解方程：3x+7=16。x是多少？,9 | 3 | 4 | 2,3,先算16-7=9，再算9÷3=3。,91.5,60,70,50,near-duplicate-template-cluster
balanced-coverage,pep-primary-p5-u-mc-036,P5,upper,multiple-choice,Foundation,小数乘除与简易方程,pep-primary-p5-upper-decimals-equations,第36小组：解方程：3x+4=13。x是多少？,9 | 3 | 4 | 2,3,先算13-4=9，再算9÷3=3。,91.5,60,70,50,near-duplicate-template-cluster
balanced-coverage,pep-primary-p5-u-mc-040,P5,upper,multiple-choice,Foundation,小数乘除与简易方程,pep-primary-p5-upper-decimals-equations,第40小组：解方程：2x+7=13。x是多少？,6 | 3 | 4 | 2,3,先算13-7=6，再算6÷2=3。,91.5,60,70,50,near-duplicate-template-cluster
balanced-coverage,pep-primary-p5-u-mc-001,P5,upper,multiple-choice,Foundation,小数乘除与简易方程,pep-primary-p5-upper-decimals-equations,第1小组：解方程：3x+7=22。x是多少？,5 | 6 | 4 | 15,5,先算22-7=15，再算15÷3=5。,93,60,70,50,near-duplicate-template-cluster
balanced-coverage,pep-primary-p5-u-mc-021,P5,upper,multiple-choice,Foundation,小数乘除与简易方程,pep-primary-p5-upper-decimals-equations,第21小组：解方程：3x+4=19。x是多少？,5 | 6 | 4 | 15,5,先算19-4=15，再算15÷3=5。,93,60,70,50,near-duplicate-template-cluster
balanced-coverage,pep-primary-p5-u-mc-041,P5,upper,multiple-choice,Foundation,小数乘除与简易方程,pep-primary-p5-upper-decimals-equations,第41小组：解方程：3x+10=25。x是多少？,5 | 6 | 4 | 15,5,先算25-10=15，再算15÷3=5。,93,60,70,50,near-duplicate-template-cluster
balanced-coverage,pep-primary-p5-u-fi-061,P5,upper,fill-in,Core,多边形面积,pep-primary-p5-upper-polygon-area,第61小组：一个三角形的底是7厘米，高是6厘米，面积是多少？,,21平方厘米,三角形面积=底x高÷2，7x6÷2=21平方厘米。,97,100,70,50,near-duplicate-template-cluster
balanced-coverage,pep-primary-p5-u-fi-062,P5,upper,fill-in,Core,多边形面积,pep-primary-p5-upper-polygon-area,第62小组：一个三角形的底是8厘米，高是8厘米，面积是多少？,,32平方厘米,三角形面积=底x高÷2，8x8÷2=32平方厘米。,97,100,70,50,near-duplicate-template-cluster
balanced-coverage,pep-primary-p5-u-fi-063,P5,upper,fill-in,Core,多边形面积,pep-primary-p5-upper-polygon-area,第63小组：一个三角形的底是9厘米，高是10厘米，面积是多少？,,45平方厘米,三角形面积=底x高÷2，9x10÷2=45平方厘米。,97,100,70,50,near-duplicate-template-cluster
balanced-coverage,pep-primary-p5-u-fi-074,P5,upper,fill-in,Core,多边形面积,pep-primary-p5-upper-polygon-area,第74小组：一个三角形的底是10厘米，高是8厘米，面积是多少？,,40平方厘米,三角形面积=底x高÷2，10x8÷2=40平方厘米。,97,100,70,50,near-duplicate-template-cluster
balanced-coverage,pep-primary-p5-u-fi-087,P5,upper,fill-in,Core,多边形面积,pep-primary-p5-upper-polygon-area,第87小组：一个三角形的底是13厘米，高是10厘米，面积是多少？,,65平方厘米,三角形面积=底x高÷2，13x10÷2=65平方厘米。,97,100,70,50,near-duplicate-template-cluster
balanced-coverage,pep-primary-p5-u-fi-100,P5,upper,fill-in,Core,多边形面积,pep-primary-p5-upper-polygon-area,第100小组：一个三角形的底是6厘米，高是4厘米，面积是多少？,,12平方厘米,三角形面积=底x高÷2，6x4÷2=12平方厘米。,97,100,70,50,near-duplicate-template-cluster
balanced-coverage,pep-primary-p5-l-fi-101,P5,lower,fill-in,Core,因数倍数与分数运算,pep-primary-p5-lower-factors-fractions,第101小组：计算：3/11+2/11=？,,5/11,分母相同，分子相加：5/11=5/11。,95,80,70,50,near-duplicate-template-cluster
balanced-coverage,pep-primary-p5-l-fi-102,P5,lower,fill-in,Core,因数倍数与分数运算,pep-primary-p5-lower-factors-fractions,第102小组：计算：1/6+1/6=？,,1/3,分母相同，分子相加：2/6=1/3。,95,80,70,50,near-duplicate-template-cluster
balanced-coverage,pep-primary-p5-l-fi-103,P5,lower,fill-in,Core,因数倍数与分数运算,pep-primary-p5-lower-factors-fractions,第103小组：计算：2/7+3/7=？,,5/7,分母相同，分子相加：5/7=5/7。,95,80,70,50,near-duplicate-template-cluster
balanced-coverage,pep-primary-p5-l-fi-111,P5,lower,fill-in,Core,因数倍数与分数运算,pep-primary-p5-lower-factors-fractions,第111小组：计算：1/9+1/9=？,,2/9,分母相同，分子相加：2/9=2/9。,95,80,70,50,near-duplicate-template-cluster
balanced-coverage,pep-primary-p5-l-fi-121,P5,lower,fill-in,Core,因数倍数与分数运算,pep-primary-p5-lower-factors-fractions,第121小组：计算：2/7+3/7=？,,5/7,分母相同，分子相加：5/7=5/7。,95,80,70,50,near-duplicate-template-cluster
balanced-coverage,pep-primary-p5-l-fi-130,P5,lower,fill-in,Core,因数倍数与分数运算,pep-primary-p5-lower-factors-fractions,第130小组：计算：2/10+3/10=？,,1/2,分母相同，分子相加：5/10=1/2。,95,80,70,50,near-duplicate-template-cluster
balanced-coverage,pep-primary-p5-l-sa-131,P5,lower,short-answer,Core,因数倍数与分数运算,pep-primary-p5-lower-factors-fractions,第131小组：计算：3/11+2/11=？,,5/11,分母相同，分子相加：5/11=5/11。,95,80,70,50,near-duplicate-template-cluster
balanced-coverage,pep-primary-p5-l-sa-132,P5,lower,short-answer,Core,因数倍数与分数运算,pep-primary-p5-lower-factors-fractions,第132小组：计算：1/6+1/6=？,,1/3,分母相同，分子相加：2/6=1/3。,95,80,70,50,near-duplicate-template-cluster
balanced-coverage,pep-primary-p5-l-sa-133,P5,lower,short-answer,Core,因数倍数与分数运算,pep-primary-p5-lower-factors-fractions,第133小组：计算：2/7+3/7=？,,5/7,分母相同，分子相加：5/7=5/7。,95,80,70,50,near-duplicate-template-cluster
balanced-coverage,pep-primary-p5-l-sa-154,P5,lower,short-answer,Core,长方体正方体与数据,pep-primary-p5-lower-volume-data,第154小组：一个长方体长7厘米、宽5厘米、高4厘米，体积是多少？,,140立方厘米,长方体体积=长x宽x高，7x5x4=140立方厘米。,97,100,70,50,near-duplicate-template-cluster
balanced-coverage,pep-primary-p5-l-sa-177,P5,lower,short-answer,Challenge,长方体正方体与数据,pep-primary-p5-lower-volume-data,第177小组：一个长方体长6厘米、宽6厘米、高5厘米，体积是多少？,,180立方厘米,长方体体积=长x宽x高，6x6x5=180立方厘米。,97,100,70,50,near-duplicate-template-cluster
balanced-coverage,pep-primary-p5-l-sa-200,P5,lower,short-answer,Exam,长方体正方体与数据,pep-primary-p5-lower-volume-data,第200小组：一个长方体长5厘米、宽2厘米、高2厘米，体积是多少？,,20立方厘米,长方体体积=长x宽x高，5x2x2=20立方厘米。,97,100,70,50,near-duplicate-template-cluster
balanced-coverage,pep-primary-p6-u-mc-002,P6,upper,multiple-choice,Foundation,分数运算与百分数,pep-primary-p6-upper-percent-fractions,第2小组：100的25%是多少？,30 | 20 | 75 | 25,25,25%表示25/100，所以100x25/100=25。,93,60,70,50,near-duplicate-template-cluster
balanced-coverage,pep-primary-p6-u-mc-003,P6,upper,multiple-choice,Foundation,分数运算与百分数,pep-primary-p6-upper-percent-fractions,第3小组：110的50%是多少？,50 | 56 | 55 | 60,55,50%表示50/100，所以110x50/100=55。,93,60,70,50,near-duplicate-template-cluster
balanced-coverage,pep-primary-p6-u-mc-004,P6,upper,multiple-choice,Foundation,分数运算与百分数,pep-primary-p6-upper-percent-fractions,第4小组：120的10%是多少？,108 | 12 | 17 | 7,12,10%表示10/100，所以120x10/100=12。,93,60,70,50,near-duplicate-template-cluster
balanced-coverage,pep-primary-p6-u-mc-001,P6,upper,multiple-choice,Foundation,分数运算与百分数,pep-primary-p6-upper-percent-fractions,第1小组：90的20%是多少？,18 | 23 | 13 | 72,18,20%表示20/100，所以90x20/100=18。,95,80,70,50,near-duplicate-template-cluster
balanced-coverage,pep-primary-p6-u-mc-021,P6,upper,multiple-choice,Foundation,分数运算与百分数,pep-primary-p6-upper-percent-fractions,第21小组：170的20%是多少？,34 | 39 | 29 | 136,34,20%表示20/100，所以170x20/100=34。,93,60,70,50,near-duplicate-template-cluster
balanced-coverage,pep-primary-p6-u-mc-041,P6,upper,multiple-choice,Foundation,分数运算与百分数,pep-primary-p6-upper-percent-fractions,第41小组：130的20%是多少？,26 | 31 | 21 | 104,26,20%表示20/100，所以130x20/100=26。,93,60,70,50,near-duplicate-template-cluster
balanced-coverage,pep-primary-p6-u-fi-061,P6,upper,fill-in,Core,位置与数据表达,pep-primary-p6-upper-coordinate-data,第61小组：点A的横坐标是2，纵坐标是0，请写出它的数对。,,"(2, 0)","数对按（横坐标，纵坐标）书写，所以A是(2, 0)。",98.6,100,86,19,near-duplicate-template-cluster
balanced-coverage,pep-primary-p6-u-fi-062,P6,upper,fill-in,Core,位置与数据表达,pep-primary-p6-upper-coordinate-data,第62小组：点A的横坐标是3，纵坐标是2，请写出它的数对。,,"(3, 2)","数对按（横坐标，纵坐标）书写，所以A是(3, 2)。",98.6,100,86,19,near-duplicate-template-cluster
balanced-coverage,pep-primary-p6-u-fi-067,P6,upper,fill-in,Core,位置与数据表达,pep-primary-p6-upper-coordinate-data,第67小组：点A的横坐标是1，纵坐标是0，请写出它的数对。,,"(1, 0)","数对按（横坐标，纵坐标）书写，所以A是(1, 0)。",98.6,100,86,19,near-duplicate-template-cluster
balanced-coverage,pep-primary-p6-u-fi-074,P6,upper,fill-in,Core,位置与数据表达,pep-primary-p6-upper-coordinate-data,第74小组：点A的横坐标是1，纵坐标是2，请写出它的数对。,,"(1, 2)","数对按（横坐标，纵坐标）书写，所以A是(1, 2)。",98.6,100,86,19,near-duplicate-template-cluster
balanced-coverage,pep-primary-p6-u-fi-087,P6,upper,fill-in,Core,位置与数据表达,pep-primary-p6-upper-coordinate-data,第87小组：点A的横坐标是0，纵坐标是-2，请写出它的数对。,,"(0, -2)","数对按（横坐标，纵坐标）书写，所以A是(0, -2)。",100,100,100,9,
balanced-coverage,pep-primary-p6-u-fi-100,P6,upper,fill-in,Core,位置与数据表达,pep-primary-p6-upper-coordinate-data,第100小组：点A的横坐标是-1，纵坐标是0，请写出它的数对。,,"(-1, 0)","数对按（横坐标，纵坐标）书写，所以A是(-1, 0)。",98.6,100,86,14,near-duplicate-template-cluster
balanced-coverage,pep-primary-p6-l-fi-101,P6,lower,fill-in,Core,比、比例与比例尺,pep-primary-p6-lower-ratio-proportion-scale,第101小组：把15升饮料按2:3分成两部分，较大的部分是多少升？,,9升,一共有5份，每份15÷5=3升，较大部分是3x3=9升。,97,100,70,50,near-duplicate-template-cluster
balanced-coverage,pep-primary-p6-l-fi-102,P6,lower,fill-in,Core,比、比例与比例尺,pep-primary-p6-lower-ratio-proportion-scale,第102小组：把20升饮料按2:3分成两部分，较大的部分是多少升？,,12升,一共有5份，每份20÷5=4升，较大部分是3x4=12升。,97,100,70,50,near-duplicate-template-cluster
balanced-coverage,pep-primary-p6-l-fi-103,P6,lower,fill-in,Core,比、比例与比例尺,pep-primary-p6-lower-ratio-proportion-scale,第103小组：把25升饮料按2:3分成两部分，较大的部分是多少升？,,15升,一共有5份，每份25÷5=5升，较大部分是3x5=15升。,97,100,70,50,near-duplicate-template-cluster
balanced-coverage,pep-primary-p6-l-fi-111,P6,lower,fill-in,Core,比、比例与比例尺,pep-primary-p6-lower-ratio-proportion-scale,第111小组：把15升饮料按2:3分成两部分，较大的部分是多少升？,,9升,一共有5份，每份15÷5=3升，较大部分是3x3=9升。,97,100,70,50,near-duplicate-template-cluster
balanced-coverage,pep-primary-p6-l-fi-121,P6,lower,fill-in,Core,比、比例与比例尺,pep-primary-p6-lower-ratio-proportion-scale,第121小组：把15升饮料按2:3分成两部分，较大的部分是多少升？,,9升,一共有5份，每份15÷5=3升，较大部分是3x3=9升。,97,100,70,50,near-duplicate-template-cluster
balanced-coverage,pep-primary-p6-l-fi-130,P6,lower,fill-in,Core,比、比例与比例尺,pep-primary-p6-lower-ratio-proportion-scale,第130小组：把10升饮料按2:3分成两部分，较大的部分是多少升？,,6升,一共有5份，每份10÷5=2升，较大部分是3x2=6升。,97,100,70,50,near-duplicate-template-cluster
balanced-coverage,pep-primary-p6-l-sa-156,P6,lower,short-answer,Core,负数与小学总复习,pep-primary-p6-lower-negative-review,第156小组：气温是-10°C，升高3°C后是多少摄氏度？,,-7°C,-10+3=-7，所以新的气温是-7°C。,95,80,70,42,near-duplicate-template-cluster
balanced-coverage,pep-primary-p6-l-sa-168,P6,lower,short-answer,Challenge,负数与小学总复习,pep-primary-p6-lower-negative-review,第168小组：气温是-10°C，升高3°C后是多少摄氏度？,,-7°C,-10+3=-7，所以新的气温是-7°C。,95,80,70,42,near-duplicate-template-cluster
balanced-coverage,pep-primary-p6-l-sa-180,P6,lower,short-answer,Challenge,负数与小学总复习,pep-primary-p6-lower-negative-review,第180小组：气温是-10°C，升高3°C后是多少摄氏度？,,-7°C,-10+3=-7，所以新的气温是-7°C。,95,80,70,42,near-duplicate-template-cluster
balanced-coverage,pep-primary-p6-l-sa-131,P6,lower,short-answer,Core,比、比例与比例尺,pep-primary-p6-lower-ratio-proportion-scale,第131小组：把15升饮料按2:3分成两部分，较大的部分是多少升？,,9升,一共有5份，每份15÷5=3升，较大部分是3x3=9升。,97,100,70,50,near-duplicate-template-cluster
balanced-coverage,pep-primary-p6-l-sa-154,P6,lower,short-answer,Core,负数与小学总复习,pep-primary-p6-lower-negative-review,第154小组：气温是0°C，升高7°C后是多少摄氏度？,,7°C,0+7=7，所以新的气温是7°C。,98.5,100,100,8,
balanced-coverage,pep-primary-p6-l-sa-177,P6,lower,short-answer,Challenge,负数与小学总复习,pep-primary-p6-lower-negative-review,第177小组：气温是-1°C，升高5°C后是多少摄氏度？,,4°C,-1+5=4，所以新的气温是4°C。,97,100,70,42,near-duplicate-template-cluster
risk-weighted-add-on,pep-primary-p1-l-fi-104,P1,lower,fill-in,Foundation,100以内数与加减法,pep-primary-p1-lower-within-100-add-sub,第104小组：计算：58-20=？,,38,按位计算可得：58-20=38。,93.5,80,70,100,near-duplicate-template-cluster
risk-weighted-add-on,pep-primary-p1-l-fi-105,P1,lower,fill-in,Foundation,100以内数与加减法,pep-primary-p1-lower-within-100-add-sub,第105小组：计算：65+7=？,,72,按位计算可得：65+7=72。,93.5,80,70,100,near-duplicate-template-cluster
risk-weighted-add-on,pep-primary-p1-l-fi-106,P1,lower,fill-in,Foundation,100以内数与加减法,pep-primary-p1-lower-within-100-add-sub,第106小组：计算：72-12=？,,60,按位计算可得：72-12=60。,93.5,80,70,100,near-duplicate-template-cluster
risk-weighted-add-on,pep-primary-p1-l-fi-107,P1,lower,fill-in,Foundation,100以内数与加减法,pep-primary-p1-lower-within-100-add-sub,第107小组：计算：79+17=？,,96,按位计算可得：79+17=96。,93.5,80,70,100,near-duplicate-template-cluster
risk-weighted-add-on,pep-primary-p1-l-fi-108,P1,lower,fill-in,Foundation,100以内数与加减法,pep-primary-p1-lower-within-100-add-sub,第108小组：计算：36-4=？,,32,按位计算可得：36-4=32。,93.5,80,70,100,near-duplicate-template-cluster
risk-weighted-add-on,pep-primary-p1-l-fi-109,P1,lower,fill-in,Foundation,100以内数与加减法,pep-primary-p1-lower-within-100-add-sub,第109小组：计算：43+9=？,,52,按位计算可得：43+9=52。,93.5,80,70,100,near-duplicate-template-cluster
risk-weighted-add-on,pep-primary-p2-l-fi-115,P2,lower,fill-in,Foundation,表内除法与有余数除法,pep-primary-p2-lower-division-remainder,第115小组：把45个物品按每组5个分组，商和余数是多少？,,9,5x9+0=45，所以结果是9。,93.5,80,70,50,near-duplicate-template-cluster
risk-weighted-add-on,pep-primary-p2-l-fi-120,P2,lower,fill-in,Foundation,表内除法与有余数除法,pep-primary-p2-lower-division-remainder,第120小组：把15个物品按每组3个分组，商和余数是多少？,,5,3x5+0=15，所以结果是5。,93.5,80,70,50,near-duplicate-template-cluster
risk-weighted-add-on,pep-primary-p2-l-fi-126,P2,lower,fill-in,Core,表内除法与有余数除法,pep-primary-p2-lower-division-remainder,第126小组：把6个物品按每组2个分组，商和余数是多少？,,3,2x3+0=6，所以结果是3。,93.5,80,70,50,near-duplicate-template-cluster
risk-weighted-add-on,pep-primary-p2-l-fi-128,P2,lower,fill-in,Core,表内除法与有余数除法,pep-primary-p2-lower-division-remainder,第128小组：把28个物品按每组4个分组，商和余数是多少？,,7,4x7+0=28，所以结果是7。,93.5,80,70,50,near-duplicate-template-cluster
risk-weighted-add-on,pep-primary-p2-l-fi-140,P2,lower,fill-in,Core,表内除法与有余数除法,pep-primary-p2-lower-division-remainder,第140小组：把6个物品按每组2个分组，商和余数是多少？,,3,2x3+0=6，所以结果是3。,93.5,80,70,50,near-duplicate-template-cluster
risk-weighted-add-on,pep-primary-p2-l-fi-141,P2,lower,fill-in,Core,表内除法与有余数除法,pep-primary-p2-lower-division-remainder,第141小组：把15个物品按每组3个分组，商和余数是多少？,,5,3x5+0=15，所以结果是5。,93.5,80,70,50,near-duplicate-template-cluster
risk-weighted-add-on,pep-primary-p3-l-sa-155,P3,lower,short-answer,Core,统计表达与综合复习,pep-primary-p3-lower-statistics-review,第155小组：求7、9、11这三个数的平均数。,,9,平均数=(7+9+11)÷3=9。,93.5,80,70,50,near-duplicate-template-cluster
risk-weighted-add-on,pep-primary-p3-l-sa-160,P3,lower,short-answer,Core,统计表达与综合复习,pep-primary-p3-lower-statistics-review,第160小组：求4、6、8这三个数的平均数。,,6,平均数=(4+6+8)÷3=6。,93.5,80,70,50,near-duplicate-template-cluster
risk-weighted-add-on,pep-primary-p3-l-sa-161,P3,lower,short-answer,Core,统计表达与综合复习,pep-primary-p3-lower-statistics-review,第161小组：求5、7、9这三个数的平均数。,,7,平均数=(5+7+9)÷3=7。,93.5,80,70,50,near-duplicate-template-cluster
risk-weighted-add-on,pep-primary-p3-l-sa-162,P3,lower,short-answer,Core,统计表达与综合复习,pep-primary-p3-lower-statistics-review,第162小组：求6、8、10这三个数的平均数。,,8,平均数=(6+8+10)÷3=8。,93.5,80,70,50,near-duplicate-template-cluster
risk-weighted-add-on,pep-primary-p3-l-sa-163,P3,lower,short-answer,Core,统计表达与综合复习,pep-primary-p3-lower-statistics-review,第163小组：求7、9、11这三个数的平均数。,,9,平均数=(7+9+11)÷3=9。,93.5,80,70,50,near-duplicate-template-cluster
risk-weighted-add-on,pep-primary-p3-l-sa-168,P3,lower,short-answer,Core,统计表达与综合复习,pep-primary-p3-lower-statistics-review,第168小组：求4、6、8这三个数的平均数。,,6,平均数=(4+6+8)÷3=6。,93.5,80,70,50,near-duplicate-template-cluster
risk-weighted-add-on,pep-primary-p4-l-fi-135,P4,lower,fill-in,Core,小数运算与平均数,pep-primary-p4-lower-decimals-average,第135小组：计算：1+2=？,,3,小数点对齐计算：1+2=3。,93.5,80,70,100,near-duplicate-template-cluster
risk-weighted-add-on,pep-primary-p4-l-fi-144,P4,lower,fill-in,Core,小数运算与平均数,pep-primary-p4-lower-decimals-average,第144小组：计算：1+2=？,,3,小数点对齐计算：1+2=3。,93.5,80,70,100,near-duplicate-template-cluster
risk-weighted-add-on,pep-primary-p4-l-fi-102,P4,lower,fill-in,Core,小数运算与平均数,pep-primary-p4-lower-decimals-average,第102小组：计算：1.3+2.6=？,,3.9,小数点对齐计算：1.3+2.6=3.9。,95,80,70,100,near-duplicate-template-cluster
risk-weighted-add-on,pep-primary-p4-l-fi-103,P4,lower,fill-in,Core,小数运算与平均数,pep-primary-p4-lower-decimals-average,第103小组：计算：1.4+2.8=？,,4.2,小数点对齐计算：1.4+2.8=4.2。,95,80,70,100,near-duplicate-template-cluster
risk-weighted-add-on,pep-primary-p4-l-fi-104,P4,lower,fill-in,Core,小数运算与平均数,pep-primary-p4-lower-decimals-average,第104小组：计算：1.5+2.1=？,,3.6,小数点对齐计算：1.5+2.1=3.6。,95,80,70,100,near-duplicate-template-cluster
risk-weighted-add-on,pep-primary-p4-l-fi-105,P4,lower,fill-in,Core,小数运算与平均数,pep-primary-p4-lower-decimals-average,第105小组：计算：1.6+2.3=？,,3.9,小数点对齐计算：1.6+2.3=3.9。,95,80,70,100,near-duplicate-template-cluster
risk-weighted-add-on,pep-primary-p5-u-mc-002,P5,upper,multiple-choice,Foundation,小数乘除与简易方程,pep-primary-p5-upper-decimals-equations,第2小组：解方程：4x+10=38。x是多少？,8 | 6 | 28 | 7,7,先算38-10=28，再算28÷4=7。,93,60,70,50,near-duplicate-template-cluster
risk-weighted-add-on,pep-primary-p5-u-mc-003,P5,upper,multiple-choice,Foundation,小数乘除与简易方程,pep-primary-p5-upper-decimals-equations,第3小组：解方程：5x+4=49。x是多少？,8 | 45 | 9 | 10,9,先算49-4=45，再算45÷5=9。,93,60,70,50,near-duplicate-template-cluster
risk-weighted-add-on,pep-primary-p5-u-mc-004,P5,upper,multiple-choice,Foundation,小数乘除与简易方程,pep-primary-p5-upper-decimals-equations,第4小组：解方程：6x+7=25。x是多少？,18 | 3 | 4 | 2,3,先算25-7=18，再算18÷6=3。,93,60,70,50,near-duplicate-template-cluster
risk-weighted-add-on,pep-primary-p5-u-mc-005,P5,upper,multiple-choice,Foundation,小数乘除与简易方程,pep-primary-p5-upper-decimals-equations,第5小组：解方程：2x+10=20。x是多少？,5 | 6 | 4 | 10,5,先算20-10=10，再算10÷2=5。,93,60,70,50,near-duplicate-template-cluster
risk-weighted-add-on,pep-primary-p5-u-mc-006,P5,upper,multiple-choice,Foundation,小数乘除与简易方程,pep-primary-p5-upper-decimals-equations,第6小组：解方程：3x+4=25。x是多少？,8 | 6 | 21 | 7,7,先算25-4=21，再算21÷3=7。,93,60,70,50,near-duplicate-template-cluster
risk-weighted-add-on,pep-primary-p5-u-mc-007,P5,upper,multiple-choice,Foundation,小数乘除与简易方程,pep-primary-p5-upper-decimals-equations,第7小组：解方程：4x+7=43。x是多少？,8 | 36 | 9 | 10,9,先算43-7=36，再算36÷4=9。,93,60,70,50,near-duplicate-template-cluster
risk-weighted-add-on,pep-primary-p6-u-mc-005,P6,upper,multiple-choice,Foundation,分数运算与百分数,pep-primary-p6-upper-percent-fractions,第5小组：130的20%是多少？,26 | 31 | 21 | 104,26,20%表示20/100，所以130x20/100=26。,93,60,70,50,near-duplicate-template-cluster
risk-weighted-add-on,pep-primary-p6-u-mc-006,P6,upper,multiple-choice,Foundation,分数运算与百分数,pep-primary-p6-upper-percent-fractions,第6小组：140的25%是多少？,40 | 30 | 105 | 35,35,25%表示25/100，所以140x25/100=35。,93,60,70,50,near-duplicate-template-cluster
risk-weighted-add-on,pep-primary-p6-u-mc-007,P6,upper,multiple-choice,Foundation,分数运算与百分数,pep-primary-p6-upper-percent-fractions,第7小组：150的50%是多少？,70 | 76 | 75 | 80,75,50%表示50/100，所以150x50/100=75。,93,60,70,50,near-duplicate-template-cluster
risk-weighted-add-on,pep-primary-p6-u-mc-008,P6,upper,multiple-choice,Foundation,分数运算与百分数,pep-primary-p6-upper-percent-fractions,第8小组：160的10%是多少？,144 | 16 | 21 | 11,16,10%表示10/100，所以160x10/100=16。,93,60,70,50,near-duplicate-template-cluster
risk-weighted-add-on,pep-primary-p6-u-mc-009,P6,upper,multiple-choice,Foundation,分数运算与百分数,pep-primary-p6-upper-percent-fractions,第9小组：170的20%是多少？,34 | 39 | 29 | 136,34,20%表示20/100，所以170x20/100=34。,93,60,70,50,near-duplicate-template-cluster
risk-weighted-add-on,pep-primary-p6-u-mc-010,P6,upper,multiple-choice,Foundation,分数运算与百分数,pep-primary-p6-upper-percent-fractions,第10小组：180的25%是多少？,50 | 40 | 135 | 45,45,25%表示25/100，所以180x25/100=45。,93,60,70,50,near-duplicate-template-cluster
