grade,semester,unitTitle,primaryConceptId,type,difficulty,count,evidenceCardIds,examPatternCardIds
P1,lower,100以内加减法,within-100-addition-subtraction,fill-in,Core,1,pep-primary-p1-lower-within-100-add-sub,pep-primary-p1-lower-exam-within-100-add-sub-review
P1,lower,100以内加减法,within-100-addition-subtraction,fill-in,Foundation,1,pep-primary-p1-lower-within-100-add-sub,pep-primary-p1-lower-exam-within-100-add-sub-review
P1,lower,100以内加减法,within-100-addition-subtraction,multiple-choice,Foundation,4,pep-primary-p1-lower-within-100-add-sub,pep-primary-p1-lower-exam-within-100-add-sub-review
P1,lower,100以内加减法,within-100-addition-subtraction,multiple-choice,Core,1,pep-primary-p1-lower-within-100-add-sub,pep-primary-p1-lower-exam-within-100-add-sub-review
P1,lower,100以内数的认识,within-100-numbers,fill-in,Core,2,pep-primary-p1-lower-within-100-add-sub,pep-primary-p1-lower-exam-within-100-place-value
P1,lower,100以内数的认识,within-100-numbers,fill-in,Foundation,1,pep-primary-p1-lower-within-100-add-sub,pep-primary-p1-lower-exam-within-100-place-value
P1,lower,100以内数的认识,within-100-numbers,multiple-choice,Foundation,1,pep-primary-p1-lower-within-100-add-sub,pep-primary-p1-lower-exam-within-100-place-value
P1,lower,100以内数的认识,within-100-numbers,short-answer,Core,1,pep-primary-p1-lower-within-100-add-sub,pep-primary-p1-lower-exam-within-100-place-value
P1,lower,20以内退位减法,within-20-regrouping-subtraction,fill-in,Core,2,pep-primary-p1-lower-within-100-add-sub,pep-primary-p1-lower-exam-within-20-regrouping-subtraction
P1,lower,20以内退位减法,within-20-regrouping-subtraction,fill-in,Foundation,1,pep-primary-p1-lower-within-100-add-sub,pep-primary-p1-lower-exam-within-20-regrouping-subtraction
P1,lower,20以内退位减法,within-20-regrouping-subtraction,multiple-choice,Core,1,pep-primary-p1-lower-within-100-add-sub,pep-primary-p1-lower-exam-within-20-regrouping-subtraction
P1,lower,20以内退位减法,within-20-regrouping-subtraction,multiple-choice,Foundation,1,pep-primary-p1-lower-within-100-add-sub,pep-primary-p1-lower-exam-within-20-regrouping-subtraction
P1,lower,一年级下册综合复习,within-100-addition-subtraction,fill-in,Core,1,pep-primary-p1-lower-within-100-add-sub,pep-primary-p1-lower-exam-within-100-add-sub-review
P1,lower,一年级下册综合复习,within-100-addition-subtraction,multiple-choice,Foundation,2,pep-primary-p1-lower-within-100-add-sub,pep-primary-p1-lower-exam-within-100-add-sub-review
P1,lower,一年级下册综合复习,within-100-addition-subtraction,short-answer,Challenge,1,pep-primary-p1-lower-within-100-add-sub,pep-primary-p1-lower-exam-within-100-add-sub-review
P1,lower,一年级下册综合复习,within-100-addition-subtraction,short-answer,Foundation,1,pep-primary-p1-lower-within-100-add-sub,pep-primary-p1-lower-exam-within-100-add-sub-review
P1,lower,一年级下册综合复习,within-100-addition-subtraction,short-answer,Core,1,pep-primary-p1-lower-within-100-add-sub,pep-primary-p1-lower-exam-within-100-add-sub-review
P1,lower,分类与整理,renminbi,fill-in,Core,3,pep-primary-p1-lower-within-100-add-sub,pep-primary-p1-lower-exam-money-data-context
P1,lower,分类与整理,renminbi,fill-in,Foundation,2,pep-primary-p1-lower-within-100-add-sub,pep-primary-p1-lower-exam-money-data-context
P1,lower,分类与整理,renminbi,multiple-choice,Foundation,1,pep-primary-p1-lower-within-100-add-sub,pep-primary-p1-lower-exam-money-data-context
P1,lower,分类观察,plane-shapes,fill-in,Core,1,pep-primary-p1-lower-within-100-add-sub,pep-primary-p1-lower-exam-plane-shapes-classification
P1,lower,分类观察,plane-shapes,fill-in,Foundation,1,pep-primary-p1-lower-within-100-add-sub,pep-primary-p1-lower-exam-plane-shapes-classification
P1,lower,分类观察,plane-shapes,multiple-choice,Foundation,2,pep-primary-p1-lower-within-100-add-sub,pep-primary-p1-lower-exam-plane-shapes-classification
P1,lower,分类观察,plane-shapes,short-answer,Challenge,1,pep-primary-p1-lower-within-100-add-sub,pep-primary-p1-lower-exam-plane-shapes-classification
P1,lower,分类观察,plane-shapes,short-answer,Core,1,pep-primary-p1-lower-within-100-add-sub,pep-primary-p1-lower-exam-plane-shapes-classification
P1,lower,分类观察,plane-shapes,short-answer,Foundation,1,pep-primary-p1-lower-within-100-add-sub,pep-primary-p1-lower-exam-plane-shapes-classification
P1,lower,十位和个位,within-100-numbers,fill-in,Foundation,1,pep-primary-p1-lower-within-100-add-sub,pep-primary-p1-lower-exam-within-100-place-value
P1,lower,十位和个位,within-100-numbers,multiple-choice,Foundation,3,pep-primary-p1-lower-within-100-add-sub,pep-primary-p1-lower-exam-within-100-place-value
P1,lower,十位和个位,within-100-numbers,short-answer,Foundation,1,pep-primary-p1-lower-within-100-add-sub,pep-primary-p1-lower-exam-within-100-place-value
P1,lower,图形拼组,plane-shapes,fill-in,Core,3,pep-primary-p1-lower-within-100-add-sub,pep-primary-p1-lower-exam-plane-shapes-classification
P1,lower,图形拼组,plane-shapes,fill-in,Foundation,1,pep-primary-p1-lower-within-100-add-sub,pep-primary-p1-lower-exam-plane-shapes-classification
P1,lower,图形拼组,plane-shapes,multiple-choice,Foundation,2,pep-primary-p1-lower-within-100-add-sub,pep-primary-p1-lower-exam-plane-shapes-classification
P1,lower,情境应用,renminbi,fill-in,Core,1,pep-primary-p1-lower-within-100-add-sub,pep-primary-p1-lower-exam-money-data-context
P1,lower,情境应用,renminbi,multiple-choice,Foundation,3,pep-primary-p1-lower-within-100-add-sub,pep-primary-p1-lower-exam-money-data-context
P1,lower,情境应用,renminbi,short-answer,Challenge,1,pep-primary-p1-lower-within-100-add-sub,pep-primary-p1-lower-exam-money-data-context
P1,lower,情境应用,renminbi,short-answer,Foundation,1,pep-primary-p1-lower-within-100-add-sub,pep-primary-p1-lower-exam-money-data-context
P1,lower,情境应用,renminbi,short-answer,Core,1,pep-primary-p1-lower-within-100-add-sub,pep-primary-p1-lower-exam-money-data-context
P1,lower,想加算减,within-20-regrouping-subtraction,fill-in,Core,2,pep-primary-p1-lower-within-100-add-sub,pep-primary-p1-lower-exam-within-20-regrouping-subtraction
P1,lower,想加算减,within-20-regrouping-subtraction,fill-in,Foundation,1,pep-primary-p1-lower-within-100-add-sub,pep-primary-p1-lower-exam-within-20-regrouping-subtraction
P1,lower,想加算减,within-20-regrouping-subtraction,multiple-choice,Foundation,1,pep-primary-p1-lower-within-100-add-sub,pep-primary-p1-lower-exam-within-20-regrouping-subtraction
P1,lower,想加算减,within-20-regrouping-subtraction,short-answer,Core,1,pep-primary-p1-lower-within-100-add-sub,pep-primary-p1-lower-exam-within-20-regrouping-subtraction
P1,lower,找规律,within-100-addition-subtraction,fill-in,Core,3,pep-primary-p1-lower-within-100-add-sub,pep-primary-p1-lower-exam-within-100-add-sub-review
P1,lower,找规律,within-100-addition-subtraction,fill-in,Foundation,2,pep-primary-p1-lower-within-100-add-sub,pep-primary-p1-lower-exam-within-100-add-sub-review
P1,lower,找规律,within-100-addition-subtraction,multiple-choice,Foundation,2,pep-primary-p1-lower-within-100-add-sub,pep-primary-p1-lower-exam-within-100-add-sub-review
P1,lower,数的顺序,within-100-numbers,fill-in,Core,2,pep-primary-p1-lower-within-100-add-sub,pep-primary-p1-lower-exam-within-100-place-value
P1,lower,数的顺序,within-100-numbers,fill-in,Foundation,1,pep-primary-p1-lower-within-100-add-sub,pep-primary-p1-lower-exam-within-100-place-value
P1,lower,数的顺序,within-100-numbers,multiple-choice,Core,1,pep-primary-p1-lower-within-100-add-sub,pep-primary-p1-lower-exam-within-100-place-value
P1,lower,数的顺序,within-100-numbers,short-answer,Challenge,1,pep-primary-p1-lower-within-100-add-sub,pep-primary-p1-lower-exam-within-100-place-value
P1,lower,比较大小,within-100-numbers,fill-in,Core,1,pep-primary-p1-lower-within-100-add-sub,pep-primary-p1-lower-exam-within-100-place-value
P1,lower,比较大小,within-100-numbers,multiple-choice,Foundation,4,pep-primary-p1-lower-within-100-add-sub,pep-primary-p1-lower-exam-within-100-place-value
P1,lower,破十法,within-20-regrouping-subtraction,fill-in,Core,1,pep-primary-p1-lower-within-100-add-sub,pep-primary-p1-lower-exam-within-20-regrouping-subtraction
P1,lower,破十法,within-20-regrouping-subtraction,multiple-choice,Foundation,3,pep-primary-p1-lower-within-100-add-sub,pep-primary-p1-lower-exam-within-20-regrouping-subtraction
P1,lower,破十法,within-20-regrouping-subtraction,short-answer,Foundation,1,pep-primary-p1-lower-within-100-add-sub,pep-primary-p1-lower-exam-within-20-regrouping-subtraction
P1,lower,解决问题,within-20-regrouping-subtraction,fill-in,Foundation,1,pep-primary-p1-lower-within-100-add-sub,pep-primary-p1-lower-exam-within-20-regrouping-subtraction
P1,lower,解决问题,within-20-regrouping-subtraction,multiple-choice,Foundation,3,pep-primary-p1-lower-within-100-add-sub,pep-primary-p1-lower-exam-within-20-regrouping-subtraction
P1,lower,解决问题,within-20-regrouping-subtraction,short-answer,Challenge,1,pep-primary-p1-lower-within-100-add-sub,pep-primary-p1-lower-exam-within-20-regrouping-subtraction
P1,lower,认识人民币,renminbi,fill-in,Core,1,pep-primary-p1-lower-within-100-add-sub,pep-primary-p1-lower-exam-money-data-context
P1,lower,认识人民币,renminbi,fill-in,Foundation,1,pep-primary-p1-lower-within-100-add-sub,pep-primary-p1-lower-exam-money-data-context
P1,lower,认识人民币,renminbi,multiple-choice,Foundation,4,pep-primary-p1-lower-within-100-add-sub,pep-primary-p1-lower-exam-money-data-context
P1,lower,认识人民币,renminbi,multiple-choice,Core,1,pep-primary-p1-lower-within-100-add-sub,pep-primary-p1-lower-exam-money-data-context
P1,lower,认识平面图形,plane-shapes,fill-in,Core,1,pep-primary-p1-lower-within-100-add-sub,pep-primary-p1-lower-exam-plane-shapes-classification
P1,lower,认识平面图形,plane-shapes,fill-in,Foundation,1,pep-primary-p1-lower-within-100-add-sub,pep-primary-p1-lower-exam-plane-shapes-classification
P1,lower,认识平面图形,plane-shapes,multiple-choice,Foundation,4,pep-primary-p1-lower-within-100-add-sub,pep-primary-p1-lower-exam-plane-shapes-classification
P1,lower,认识平面图形,plane-shapes,multiple-choice,Core,1,pep-primary-p1-lower-within-100-add-sub,pep-primary-p1-lower-exam-plane-shapes-classification
P1,upper,10以内加减法,within-10-numbers,fill-in,Core,1,pep-primary-p1-upper-number-sense-within-20,pep-primary-p1-upper-exam-within-10-composition
P1,upper,10以内加减法,within-10-numbers,fill-in,Foundation,1,pep-primary-p1-upper-number-sense-within-20,pep-primary-p1-upper-exam-within-10-composition
P1,upper,10以内加减法,within-10-numbers,multiple-choice,Foundation,1,pep-primary-p1-upper-shapes-position-clock,pep-primary-p1-upper-exam-within-10-composition
P1,upper,10以内加减法,within-10-numbers,short-answer,Challenge,1,pep-primary-p1-upper-shapes-position-clock,pep-primary-p1-upper-exam-within-10-composition
P1,upper,10以内加减法,within-10-numbers,short-answer,Core,1,pep-primary-p1-upper-number-sense-within-20,pep-primary-p1-upper-exam-within-10-composition
P1,upper,10以内加减法,within-10-numbers,short-answer,Foundation,1,pep-primary-p1-upper-shapes-position-clock,pep-primary-p1-upper-exam-within-10-composition
P1,upper,10的组成,within-10-numbers,fill-in,Core,1,pep-primary-p1-upper-shapes-position-clock,pep-primary-p1-upper-exam-within-10-composition
P1,upper,10的组成,within-10-numbers,fill-in,Core,2,pep-primary-p1-upper-number-sense-within-20,pep-primary-p1-upper-exam-within-10-composition
P1,upper,10的组成,within-10-numbers,fill-in,Foundation,1,pep-primary-p1-upper-shapes-position-clock,pep-primary-p1-upper-exam-within-10-composition
P1,upper,10的组成,within-10-numbers,fill-in,Foundation,1,pep-primary-p1-upper-number-sense-within-20,pep-primary-p1-upper-exam-within-10-composition
P1,upper,10的组成,within-10-numbers,multiple-choice,Foundation,2,pep-primary-p1-upper-shapes-position-clock,pep-primary-p1-upper-exam-within-10-composition
P1,upper,11-20各数的认识,within-20-numbers,fill-in,Core,1,pep-primary-p1-upper-number-sense-within-20,pep-primary-p1-upper-exam-within-20-addition
P1,upper,11-20各数的认识,within-20-numbers,multiple-choice,Foundation,1,pep-primary-p1-upper-number-sense-within-20,pep-primary-p1-upper-exam-within-20-addition
P1,upper,11-20各数的认识,within-20-numbers,multiple-choice,Foundation,3,pep-primary-p1-upper-shapes-position-clock,pep-primary-p1-upper-exam-within-20-addition
P1,upper,11-20各数的认识,within-20-numbers,multiple-choice,Core,1,pep-primary-p1-upper-number-sense-within-20,pep-primary-p1-upper-exam-within-20-addition
P1,upper,20以内进位加法,within-20-numbers,fill-in,Core,1,pep-primary-p1-upper-shapes-position-clock,pep-primary-p1-upper-exam-within-20-addition
P1,upper,20以内进位加法,within-20-numbers,fill-in,Core,2,pep-primary-p1-upper-number-sense-within-20,pep-primary-p1-upper-exam-within-20-addition
P1,upper,20以内进位加法,within-20-numbers,fill-in,Foundation,1,pep-primary-p1-upper-shapes-position-clock,pep-primary-p1-upper-exam-within-20-addition
P1,upper,20以内进位加法,within-20-numbers,fill-in,Foundation,1,pep-primary-p1-upper-number-sense-within-20,pep-primary-p1-upper-exam-within-20-addition
P1,upper,20以内进位加法,within-20-numbers,multiple-choice,Foundation,2,pep-primary-p1-upper-shapes-position-clock,pep-primary-p1-upper-exam-within-20-addition
P1,upper,5以内数的认识和加减法,within-5-numbers,fill-in,Core,2,pep-primary-p1-upper-number-sense-within-20,pep-primary-p1-upper-exam-within-5-number-sense
P1,upper,5以内数的认识和加减法,within-5-numbers,fill-in,Foundation,1,pep-primary-p1-upper-number-sense-within-20,pep-primary-p1-upper-exam-within-5-number-sense
P1,upper,5以内数的认识和加减法,within-5-numbers,multiple-choice,Foundation,1,pep-primary-p1-upper-number-sense-within-20,pep-primary-p1-upper-exam-within-5-number-sense
P1,upper,5以内数的认识和加减法,within-5-numbers,short-answer,Core,1,pep-primary-p1-upper-number-sense-within-20,pep-primary-p1-upper-exam-within-5-number-sense
P1,upper,6-10的认识和加减法,within-10-numbers,fill-in,Core,1,pep-primary-p1-upper-number-sense-within-20,pep-primary-p1-upper-exam-within-10-composition
P1,upper,6-10的认识和加减法,within-10-numbers,multiple-choice,Foundation,2,pep-primary-p1-upper-number-sense-within-20,pep-primary-p1-upper-exam-within-10-composition
P1,upper,6-10的认识和加减法,within-10-numbers,multiple-choice,Foundation,3,pep-primary-p1-upper-shapes-position-clock,pep-primary-p1-upper-exam-within-10-composition
P1,upper,6-10的认识和加减法,within-10-numbers,multiple-choice,Core,1,pep-primary-p1-upper-number-sense-within-20,pep-primary-p1-upper-exam-within-10-composition
P1,upper,一年级上册综合测评,p1-number-sense,fill-in,Core,1,pep-primary-p1-upper-number-sense-within-20,pep-primary-p1-upper-exam-midterm-final-structure
P1,upper,一年级上册综合测评,p1-number-sense,multiple-choice,Foundation,2,pep-primary-p1-upper-shapes-position-clock,pep-primary-p1-upper-exam-midterm-final-structure
P1,upper,一年级上册综合测评,p1-number-sense,short-answer,Challenge,1,pep-primary-p1-upper-number-sense-within-20,pep-primary-p1-upper-exam-midterm-final-structure
P1,upper,一年级上册综合测评,p1-number-sense,short-answer,Foundation,1,pep-primary-p1-upper-shapes-position-clock,pep-primary-p1-upper-exam-midterm-final-structure
P1,upper,一年级上册综合测评,p1-number-sense,short-answer,Core,1,pep-primary-p1-upper-number-sense-within-20,pep-primary-p1-upper-exam-midterm-final-structure
P1,upper,位置,p1-shapes,fill-in,Core,1,pep-primary-p1-upper-shapes-position-clock,pep-primary-p1-upper-exam-shapes-position-time
P1,upper,位置,p1-shapes,multiple-choice,Foundation,4,pep-primary-p1-upper-shapes-position-clock,pep-primary-p1-upper-exam-shapes-position-time
P1,upper,凑十法,within-20-numbers,fill-in,Core,1,pep-primary-p1-upper-number-sense-within-20,pep-primary-p1-upper-exam-within-20-addition
P1,upper,凑十法,within-20-numbers,fill-in,Foundation,1,pep-primary-p1-upper-number-sense-within-20,pep-primary-p1-upper-exam-within-20-addition
P1,upper,凑十法,within-20-numbers,multiple-choice,Foundation,2,pep-primary-p1-upper-shapes-position-clock,pep-primary-p1-upper-exam-within-20-addition
P1,upper,凑十法,within-20-numbers,short-answer,Challenge,1,pep-primary-p1-upper-number-sense-within-20,pep-primary-p1-upper-exam-within-20-addition
P1,upper,凑十法,within-20-numbers,short-answer,Foundation,1,pep-primary-p1-upper-shapes-position-clock,pep-primary-p1-upper-exam-within-20-addition
P1,upper,凑十法,within-20-numbers,short-answer,Core,1,pep-primary-p1-upper-number-sense-within-20,pep-primary-p1-upper-exam-within-20-addition
P1,upper,分与合,within-5-numbers,multiple-choice,Foundation,4,pep-primary-p1-upper-shapes-position-clock,pep-primary-p1-upper-exam-within-5-number-sense
P1,upper,分与合,within-5-numbers,short-answer,Foundation,1,pep-primary-p1-upper-shapes-position-clock,pep-primary-p1-upper-exam-within-5-number-sense
P1,upper,数一数,within-5-numbers,fill-in,Foundation,1,pep-primary-p1-upper-shapes-position-clock,pep-primary-p1-upper-exam-within-5-number-sense
P1,upper,数一数,within-5-numbers,multiple-choice,Foundation,3,pep-primary-p1-upper-shapes-position-clock,pep-primary-p1-upper-exam-within-5-number-sense
P1,upper,数一数,within-5-numbers,short-answer,Challenge,1,pep-primary-p1-upper-shapes-position-clock,pep-primary-p1-upper-exam-within-5-number-sense
P1,upper,整时,p1-shapes,fill-in,Foundation,1,pep-primary-p1-upper-shapes-position-clock,pep-primary-p1-upper-exam-shapes-position-time
P1,upper,整时,p1-shapes,multiple-choice,Foundation,3,pep-primary-p1-upper-shapes-position-clock,pep-primary-p1-upper-exam-shapes-position-time
P1,upper,整时,p1-shapes,short-answer,Foundation,1,pep-primary-p1-upper-shapes-position-clock,pep-primary-p1-upper-exam-shapes-position-time
P1,upper,期中综合,p1-number-sense,fill-in,Core,1,pep-primary-p1-upper-number-sense-within-20,pep-primary-p1-upper-exam-midterm-final-structure
P1,upper,期中综合,p1-number-sense,fill-in,Foundation,1,pep-primary-p1-upper-number-sense-within-20,pep-primary-p1-upper-exam-midterm-final-structure
P1,upper,期中综合,p1-number-sense,multiple-choice,Foundation,4,pep-primary-p1-upper-shapes-position-clock,pep-primary-p1-upper-exam-midterm-final-structure
P1,upper,期中综合,p1-number-sense,multiple-choice,Core,1,pep-primary-p1-upper-number-sense-within-20,pep-primary-p1-upper-exam-midterm-final-structure
P1,upper,期末综合,p1-number-sense,fill-in,Core,3,pep-primary-p1-upper-number-sense-within-20,pep-primary-p1-upper-exam-midterm-final-structure
P1,upper,期末综合,p1-number-sense,fill-in,Foundation,1,pep-primary-p1-upper-shapes-position-clock,pep-primary-p1-upper-exam-midterm-final-structure
P1,upper,期末综合,p1-number-sense,fill-in,Foundation,1,pep-primary-p1-upper-number-sense-within-20,pep-primary-p1-upper-exam-midterm-final-structure
P1,upper,期末综合,p1-number-sense,multiple-choice,Foundation,2,pep-primary-p1-upper-shapes-position-clock,pep-primary-p1-upper-exam-midterm-final-structure
P1,upper,比大小,within-5-numbers,fill-in,Core,3,pep-primary-p1-upper-number-sense-within-20,pep-primary-p1-upper-exam-within-5-number-sense
P1,upper,比大小,within-5-numbers,fill-in,Foundation,1,pep-primary-p1-upper-number-sense-within-20,pep-primary-p1-upper-exam-within-5-number-sense
P1,upper,比大小,within-5-numbers,multiple-choice,Core,1,pep-primary-p1-upper-number-sense-within-20,pep-primary-p1-upper-exam-within-5-number-sense
P1,upper,认识图形,p1-shapes,fill-in,Core,3,pep-primary-p1-upper-number-sense-within-20,pep-primary-p1-upper-exam-shapes-position-time
P1,upper,认识图形,p1-shapes,fill-in,Foundation,1,pep-primary-p1-upper-number-sense-within-20,pep-primary-p1-upper-exam-shapes-position-time
P1,upper,认识图形,p1-shapes,short-answer,Challenge,1,pep-primary-p1-upper-number-sense-within-20,pep-primary-p1-upper-exam-shapes-position-time
P1,upper,认识钟表,p1-shapes,fill-in,Core,1,pep-primary-p1-upper-number-sense-within-20,pep-primary-p1-upper-exam-shapes-position-time
P1,upper,认识钟表,p1-shapes,fill-in,Foundation,1,pep-primary-p1-upper-number-sense-within-20,pep-primary-p1-upper-exam-shapes-position-time
P1,upper,认识钟表,p1-shapes,multiple-choice,Core,1,pep-primary-p1-upper-number-sense-within-20,pep-primary-p1-upper-exam-shapes-position-time
P1,upper,认识钟表,p1-shapes,multiple-choice,Foundation,1,pep-primary-p1-upper-number-sense-within-20,pep-primary-p1-upper-exam-shapes-position-time
P1,upper,认识钟表,p1-shapes,short-answer,Core,1,pep-primary-p1-upper-number-sense-within-20,pep-primary-p1-upper-exam-shapes-position-time
P2,lower,万以内数的认识,within-10000-numbers,fill-in,Core,1,pep-primary-p2-lower-division-measurement-data,pep-primary-p2-lower-paper-within-10000-number-add-sub
P2,lower,万以内数的认识,within-10000-numbers,multiple-choice,Foundation,4,pep-primary-p2-lower-division-measurement-data,pep-primary-p2-lower-paper-within-10000-number-add-sub
P2,lower,万以内数的认识,within-10000-numbers,multiple-choice,Core,1,pep-primary-p2-lower-division-measurement-data,pep-primary-p2-lower-paper-within-10000-number-add-sub
P2,lower,万以内的加法和减法,within-10000-numbers,fill-in,Core,3,pep-primary-p2-lower-division-measurement-data,pep-primary-p2-lower-paper-within-10000-number-add-sub
P2,lower,万以内的加法和减法,within-10000-numbers,fill-in,Foundation,2,pep-primary-p2-lower-division-measurement-data,pep-primary-p2-lower-paper-within-10000-number-add-sub
P2,lower,万以内的加法和减法,within-10000-numbers,multiple-choice,Foundation,2,pep-primary-p2-lower-division-measurement-data,pep-primary-p2-lower-paper-within-10000-number-add-sub
P2,lower,克和千克,mass-measurement,fill-in,Core,1,pep-primary-p2-lower-division-measurement-data,pep-primary-p2-lower-paper-time-data-measurement
P2,lower,克和千克,mass-measurement,fill-in,Foundation,1,pep-primary-p2-lower-division-measurement-data,pep-primary-p2-lower-paper-time-data-measurement
P2,lower,克和千克,mass-measurement,multiple-choice,Foundation,4,pep-primary-p2-lower-division-measurement-data,pep-primary-p2-lower-paper-time-data-measurement
P2,lower,克和千克,mass-measurement,multiple-choice,Core,1,pep-primary-p2-lower-division-measurement-data,pep-primary-p2-lower-paper-time-data-measurement
P2,lower,分层练习,p2-lower-problem-solving,multiple-choice,Foundation,4,pep-primary-p2-lower-division-measurement-data,pep-primary-p2-lower-paper-problem-solving-tiered-review
P2,lower,分层练习,p2-lower-problem-solving,short-answer,Foundation,1,pep-primary-p2-lower-division-measurement-data,pep-primary-p2-lower-paper-problem-solving-tiered-review
P2,lower,平均分,division-meaning,fill-in,Core,1,pep-primary-p2-lower-division-measurement-data,pep-primary-p2-lower-paper-division-facts
P2,lower,平均分,division-meaning,fill-in,Foundation,1,pep-primary-p2-lower-division-measurement-data,pep-primary-p2-lower-paper-division-facts
P2,lower,平均分,division-meaning,multiple-choice,Foundation,2,pep-primary-p2-lower-division-measurement-data,pep-primary-p2-lower-paper-division-facts
P2,lower,平均分,division-meaning,short-answer,Challenge,1,pep-primary-p2-lower-division-measurement-data,pep-primary-p2-lower-paper-division-facts
P2,lower,平均分,division-meaning,short-answer,Core,1,pep-primary-p2-lower-division-measurement-data,pep-primary-p2-lower-paper-division-facts
P2,lower,平均分,division-meaning,short-answer,Foundation,1,pep-primary-p2-lower-division-measurement-data,pep-primary-p2-lower-paper-division-facts
P2,lower,思维拓展,division-with-remainder,fill-in,Core,1,pep-primary-p2-lower-division-measurement-data,pep-primary-p2-lower-paper-remainder-division
P2,lower,思维拓展,division-with-remainder,fill-in,Foundation,1,pep-primary-p2-lower-division-measurement-data,pep-primary-p2-lower-paper-remainder-division
P2,lower,思维拓展,division-with-remainder,multiple-choice,Foundation,1,pep-primary-p2-lower-division-measurement-data,pep-primary-p2-lower-paper-remainder-division
P2,lower,思维拓展,division-with-remainder,short-answer,Challenge,1,pep-primary-p2-lower-division-measurement-data,pep-primary-p2-lower-paper-remainder-division
P2,lower,思维拓展,division-with-remainder,short-answer,Core,1,pep-primary-p2-lower-division-measurement-data,pep-primary-p2-lower-paper-remainder-division
P2,lower,思维拓展,division-with-remainder,short-answer,Foundation,1,pep-primary-p2-lower-division-measurement-data,pep-primary-p2-lower-paper-remainder-division
P2,lower,数据收集整理,mass-measurement,fill-in,Core,1,pep-primary-p2-lower-division-measurement-data,pep-primary-p2-lower-paper-time-data-measurement
P2,lower,数据收集整理,mass-measurement,multiple-choice,Foundation,3,pep-primary-p2-lower-division-measurement-data,pep-primary-p2-lower-paper-time-data-measurement
P2,lower,数据收集整理,mass-measurement,short-answer,Challenge,1,pep-primary-p2-lower-division-measurement-data,pep-primary-p2-lower-paper-time-data-measurement
P2,lower,数据收集整理,mass-measurement,short-answer,Foundation,1,pep-primary-p2-lower-division-measurement-data,pep-primary-p2-lower-paper-time-data-measurement
P2,lower,数据收集整理,mass-measurement,short-answer,Core,1,pep-primary-p2-lower-division-measurement-data,pep-primary-p2-lower-paper-time-data-measurement
P2,lower,时、分、秒,mass-measurement,fill-in,Core,3,pep-primary-p2-lower-division-measurement-data,pep-primary-p2-lower-paper-time-data-measurement
P2,lower,时、分、秒,mass-measurement,fill-in,Foundation,2,pep-primary-p2-lower-division-measurement-data,pep-primary-p2-lower-paper-time-data-measurement
P2,lower,时、分、秒,mass-measurement,multiple-choice,Foundation,1,pep-primary-p2-lower-division-measurement-data,pep-primary-p2-lower-paper-time-data-measurement
P2,lower,有余数的除法,division-with-remainder,fill-in,Core,1,pep-primary-p2-lower-division-measurement-data,pep-primary-p2-lower-paper-remainder-division
P2,lower,有余数的除法,division-with-remainder,multiple-choice,Foundation,5,pep-primary-p2-lower-division-measurement-data,pep-primary-p2-lower-paper-remainder-division
P2,lower,有余数的除法,division-with-remainder,multiple-choice,Core,1,pep-primary-p2-lower-division-measurement-data,pep-primary-p2-lower-paper-remainder-division
P2,lower,期中综合,p2-lower-problem-solving,fill-in,Core,3,pep-primary-p2-lower-division-measurement-data,pep-primary-p2-lower-paper-problem-solving-tiered-review
P2,lower,期中综合,p2-lower-problem-solving,fill-in,Foundation,1,pep-primary-p2-lower-division-measurement-data,pep-primary-p2-lower-paper-problem-solving-tiered-review
P2,lower,期中综合,p2-lower-problem-solving,short-answer,Challenge,1,pep-primary-p2-lower-division-measurement-data,pep-primary-p2-lower-paper-problem-solving-tiered-review
P2,lower,期末综合,p2-lower-problem-solving,fill-in,Foundation,1,pep-primary-p2-lower-division-measurement-data,pep-primary-p2-lower-paper-problem-solving-tiered-review
P2,lower,期末综合,p2-lower-problem-solving,multiple-choice,Foundation,4,pep-primary-p2-lower-division-measurement-data,pep-primary-p2-lower-paper-problem-solving-tiered-review
P2,lower,竖式计算,division-with-remainder,fill-in,Core,3,pep-primary-p2-lower-division-measurement-data,pep-primary-p2-lower-paper-remainder-division
P2,lower,竖式计算,division-with-remainder,fill-in,Foundation,2,pep-primary-p2-lower-division-measurement-data,pep-primary-p2-lower-paper-remainder-division
P2,lower,竖式计算,division-with-remainder,multiple-choice,Foundation,2,pep-primary-p2-lower-division-measurement-data,pep-primary-p2-lower-paper-remainder-division
P2,lower,表内除法（一）,division-meaning,fill-in,Core,1,pep-primary-p2-lower-division-measurement-data,pep-primary-p2-lower-paper-division-facts
P2,lower,表内除法（一）,division-meaning,fill-in,Foundation,1,pep-primary-p2-lower-division-measurement-data,pep-primary-p2-lower-paper-division-facts
P2,lower,表内除法（一）,division-meaning,multiple-choice,Foundation,4,pep-primary-p2-lower-division-measurement-data,pep-primary-p2-lower-paper-division-facts
P2,lower,表内除法（一）,division-meaning,multiple-choice,Core,1,pep-primary-p2-lower-division-measurement-data,pep-primary-p2-lower-paper-division-facts
P2,lower,表内除法（二）,division-meaning,fill-in,Core,3,pep-primary-p2-lower-division-measurement-data,pep-primary-p2-lower-paper-division-facts
P2,lower,表内除法（二）,division-meaning,fill-in,Foundation,1,pep-primary-p2-lower-division-measurement-data,pep-primary-p2-lower-paper-division-facts
P2,lower,表内除法（二）,division-meaning,multiple-choice,Foundation,2,pep-primary-p2-lower-division-measurement-data,pep-primary-p2-lower-paper-division-facts
P2,lower,解决问题,p2-lower-problem-solving,fill-in,Core,2,pep-primary-p2-lower-division-measurement-data,pep-primary-p2-lower-paper-problem-solving-tiered-review
P2,lower,解决问题,p2-lower-problem-solving,fill-in,Foundation,1,pep-primary-p2-lower-division-measurement-data,pep-primary-p2-lower-paper-problem-solving-tiered-review
P2,lower,解决问题,p2-lower-problem-solving,multiple-choice,Core,1,pep-primary-p2-lower-division-measurement-data,pep-primary-p2-lower-paper-problem-solving-tiered-review
P2,lower,解决问题,p2-lower-problem-solving,short-answer,Core,1,pep-primary-p2-lower-division-measurement-data,pep-primary-p2-lower-paper-problem-solving-tiered-review
P2,lower,近似数,within-10000-numbers,fill-in,Core,1,pep-primary-p2-lower-division-measurement-data,pep-primary-p2-lower-paper-within-10000-number-add-sub
P2,lower,近似数,within-10000-numbers,fill-in,Foundation,1,pep-primary-p2-lower-division-measurement-data,pep-primary-p2-lower-paper-within-10000-number-add-sub
P2,lower,近似数,within-10000-numbers,multiple-choice,Foundation,2,pep-primary-p2-lower-division-measurement-data,pep-primary-p2-lower-paper-within-10000-number-add-sub
P2,lower,近似数,within-10000-numbers,short-answer,Challenge,1,pep-primary-p2-lower-division-measurement-data,pep-primary-p2-lower-paper-within-10000-number-add-sub
P2,lower,近似数,within-10000-numbers,short-answer,Foundation,1,pep-primary-p2-lower-division-measurement-data,pep-primary-p2-lower-paper-within-10000-number-add-sub
P2,lower,近似数,within-10000-numbers,short-answer,Core,1,pep-primary-p2-lower-division-measurement-data,pep-primary-p2-lower-paper-within-10000-number-add-sub
P2,upper,乘法的初步认识,multiplication-meaning,fill-in,Core,1,pep-primary-p2-upper-multiplication-facts,pep-primary-p2-upper-paper-multiplication-arrays
P2,upper,乘法的初步认识,multiplication-meaning,fill-in,Foundation,1,pep-primary-p2-upper-multiplication-facts,pep-primary-p2-upper-paper-multiplication-arrays
P2,upper,乘法的初步认识,multiplication-meaning,multiple-choice,Foundation,2,pep-primary-p2-upper-multiplication-facts,pep-primary-p2-upper-paper-multiplication-arrays
P2,upper,乘法的初步认识,multiplication-meaning,short-answer,Challenge,1,pep-primary-p2-upper-multiplication-facts,pep-primary-p2-upper-paper-multiplication-arrays
P2,upper,乘法的初步认识,multiplication-meaning,short-answer,Core,1,pep-primary-p2-upper-multiplication-facts,pep-primary-p2-upper-paper-multiplication-arrays
P2,upper,乘法的初步认识,multiplication-meaning,short-answer,Foundation,1,pep-primary-p2-upper-multiplication-facts,pep-primary-p2-upper-paper-multiplication-arrays
P2,upper,厘米和米,length-measurement,fill-in,Core,1,pep-primary-p2-upper-multiplication-facts,pep-primary-p2-upper-paper-length-measurement
P2,upper,厘米和米,length-measurement,fill-in,Foundation,1,pep-primary-p2-upper-multiplication-facts,pep-primary-p2-upper-paper-length-measurement
P2,upper,厘米和米,length-measurement,multiple-choice,Foundation,6,pep-primary-p2-upper-multiplication-facts,pep-primary-p2-upper-paper-length-measurement
P2,upper,厘米和米,length-measurement,short-answer,Challenge,1,pep-primary-p2-upper-multiplication-facts,pep-primary-p2-upper-paper-length-measurement
P2,upper,厘米和米,length-measurement,short-answer,Foundation,1,pep-primary-p2-upper-multiplication-facts,pep-primary-p2-upper-paper-length-measurement
P2,upper,情境应用,p2-upper-error-analysis,fill-in,Core,3,pep-primary-p2-upper-multiplication-facts,pep-primary-p2-upper-paper-error-literacy-extension
P2,upper,情境应用,p2-upper-error-analysis,fill-in,Foundation,2,pep-primary-p2-upper-multiplication-facts,pep-primary-p2-upper-paper-error-literacy-extension
P2,upper,情境应用,p2-upper-error-analysis,multiple-choice,Foundation,2,pep-primary-p2-upper-multiplication-facts,pep-primary-p2-upper-paper-error-literacy-extension
P2,upper,易错提优,p2-upper-error-analysis,fill-in,Core,1,pep-primary-p2-upper-multiplication-facts,pep-primary-p2-upper-paper-error-literacy-extension
P2,upper,易错提优,p2-upper-error-analysis,fill-in,Foundation,1,pep-primary-p2-upper-multiplication-facts,pep-primary-p2-upper-paper-error-literacy-extension
P2,upper,易错提优,p2-upper-error-analysis,multiple-choice,Foundation,4,pep-primary-p2-upper-multiplication-facts,pep-primary-p2-upper-paper-error-literacy-extension
P2,upper,易错提优,p2-upper-error-analysis,multiple-choice,Core,1,pep-primary-p2-upper-multiplication-facts,pep-primary-p2-upper-paper-error-literacy-extension
P2,upper,期中综合,p2-upper-integrated-review,fill-in,Core,1,pep-primary-p2-upper-multiplication-facts,pep-primary-p2-upper-paper-midterm-final-integrated
P2,upper,期中综合,p2-upper-integrated-review,fill-in,Foundation,1,pep-primary-p2-upper-multiplication-facts,pep-primary-p2-upper-paper-midterm-final-integrated
P2,upper,期中综合,p2-upper-integrated-review,multiple-choice,Foundation,4,pep-primary-p2-upper-multiplication-facts,pep-primary-p2-upper-paper-midterm-final-integrated
P2,upper,期中综合,p2-upper-integrated-review,multiple-choice,Core,1,pep-primary-p2-upper-multiplication-facts,pep-primary-p2-upper-paper-midterm-final-integrated
P2,upper,期末综合,p2-upper-integrated-review,fill-in,Core,3,pep-primary-p2-upper-multiplication-facts,pep-primary-p2-upper-paper-midterm-final-integrated
P2,upper,期末综合,p2-upper-integrated-review,fill-in,Foundation,2,pep-primary-p2-upper-multiplication-facts,pep-primary-p2-upper-paper-midterm-final-integrated
P2,upper,期末综合,p2-upper-integrated-review,multiple-choice,Foundation,1,pep-primary-p2-upper-multiplication-facts,pep-primary-p2-upper-paper-midterm-final-integrated
P2,upper,素养拓展,p2-upper-error-analysis,fill-in,Core,1,pep-primary-p2-upper-multiplication-facts,pep-primary-p2-upper-paper-error-literacy-extension
P2,upper,素养拓展,p2-upper-error-analysis,multiple-choice,Foundation,2,pep-primary-p2-upper-multiplication-facts,pep-primary-p2-upper-paper-error-literacy-extension
P2,upper,素养拓展,p2-upper-error-analysis,short-answer,Challenge,1,pep-primary-p2-upper-multiplication-facts,pep-primary-p2-upper-paper-error-literacy-extension
P2,upper,素养拓展,p2-upper-error-analysis,short-answer,Foundation,1,pep-primary-p2-upper-multiplication-facts,pep-primary-p2-upper-paper-error-literacy-extension
P2,upper,素养拓展,p2-upper-error-analysis,short-answer,Core,1,pep-primary-p2-upper-multiplication-facts,pep-primary-p2-upper-paper-error-literacy-extension
P2,upper,素养达标,p2-upper-integrated-review,fill-in,Core,1,pep-primary-p2-upper-multiplication-facts,pep-primary-p2-upper-paper-midterm-final-integrated
P2,upper,素养达标,p2-upper-integrated-review,multiple-choice,Foundation,3,pep-primary-p2-upper-multiplication-facts,pep-primary-p2-upper-paper-midterm-final-integrated
P2,upper,素养达标,p2-upper-integrated-review,short-answer,Challenge,1,pep-primary-p2-upper-multiplication-facts,pep-primary-p2-upper-paper-midterm-final-integrated
P2,upper,素养达标,p2-upper-integrated-review,short-answer,Foundation,1,pep-primary-p2-upper-multiplication-facts,pep-primary-p2-upper-paper-midterm-final-integrated
P2,upper,素养达标,p2-upper-integrated-review,short-answer,Core,1,pep-primary-p2-upper-multiplication-facts,pep-primary-p2-upper-paper-midterm-final-integrated
P2,upper,表内乘法（一）,multiplication-meaning,fill-in,Core,1,pep-primary-p2-upper-multiplication-facts,pep-primary-p2-upper-paper-multiplication-arrays
P2,upper,表内乘法（一）,multiplication-meaning,fill-in,Foundation,1,pep-primary-p2-upper-multiplication-facts,pep-primary-p2-upper-paper-multiplication-arrays
P2,upper,表内乘法（一）,multiplication-meaning,multiple-choice,Foundation,4,pep-primary-p2-upper-multiplication-facts,pep-primary-p2-upper-paper-multiplication-arrays
P2,upper,表内乘法（一）,multiplication-meaning,multiple-choice,Core,1,pep-primary-p2-upper-multiplication-facts,pep-primary-p2-upper-paper-multiplication-arrays
P2,upper,表内乘法（二）,multiplication-meaning,fill-in,Core,3,pep-primary-p2-upper-multiplication-facts,pep-primary-p2-upper-paper-multiplication-arrays
P2,upper,表内乘法（二）,multiplication-meaning,fill-in,Foundation,1,pep-primary-p2-upper-multiplication-facts,pep-primary-p2-upper-paper-multiplication-arrays
P2,upper,表内乘法（二）,multiplication-meaning,multiple-choice,Foundation,2,pep-primary-p2-upper-multiplication-facts,pep-primary-p2-upper-paper-multiplication-arrays
P2,upper,观察物体,angle-introduction,fill-in,Core,1,pep-primary-p2-upper-multiplication-facts,pep-primary-p2-upper-paper-angle-observation
P2,upper,观察物体,angle-introduction,fill-in,Foundation,1,pep-primary-p2-upper-multiplication-facts,pep-primary-p2-upper-paper-angle-observation
P2,upper,观察物体,angle-introduction,multiple-choice,Foundation,7,pep-primary-p2-upper-multiplication-facts,pep-primary-p2-upper-paper-angle-observation
P2,upper,观察物体,angle-introduction,short-answer,Foundation,1,pep-primary-p2-upper-multiplication-facts,pep-primary-p2-upper-paper-angle-observation
P2,upper,角的初步认识,angle-introduction,fill-in,Core,4,pep-primary-p2-upper-multiplication-facts,pep-primary-p2-upper-paper-angle-observation
P2,upper,角的初步认识,angle-introduction,fill-in,Foundation,2,pep-primary-p2-upper-multiplication-facts,pep-primary-p2-upper-paper-angle-observation
P2,upper,角的初步认识,angle-introduction,multiple-choice,Foundation,1,pep-primary-p2-upper-multiplication-facts,pep-primary-p2-upper-paper-angle-observation
P2,upper,角的初步认识,angle-introduction,multiple-choice,Core,1,pep-primary-p2-upper-multiplication-facts,pep-primary-p2-upper-paper-angle-observation
P2,upper,角的初步认识,angle-introduction,short-answer,Challenge,1,pep-primary-p2-upper-multiplication-facts,pep-primary-p2-upper-paper-angle-observation
P2,upper,角的初步认识,angle-introduction,short-answer,Core,1,pep-primary-p2-upper-multiplication-facts,pep-primary-p2-upper-paper-angle-observation
P2,upper,长度单位,length-measurement,fill-in,Core,4,pep-primary-p2-upper-multiplication-facts,pep-primary-p2-upper-paper-length-measurement
P2,upper,长度单位,length-measurement,fill-in,Foundation,2,pep-primary-p2-upper-multiplication-facts,pep-primary-p2-upper-paper-length-measurement
P2,upper,长度单位,length-measurement,multiple-choice,Foundation,2,pep-primary-p2-upper-multiplication-facts,pep-primary-p2-upper-paper-length-measurement
P2,upper,长度单位,length-measurement,multiple-choice,Core,1,pep-primary-p2-upper-multiplication-facts,pep-primary-p2-upper-paper-length-measurement
P2,upper,长度单位,length-measurement,short-answer,Core,1,pep-primary-p2-upper-multiplication-facts,pep-primary-p2-upper-paper-length-measurement
P3,lower,两位数乘两位数,two-digit-by-two-digit-multiplication,fill-in,Core,5,pep-primary-p3-lower-area-decimal-data,pep-primary-p3-lower-paper-two-digit-multiplication
P3,lower,两位数乘两位数,two-digit-by-two-digit-multiplication,fill-in,Foundation,1,pep-primary-p3-lower-area-decimal-data,pep-primary-p3-lower-paper-two-digit-multiplication
P3,lower,两位数乘两位数,two-digit-by-two-digit-multiplication,multiple-choice,Core,1,pep-primary-p3-lower-area-decimal-data,pep-primary-p3-lower-paper-two-digit-multiplication
P3,lower,位置与方向（一）,position-direction,fill-in,Core,2,pep-primary-p3-lower-area-decimal-data,pep-primary-p3-lower-paper-position-division
P3,lower,位置与方向（一）,position-direction,fill-in,Foundation,1,pep-primary-p3-lower-area-decimal-data,pep-primary-p3-lower-paper-position-division
P3,lower,位置与方向（一）,position-direction,multiple-choice,Foundation,5,pep-primary-p3-lower-area-decimal-data,pep-primary-p3-lower-paper-position-division
P3,lower,位置与方向（一）,position-direction,short-answer,Challenge,1,pep-primary-p3-lower-area-decimal-data,pep-primary-p3-lower-paper-position-division
P3,lower,位置与方向（一）,position-direction,short-answer,Foundation,1,pep-primary-p3-lower-area-decimal-data,pep-primary-p3-lower-paper-position-division
P3,lower,口算乘法,two-digit-by-two-digit-multiplication,fill-in,Core,1,pep-primary-p3-lower-area-decimal-data,pep-primary-p3-lower-paper-two-digit-multiplication
P3,lower,口算乘法,two-digit-by-two-digit-multiplication,multiple-choice,Foundation,5,pep-primary-p3-lower-area-decimal-data,pep-primary-p3-lower-paper-two-digit-multiplication
P3,lower,口算乘法,two-digit-by-two-digit-multiplication,multiple-choice,Core,1,pep-primary-p3-lower-area-decimal-data,pep-primary-p3-lower-paper-two-digit-multiplication
P3,lower,周长与面积辨析,area-measurement,fill-in,Core,1,pep-primary-p3-lower-area-decimal-data,pep-primary-p3-lower-paper-area-perimeter
P3,lower,周长与面积辨析,area-measurement,multiple-choice,Foundation,1,pep-primary-p3-lower-area-decimal-data,pep-primary-p3-lower-paper-area-perimeter
P3,lower,周长与面积辨析,area-measurement,short-answer,Challenge,3,pep-primary-p3-lower-area-decimal-data,pep-primary-p3-lower-paper-area-perimeter
P3,lower,周长与面积辨析,area-measurement,short-answer,Core,1,pep-primary-p3-lower-area-decimal-data,pep-primary-p3-lower-paper-area-perimeter
P3,lower,周长与面积辨析,area-measurement,short-answer,Foundation,1,pep-primary-p3-lower-area-decimal-data,pep-primary-p3-lower-paper-area-perimeter
P3,lower,复式统计表,decimal-introduction,fill-in,Core,1,pep-primary-p3-lower-area-decimal-data,pep-primary-p3-lower-paper-decimal-date-data
P3,lower,复式统计表,decimal-introduction,multiple-choice,Core,1,pep-primary-p3-lower-area-decimal-data,pep-primary-p3-lower-paper-decimal-date-data
P3,lower,复式统计表,decimal-introduction,short-answer,Challenge,3,pep-primary-p3-lower-area-decimal-data,pep-primary-p3-lower-paper-decimal-date-data
P3,lower,复式统计表,decimal-introduction,short-answer,Core,1,pep-primary-p3-lower-area-decimal-data,pep-primary-p3-lower-paper-decimal-date-data
P3,lower,复式统计表,decimal-introduction,short-answer,Foundation,1,pep-primary-p3-lower-area-decimal-data,pep-primary-p3-lower-paper-decimal-date-data
P3,lower,小数的初步认识,decimal-introduction,fill-in,Core,5,pep-primary-p3-lower-area-decimal-data,pep-primary-p3-lower-paper-decimal-date-data
P3,lower,小数的初步认识,decimal-introduction,fill-in,Foundation,1,pep-primary-p3-lower-area-decimal-data,pep-primary-p3-lower-paper-decimal-date-data
P3,lower,小数的初步认识,decimal-introduction,multiple-choice,Foundation,1,pep-primary-p3-lower-area-decimal-data,pep-primary-p3-lower-paper-decimal-date-data
P3,lower,年、月、日,decimal-introduction,multiple-choice,Foundation,4,pep-primary-p3-lower-area-decimal-data,pep-primary-p3-lower-paper-decimal-date-data
P3,lower,年、月、日,decimal-introduction,multiple-choice,Core,2,pep-primary-p3-lower-area-decimal-data,pep-primary-p3-lower-paper-decimal-date-data
P3,lower,提优拓展,p3-lower-integrated-review,fill-in,Core,3,pep-primary-p3-lower-area-decimal-data,pep-primary-p3-lower-paper-integrated-extension
P3,lower,提优拓展,p3-lower-integrated-review,multiple-choice,Foundation,1,pep-primary-p3-lower-area-decimal-data,pep-primary-p3-lower-paper-integrated-extension
P3,lower,提优拓展,p3-lower-integrated-review,short-answer,Core,1,pep-primary-p3-lower-area-decimal-data,pep-primary-p3-lower-paper-integrated-extension
P3,lower,期中综合,p3-lower-integrated-review,fill-in,Core,1,pep-primary-p3-lower-area-decimal-data,pep-primary-p3-lower-paper-integrated-extension
P3,lower,期中综合,p3-lower-integrated-review,multiple-choice,Foundation,3,pep-primary-p3-lower-area-decimal-data,pep-primary-p3-lower-paper-integrated-extension
P3,lower,期中综合,p3-lower-integrated-review,short-answer,Foundation,1,pep-primary-p3-lower-area-decimal-data,pep-primary-p3-lower-paper-integrated-extension
P3,lower,期末综合,p3-lower-integrated-review,fill-in,Core,3,pep-primary-p3-lower-area-decimal-data,pep-primary-p3-lower-paper-integrated-extension
P3,lower,期末综合,p3-lower-integrated-review,multiple-choice,Core,1,pep-primary-p3-lower-area-decimal-data,pep-primary-p3-lower-paper-integrated-extension
P3,lower,期末综合,p3-lower-integrated-review,short-answer,Challenge,1,pep-primary-p3-lower-area-decimal-data,pep-primary-p3-lower-paper-integrated-extension
P3,lower,笔算乘法,two-digit-by-two-digit-multiplication,multiple-choice,Foundation,1,pep-primary-p3-lower-area-decimal-data,pep-primary-p3-lower-paper-two-digit-multiplication
P3,lower,笔算乘法,two-digit-by-two-digit-multiplication,short-answer,Challenge,2,pep-primary-p3-lower-area-decimal-data,pep-primary-p3-lower-paper-two-digit-multiplication
P3,lower,笔算乘法,two-digit-by-two-digit-multiplication,short-answer,Core,2,pep-primary-p3-lower-area-decimal-data,pep-primary-p3-lower-paper-two-digit-multiplication
P3,lower,笔算乘法,two-digit-by-two-digit-multiplication,short-answer,Foundation,1,pep-primary-p3-lower-area-decimal-data,pep-primary-p3-lower-paper-two-digit-multiplication
P3,lower,解决问题,p3-lower-integrated-review,fill-in,Foundation,1,pep-primary-p3-lower-area-decimal-data,pep-primary-p3-lower-paper-integrated-extension
P3,lower,解决问题,p3-lower-integrated-review,multiple-choice,Foundation,1,pep-primary-p3-lower-area-decimal-data,pep-primary-p3-lower-paper-integrated-extension
P3,lower,解决问题,p3-lower-integrated-review,multiple-choice,Core,1,pep-primary-p3-lower-area-decimal-data,pep-primary-p3-lower-paper-integrated-extension
P3,lower,解决问题,p3-lower-integrated-review,short-answer,Challenge,1,pep-primary-p3-lower-area-decimal-data,pep-primary-p3-lower-paper-integrated-extension
P3,lower,解决问题,p3-lower-integrated-review,short-answer,Foundation,1,pep-primary-p3-lower-area-decimal-data,pep-primary-p3-lower-paper-integrated-extension
P3,lower,长方形、正方形面积,area-measurement,fill-in,Core,1,pep-primary-p3-lower-area-decimal-data,pep-primary-p3-lower-paper-area-perimeter
P3,lower,长方形、正方形面积,area-measurement,multiple-choice,Foundation,5,pep-primary-p3-lower-area-decimal-data,pep-primary-p3-lower-paper-area-perimeter
P3,lower,长方形、正方形面积,area-measurement,multiple-choice,Core,1,pep-primary-p3-lower-area-decimal-data,pep-primary-p3-lower-paper-area-perimeter
P3,lower,除数是一位数的除法,position-direction,fill-in,Core,5,pep-primary-p3-lower-area-decimal-data,pep-primary-p3-lower-paper-position-division
P3,lower,除数是一位数的除法,position-direction,multiple-choice,Foundation,1,pep-primary-p3-lower-area-decimal-data,pep-primary-p3-lower-paper-position-division
P3,lower,除数是一位数的除法,position-direction,multiple-choice,Core,1,pep-primary-p3-lower-area-decimal-data,pep-primary-p3-lower-paper-position-division
P3,lower,除数是一位数的除法,position-direction,short-answer,Challenge,2,pep-primary-p3-lower-area-decimal-data,pep-primary-p3-lower-paper-position-division
P3,lower,除数是一位数的除法,position-direction,short-answer,Core,1,pep-primary-p3-lower-area-decimal-data,pep-primary-p3-lower-paper-position-division
P3,lower,面积,area-measurement,fill-in,Core,4,pep-primary-p3-lower-area-decimal-data,pep-primary-p3-lower-paper-area-perimeter
P3,lower,面积,area-measurement,fill-in,Foundation,2,pep-primary-p3-lower-area-decimal-data,pep-primary-p3-lower-paper-area-perimeter
P3,upper,万以内的加法和减法,time-measurement,fill-in,Core,1,pep-primary-p3-upper-multidigit-operations-fractions,pep-primary-p3-upper-paper-time-measurement-add-sub
P3,upper,万以内的加法和减法,time-measurement,multiple-choice,Core,1,pep-primary-p3-upper-multidigit-operations-fractions,pep-primary-p3-upper-paper-time-measurement-add-sub
P3,upper,万以内的加法和减法,time-measurement,short-answer,Challenge,3,pep-primary-p3-upper-multidigit-operations-fractions,pep-primary-p3-upper-paper-time-measurement-add-sub
P3,upper,万以内的加法和减法,time-measurement,short-answer,Core,1,pep-primary-p3-upper-multidigit-operations-fractions,pep-primary-p3-upper-paper-time-measurement-add-sub
P3,upper,万以内的加法和减法,time-measurement,short-answer,Foundation,1,pep-primary-p3-upper-multidigit-operations-fractions,pep-primary-p3-upper-paper-time-measurement-add-sub
P3,upper,倍的认识,times-as-many,fill-in,Core,1,pep-primary-p3-upper-multidigit-operations-fractions,pep-primary-p3-upper-paper-multiplication-division-times
P3,upper,倍的认识,times-as-many,multiple-choice,Core,4,pep-primary-p3-upper-multidigit-operations-fractions,pep-primary-p3-upper-paper-multiplication-division-times
P3,upper,倍的认识,times-as-many,multiple-choice,Foundation,2,pep-primary-p3-upper-multidigit-operations-fractions,pep-primary-p3-upper-paper-multiplication-division-times
P3,upper,几分之一,fraction-introduction,fill-in,Foundation,4,pep-primary-p3-upper-multidigit-operations-fractions,pep-primary-p3-upper-paper-fraction-introduction
P3,upper,几分之一,fraction-introduction,fill-in,Core,2,pep-primary-p3-upper-multidigit-operations-fractions,pep-primary-p3-upper-paper-fraction-introduction
P3,upper,几分之几,fraction-introduction,fill-in,Core,1,pep-primary-p3-upper-multidigit-operations-fractions,pep-primary-p3-upper-paper-fraction-introduction
P3,upper,几分之几,fraction-introduction,multiple-choice,Foundation,1,pep-primary-p3-upper-multidigit-operations-fractions,pep-primary-p3-upper-paper-fraction-introduction
P3,upper,几分之几,fraction-introduction,short-answer,Challenge,2,pep-primary-p3-upper-multidigit-operations-fractions,pep-primary-p3-upper-paper-fraction-introduction
P3,upper,几分之几,fraction-introduction,short-answer,Core,2,pep-primary-p3-upper-multidigit-operations-fractions,pep-primary-p3-upper-paper-fraction-introduction
P3,upper,几分之几,fraction-introduction,short-answer,Foundation,1,pep-primary-p3-upper-multidigit-operations-fractions,pep-primary-p3-upper-paper-fraction-introduction
P3,upper,分数的初步认识,fraction-introduction,fill-in,Core,1,pep-primary-p3-upper-multidigit-operations-fractions,pep-primary-p3-upper-paper-fraction-introduction
P3,upper,分数的初步认识,fraction-introduction,multiple-choice,Core,5,pep-primary-p3-upper-multidigit-operations-fractions,pep-primary-p3-upper-paper-fraction-introduction
P3,upper,分数的初步认识,fraction-introduction,multiple-choice,Foundation,1,pep-primary-p3-upper-multidigit-operations-fractions,pep-primary-p3-upper-paper-fraction-introduction
P3,upper,周长,rectangle-square,fill-in,Foundation,3,pep-primary-p3-upper-multidigit-operations-fractions,pep-primary-p3-upper-paper-perimeter-rectangles
P3,upper,周长,rectangle-square,multiple-choice,Core,2,pep-primary-p3-upper-multidigit-operations-fractions,pep-primary-p3-upper-paper-perimeter-rectangles
P3,upper,周长,rectangle-square,multiple-choice,Foundation,3,pep-primary-p3-upper-multidigit-operations-fractions,pep-primary-p3-upper-paper-perimeter-rectangles
P3,upper,周长,rectangle-square,short-answer,Challenge,1,pep-primary-p3-upper-multidigit-operations-fractions,pep-primary-p3-upper-paper-perimeter-rectangles
P3,upper,周长,rectangle-square,short-answer,Foundation,1,pep-primary-p3-upper-multidigit-operations-fractions,pep-primary-p3-upper-paper-perimeter-rectangles
P3,upper,多位数乘一位数,times-as-many,fill-in,Foundation,4,pep-primary-p3-upper-multidigit-operations-fractions,pep-primary-p3-upper-paper-multiplication-division-times
P3,upper,多位数乘一位数,times-as-many,fill-in,Core,2,pep-primary-p3-upper-multidigit-operations-fractions,pep-primary-p3-upper-paper-multiplication-division-times
P3,upper,多位数乘一位数,times-as-many,multiple-choice,Foundation,1,pep-primary-p3-upper-multidigit-operations-fractions,pep-primary-p3-upper-paper-multiplication-division-times
P3,upper,时、分、秒,time-measurement,fill-in,Core,1,pep-primary-p3-upper-multidigit-operations-fractions,pep-primary-p3-upper-paper-time-measurement-add-sub
P3,upper,时、分、秒,time-measurement,multiple-choice,Core,4,pep-primary-p3-upper-multidigit-operations-fractions,pep-primary-p3-upper-paper-time-measurement-add-sub
P3,upper,时、分、秒,time-measurement,multiple-choice,Foundation,2,pep-primary-p3-upper-multidigit-operations-fractions,pep-primary-p3-upper-paper-time-measurement-add-sub
P3,upper,易错提优,p3-upper-integrated-review,fill-in,Foundation,1,pep-primary-p3-upper-multidigit-operations-fractions,pep-primary-p3-upper-paper-integrated-error-review
P3,upper,易错提优,p3-upper-integrated-review,fill-in,Core,1,pep-primary-p3-upper-multidigit-operations-fractions,pep-primary-p3-upper-paper-integrated-error-review
P3,upper,易错提优,p3-upper-integrated-review,multiple-choice,Core,1,pep-primary-p3-upper-multidigit-operations-fractions,pep-primary-p3-upper-paper-integrated-error-review
P3,upper,易错提优,p3-upper-integrated-review,short-answer,Challenge,1,pep-primary-p3-upper-multidigit-operations-fractions,pep-primary-p3-upper-paper-integrated-error-review
P3,upper,易错提优,p3-upper-integrated-review,short-answer,Core,1,pep-primary-p3-upper-multidigit-operations-fractions,pep-primary-p3-upper-paper-integrated-error-review
P3,upper,有余数的除法,times-as-many,fill-in,Core,1,pep-primary-p3-upper-multidigit-operations-fractions,pep-primary-p3-upper-paper-multiplication-division-times
P3,upper,有余数的除法,times-as-many,short-answer,Challenge,2,pep-primary-p3-upper-multidigit-operations-fractions,pep-primary-p3-upper-paper-multiplication-division-times
P3,upper,有余数的除法,times-as-many,short-answer,Foundation,2,pep-primary-p3-upper-multidigit-operations-fractions,pep-primary-p3-upper-paper-multiplication-division-times
P3,upper,有余数的除法,times-as-many,short-answer,Core,1,pep-primary-p3-upper-multidigit-operations-fractions,pep-primary-p3-upper-paper-multiplication-division-times
P3,upper,期中综合,p3-upper-integrated-review,fill-in,Foundation,1,pep-primary-p3-upper-multidigit-operations-fractions,pep-primary-p3-upper-paper-integrated-error-review
P3,upper,期中综合,p3-upper-integrated-review,fill-in,Core,2,pep-primary-p3-upper-multidigit-operations-fractions,pep-primary-p3-upper-paper-integrated-error-review
P3,upper,期中综合,p3-upper-integrated-review,multiple-choice,Core,1,pep-primary-p3-upper-multidigit-operations-fractions,pep-primary-p3-upper-paper-integrated-error-review
P3,upper,期中综合,p3-upper-integrated-review,short-answer,Core,1,pep-primary-p3-upper-multidigit-operations-fractions,pep-primary-p3-upper-paper-integrated-error-review
P3,upper,期末综合,p3-upper-integrated-review,fill-in,Foundation,1,pep-primary-p3-upper-multidigit-operations-fractions,pep-primary-p3-upper-paper-integrated-error-review
P3,upper,期末综合,p3-upper-integrated-review,multiple-choice,Core,1,pep-primary-p3-upper-multidigit-operations-fractions,pep-primary-p3-upper-paper-integrated-error-review
P3,upper,期末综合,p3-upper-integrated-review,multiple-choice,Foundation,2,pep-primary-p3-upper-multidigit-operations-fractions,pep-primary-p3-upper-paper-integrated-error-review
P3,upper,期末综合,p3-upper-integrated-review,short-answer,Challenge,1,pep-primary-p3-upper-multidigit-operations-fractions,pep-primary-p3-upper-paper-integrated-error-review
P3,upper,测量,time-measurement,fill-in,Foundation,3,pep-primary-p3-upper-multidigit-operations-fractions,pep-primary-p3-upper-paper-time-measurement-add-sub
P3,upper,测量,time-measurement,fill-in,Core,2,pep-primary-p3-upper-multidigit-operations-fractions,pep-primary-p3-upper-paper-time-measurement-add-sub
P3,upper,测量,time-measurement,multiple-choice,Foundation,1,pep-primary-p3-upper-multidigit-operations-fractions,pep-primary-p3-upper-paper-time-measurement-add-sub
P3,upper,素养达标,p3-upper-integrated-review,fill-in,Foundation,1,pep-primary-p3-upper-multidigit-operations-fractions,pep-primary-p3-upper-paper-integrated-error-review
P3,upper,素养达标,p3-upper-integrated-review,multiple-choice,Foundation,2,pep-primary-p3-upper-multidigit-operations-fractions,pep-primary-p3-upper-paper-integrated-error-review
P3,upper,素养达标,p3-upper-integrated-review,multiple-choice,Core,1,pep-primary-p3-upper-multidigit-operations-fractions,pep-primary-p3-upper-paper-integrated-error-review
P3,upper,素养达标,p3-upper-integrated-review,short-answer,Foundation,1,pep-primary-p3-upper-multidigit-operations-fractions,pep-primary-p3-upper-paper-integrated-error-review
P3,upper,长方形和正方形,rectangle-square,fill-in,Foundation,1,pep-primary-p3-upper-multidigit-operations-fractions,pep-primary-p3-upper-paper-perimeter-rectangles
P3,upper,长方形和正方形,rectangle-square,fill-in,Core,3,pep-primary-p3-upper-multidigit-operations-fractions,pep-primary-p3-upper-paper-perimeter-rectangles
P3,upper,长方形和正方形,rectangle-square,multiple-choice,Core,3,pep-primary-p3-upper-multidigit-operations-fractions,pep-primary-p3-upper-paper-perimeter-rectangles
P3,upper,长方形和正方形,rectangle-square,short-answer,Challenge,2,pep-primary-p3-upper-multidigit-operations-fractions,pep-primary-p3-upper-paper-perimeter-rectangles
P3,upper,长方形和正方形,rectangle-square,short-answer,Core,1,pep-primary-p3-upper-multidigit-operations-fractions,pep-primary-p3-upper-paper-perimeter-rectangles
P4,lower,三角形,triangle-attributes,multiple-choice,Foundation,4,pep-primary-p4-lower-decimal-operations-average,pep-primary-p4-lower-paper-triangle-geometry-motion
P4,lower,三角形,triangle-attributes,multiple-choice,Core,2,pep-primary-p4-lower-decimal-operations-average,pep-primary-p4-lower-paper-triangle-geometry-motion
P4,lower,单位换算,decimal-addition-subtraction,fill-in,Core,1,pep-primary-p4-lower-decimal-operations-average,pep-primary-p4-lower-paper-decimal-add-sub
P4,lower,单位换算,decimal-addition-subtraction,multiple-choice,Foundation,1,pep-primary-p4-lower-decimal-operations-average,pep-primary-p4-lower-paper-decimal-add-sub
P4,lower,单位换算,decimal-addition-subtraction,short-answer,Challenge,3,pep-primary-p4-lower-decimal-operations-average,pep-primary-p4-lower-paper-decimal-add-sub
P4,lower,单位换算,decimal-addition-subtraction,short-answer,Core,1,pep-primary-p4-lower-decimal-operations-average,pep-primary-p4-lower-paper-decimal-add-sub
P4,lower,单位换算,decimal-addition-subtraction,short-answer,Foundation,1,pep-primary-p4-lower-decimal-operations-average,pep-primary-p4-lower-paper-decimal-add-sub
P4,lower,四则运算,four-operations,fill-in,Core,5,pep-primary-p4-lower-decimal-operations-average,pep-primary-p4-lower-paper-four-operations-laws
P4,lower,四则运算,four-operations,fill-in,Foundation,1,pep-primary-p4-lower-decimal-operations-average,pep-primary-p4-lower-paper-four-operations-laws
P4,lower,四则运算,four-operations,multiple-choice,Foundation,1,pep-primary-p4-lower-decimal-operations-average,pep-primary-p4-lower-paper-four-operations-laws
P4,lower,图形的运动（二）,triangle-attributes,fill-in,Core,1,pep-primary-p4-lower-decimal-operations-average,pep-primary-p4-lower-paper-triangle-geometry-motion
P4,lower,图形的运动（二）,triangle-attributes,multiple-choice,Core,1,pep-primary-p4-lower-decimal-operations-average,pep-primary-p4-lower-paper-triangle-geometry-motion
P4,lower,图形的运动（二）,triangle-attributes,short-answer,Challenge,3,pep-primary-p4-lower-decimal-operations-average,pep-primary-p4-lower-paper-triangle-geometry-motion
P4,lower,图形的运动（二）,triangle-attributes,short-answer,Core,1,pep-primary-p4-lower-decimal-operations-average,pep-primary-p4-lower-paper-triangle-geometry-motion
P4,lower,图形的运动（二）,triangle-attributes,short-answer,Foundation,1,pep-primary-p4-lower-decimal-operations-average,pep-primary-p4-lower-paper-triangle-geometry-motion
P4,lower,小数加法和减法,decimal-addition-subtraction,fill-in,Core,4,pep-primary-p4-lower-decimal-operations-average,pep-primary-p4-lower-paper-decimal-add-sub
P4,lower,小数加法和减法,decimal-addition-subtraction,fill-in,Foundation,2,pep-primary-p4-lower-decimal-operations-average,pep-primary-p4-lower-paper-decimal-add-sub
P4,lower,小数大小比较,decimal-place-value,fill-in,Core,1,pep-primary-p4-lower-decimal-operations-average,pep-primary-p4-lower-paper-decimal-meaning-properties
P4,lower,小数大小比较,decimal-place-value,multiple-choice,Foundation,5,pep-primary-p4-lower-decimal-operations-average,pep-primary-p4-lower-paper-decimal-meaning-properties
P4,lower,小数大小比较,decimal-place-value,multiple-choice,Core,1,pep-primary-p4-lower-decimal-operations-average,pep-primary-p4-lower-paper-decimal-meaning-properties
P4,lower,小数混合应用,decimal-addition-subtraction,fill-in,Core,1,pep-primary-p4-lower-decimal-operations-average,pep-primary-p4-lower-paper-decimal-add-sub
P4,lower,小数混合应用,decimal-addition-subtraction,multiple-choice,Foundation,5,pep-primary-p4-lower-decimal-operations-average,pep-primary-p4-lower-paper-decimal-add-sub
P4,lower,小数混合应用,decimal-addition-subtraction,multiple-choice,Core,1,pep-primary-p4-lower-decimal-operations-average,pep-primary-p4-lower-paper-decimal-add-sub
P4,lower,小数点移动,decimal-place-value,multiple-choice,Foundation,1,pep-primary-p4-lower-decimal-operations-average,pep-primary-p4-lower-paper-decimal-meaning-properties
P4,lower,小数点移动,decimal-place-value,short-answer,Challenge,2,pep-primary-p4-lower-decimal-operations-average,pep-primary-p4-lower-paper-decimal-meaning-properties
P4,lower,小数点移动,decimal-place-value,short-answer,Core,2,pep-primary-p4-lower-decimal-operations-average,pep-primary-p4-lower-paper-decimal-meaning-properties
P4,lower,小数点移动,decimal-place-value,short-answer,Foundation,1,pep-primary-p4-lower-decimal-operations-average,pep-primary-p4-lower-paper-decimal-meaning-properties
P4,lower,小数的意义和性质,decimal-place-value,fill-in,Core,5,pep-primary-p4-lower-decimal-operations-average,pep-primary-p4-lower-paper-decimal-meaning-properties
P4,lower,小数的意义和性质,decimal-place-value,fill-in,Foundation,1,pep-primary-p4-lower-decimal-operations-average,pep-primary-p4-lower-paper-decimal-meaning-properties
P4,lower,小数的意义和性质,decimal-place-value,multiple-choice,Core,1,pep-primary-p4-lower-decimal-operations-average,pep-primary-p4-lower-paper-decimal-meaning-properties
P4,lower,平均数与条形统计图,average,fill-in,Core,5,pep-primary-p4-lower-decimal-operations-average,pep-primary-p4-lower-paper-average-statistics-problem-solving
P4,lower,平均数与条形统计图,average,fill-in,Foundation,1,pep-primary-p4-lower-decimal-operations-average,pep-primary-p4-lower-paper-average-statistics-problem-solving
P4,lower,平均数与条形统计图,average,multiple-choice,Foundation,1,pep-primary-p4-lower-decimal-operations-average,pep-primary-p4-lower-paper-average-statistics-problem-solving
P4,lower,数学广角：鸡兔同笼,average,fill-in,Core,1,pep-primary-p4-lower-decimal-operations-average,pep-primary-p4-lower-paper-average-statistics-problem-solving
P4,lower,数学广角：鸡兔同笼,average,multiple-choice,Foundation,4,pep-primary-p4-lower-decimal-operations-average,pep-primary-p4-lower-paper-average-statistics-problem-solving
P4,lower,数学广角：鸡兔同笼,average,multiple-choice,Core,2,pep-primary-p4-lower-decimal-operations-average,pep-primary-p4-lower-paper-average-statistics-problem-solving
P4,lower,期末综合,average,fill-in,Core,1,pep-primary-p4-lower-decimal-operations-average,pep-primary-p4-lower-paper-average-statistics-problem-solving
P4,lower,期末综合,average,short-answer,Challenge,2,pep-primary-p4-lower-decimal-operations-average,pep-primary-p4-lower-paper-average-statistics-problem-solving
P4,lower,期末综合,average,short-answer,Foundation,2,pep-primary-p4-lower-decimal-operations-average,pep-primary-p4-lower-paper-average-statistics-problem-solving
P4,lower,期末综合,average,short-answer,Core,1,pep-primary-p4-lower-decimal-operations-average,pep-primary-p4-lower-paper-average-statistics-problem-solving
P4,lower,简便计算,four-operations,fill-in,Core,1,pep-primary-p4-lower-decimal-operations-average,pep-primary-p4-lower-paper-four-operations-laws
P4,lower,简便计算,four-operations,multiple-choice,Foundation,1,pep-primary-p4-lower-decimal-operations-average,pep-primary-p4-lower-paper-four-operations-laws
P4,lower,简便计算,four-operations,short-answer,Challenge,3,pep-primary-p4-lower-decimal-operations-average,pep-primary-p4-lower-paper-four-operations-laws
P4,lower,简便计算,four-operations,short-answer,Foundation,1,pep-primary-p4-lower-decimal-operations-average,pep-primary-p4-lower-paper-four-operations-laws
P4,lower,简便计算,four-operations,short-answer,Core,1,pep-primary-p4-lower-decimal-operations-average,pep-primary-p4-lower-paper-four-operations-laws
P4,lower,观察物体（二）,triangle-attributes,fill-in,Core,5,pep-primary-p4-lower-decimal-operations-average,pep-primary-p4-lower-paper-triangle-geometry-motion
P4,lower,观察物体（二）,triangle-attributes,fill-in,Foundation,1,pep-primary-p4-lower-decimal-operations-average,pep-primary-p4-lower-paper-triangle-geometry-motion
P4,lower,观察物体（二）,triangle-attributes,multiple-choice,Foundation,1,pep-primary-p4-lower-decimal-operations-average,pep-primary-p4-lower-paper-triangle-geometry-motion
P4,lower,运算定律,four-operations,fill-in,Core,1,pep-primary-p4-lower-decimal-operations-average,pep-primary-p4-lower-paper-four-operations-laws
P4,lower,运算定律,four-operations,multiple-choice,Foundation,4,pep-primary-p4-lower-decimal-operations-average,pep-primary-p4-lower-paper-four-operations-laws
P4,lower,运算定律,four-operations,multiple-choice,Core,1,pep-primary-p4-lower-decimal-operations-average,pep-primary-p4-lower-paper-four-operations-laws
P4,upper,三位数乘两位数,multidigit-multiplication,fill-in,Core,1,pep-primary-p4-upper-large-numbers-angles,pep-primary-p4-upper-paper-multiplication-division-estimation
P4,upper,三位数乘两位数,multidigit-multiplication,multiple-choice,Core,4,pep-primary-p4-upper-large-numbers-angles,pep-primary-p4-upper-paper-multiplication-division-estimation
P4,upper,三位数乘两位数,multidigit-multiplication,multiple-choice,Foundation,2,pep-primary-p4-upper-large-numbers-angles,pep-primary-p4-upper-paper-multiplication-division-estimation
P4,upper,亿以内数,large-numbers,fill-in,Foundation,3,pep-primary-p4-upper-large-numbers-angles,pep-primary-p4-upper-paper-large-numbers-rounding
P4,upper,亿以内数,large-numbers,fill-in,Core,2,pep-primary-p4-upper-large-numbers-angles,pep-primary-p4-upper-paper-large-numbers-rounding
P4,upper,亿以内数,large-numbers,multiple-choice,Foundation,1,pep-primary-p4-upper-large-numbers-angles,pep-primary-p4-upper-paper-large-numbers-rounding
P4,upper,公顷和平方千米,bar-chart,fill-in,Core,1,pep-primary-p4-upper-large-numbers-angles,pep-primary-p4-upper-paper-statistics-optimization
P4,upper,公顷和平方千米,bar-chart,multiple-choice,Foundation,1,pep-primary-p4-upper-large-numbers-angles,pep-primary-p4-upper-paper-statistics-optimization
P4,upper,公顷和平方千米,bar-chart,short-answer,Challenge,2,pep-primary-p4-upper-large-numbers-angles,pep-primary-p4-upper-paper-statistics-optimization
P4,upper,公顷和平方千米,bar-chart,short-answer,Core,2,pep-primary-p4-upper-large-numbers-angles,pep-primary-p4-upper-paper-statistics-optimization
P4,upper,公顷和平方千米,bar-chart,short-answer,Foundation,1,pep-primary-p4-upper-large-numbers-angles,pep-primary-p4-upper-paper-statistics-optimization
P4,upper,大数的认识,large-numbers,fill-in,Core,1,pep-primary-p4-upper-large-numbers-angles,pep-primary-p4-upper-paper-large-numbers-rounding
P4,upper,大数的认识,large-numbers,multiple-choice,Core,4,pep-primary-p4-upper-large-numbers-angles,pep-primary-p4-upper-paper-large-numbers-rounding
P4,upper,大数的认识,large-numbers,multiple-choice,Foundation,2,pep-primary-p4-upper-large-numbers-angles,pep-primary-p4-upper-paper-large-numbers-rounding
P4,upper,平行与垂直,angle-measurement,fill-in,Foundation,4,pep-primary-p4-upper-large-numbers-angles,pep-primary-p4-upper-paper-angle-lines-quadrilaterals
P4,upper,平行与垂直,angle-measurement,fill-in,Core,2,pep-primary-p4-upper-large-numbers-angles,pep-primary-p4-upper-paper-angle-lines-quadrilaterals
P4,upper,平行与垂直,angle-measurement,multiple-choice,Core,1,pep-primary-p4-upper-large-numbers-angles,pep-primary-p4-upper-paper-angle-lines-quadrilaterals
P4,upper,平行四边形和梯形,angle-measurement,fill-in,Core,1,pep-primary-p4-upper-large-numbers-angles,pep-primary-p4-upper-paper-angle-lines-quadrilaterals
P4,upper,平行四边形和梯形,angle-measurement,multiple-choice,Foundation,1,pep-primary-p4-upper-large-numbers-angles,pep-primary-p4-upper-paper-angle-lines-quadrilaterals
P4,upper,平行四边形和梯形,angle-measurement,short-answer,Challenge,3,pep-primary-p4-upper-large-numbers-angles,pep-primary-p4-upper-paper-angle-lines-quadrilaterals
P4,upper,平行四边形和梯形,angle-measurement,short-answer,Foundation,1,pep-primary-p4-upper-large-numbers-angles,pep-primary-p4-upper-paper-angle-lines-quadrilaterals
P4,upper,平行四边形和梯形,angle-measurement,short-answer,Core,1,pep-primary-p4-upper-large-numbers-angles,pep-primary-p4-upper-paper-angle-lines-quadrilaterals
P4,upper,数学广角：优化,bar-chart,fill-in,Foundation,4,pep-primary-p4-upper-large-numbers-angles,pep-primary-p4-upper-paper-statistics-optimization
P4,upper,数学广角：优化,bar-chart,fill-in,Core,2,pep-primary-p4-upper-large-numbers-angles,pep-primary-p4-upper-paper-statistics-optimization
P4,upper,易错提优,p4-upper-integrated-review,fill-in,Foundation,1,pep-primary-p4-upper-large-numbers-angles,pep-primary-p4-upper-paper-integrated-review-error-extension
P4,upper,易错提优,p4-upper-integrated-review,fill-in,Core,1,pep-primary-p4-upper-large-numbers-angles,pep-primary-p4-upper-paper-integrated-review-error-extension
P4,upper,易错提优,p4-upper-integrated-review,multiple-choice,Core,1,pep-primary-p4-upper-large-numbers-angles,pep-primary-p4-upper-paper-integrated-review-error-extension
P4,upper,易错提优,p4-upper-integrated-review,short-answer,Challenge,1,pep-primary-p4-upper-large-numbers-angles,pep-primary-p4-upper-paper-integrated-review-error-extension
P4,upper,易错提优,p4-upper-integrated-review,short-answer,Core,1,pep-primary-p4-upper-large-numbers-angles,pep-primary-p4-upper-paper-integrated-review-error-extension
P4,upper,期中综合,p4-upper-integrated-review,fill-in,Foundation,1,pep-primary-p4-upper-large-numbers-angles,pep-primary-p4-upper-paper-integrated-review-error-extension
P4,upper,期中综合,p4-upper-integrated-review,fill-in,Core,2,pep-primary-p4-upper-large-numbers-angles,pep-primary-p4-upper-paper-integrated-review-error-extension
P4,upper,期中综合,p4-upper-integrated-review,multiple-choice,Core,1,pep-primary-p4-upper-large-numbers-angles,pep-primary-p4-upper-paper-integrated-review-error-extension
P4,upper,期中综合,p4-upper-integrated-review,short-answer,Core,1,pep-primary-p4-upper-large-numbers-angles,pep-primary-p4-upper-paper-integrated-review-error-extension
P4,upper,期末综合,p4-upper-integrated-review,fill-in,Foundation,1,pep-primary-p4-upper-large-numbers-angles,pep-primary-p4-upper-paper-integrated-review-error-extension
P4,upper,期末综合,p4-upper-integrated-review,multiple-choice,Core,1,pep-primary-p4-upper-large-numbers-angles,pep-primary-p4-upper-paper-integrated-review-error-extension
P4,upper,期末综合,p4-upper-integrated-review,multiple-choice,Foundation,2,pep-primary-p4-upper-large-numbers-angles,pep-primary-p4-upper-paper-integrated-review-error-extension
P4,upper,期末综合,p4-upper-integrated-review,short-answer,Challenge,1,pep-primary-p4-upper-large-numbers-angles,pep-primary-p4-upper-paper-integrated-review-error-extension
P4,upper,条形统计图,bar-chart,fill-in,Core,1,pep-primary-p4-upper-large-numbers-angles,pep-primary-p4-upper-paper-statistics-optimization
P4,upper,条形统计图,bar-chart,multiple-choice,Core,5,pep-primary-p4-upper-large-numbers-angles,pep-primary-p4-upper-paper-statistics-optimization
P4,upper,条形统计图,bar-chart,multiple-choice,Foundation,1,pep-primary-p4-upper-large-numbers-angles,pep-primary-p4-upper-paper-statistics-optimization
P4,upper,积和商的估算,multidigit-multiplication,fill-in,Core,1,pep-primary-p4-upper-large-numbers-angles,pep-primary-p4-upper-paper-multiplication-division-estimation
P4,upper,积和商的估算,multidigit-multiplication,short-answer,Challenge,2,pep-primary-p4-upper-large-numbers-angles,pep-primary-p4-upper-paper-multiplication-division-estimation
P4,upper,积和商的估算,multidigit-multiplication,short-answer,Foundation,2,pep-primary-p4-upper-large-numbers-angles,pep-primary-p4-upper-paper-multiplication-division-estimation
P4,upper,积和商的估算,multidigit-multiplication,short-answer,Core,1,pep-primary-p4-upper-large-numbers-angles,pep-primary-p4-upper-paper-multiplication-division-estimation
P4,upper,素养拓展,p4-upper-integrated-review,fill-in,Foundation,1,pep-primary-p4-upper-large-numbers-angles,pep-primary-p4-upper-paper-integrated-review-error-extension
P4,upper,素养拓展,p4-upper-integrated-review,multiple-choice,Foundation,2,pep-primary-p4-upper-large-numbers-angles,pep-primary-p4-upper-paper-integrated-review-error-extension
P4,upper,素养拓展,p4-upper-integrated-review,multiple-choice,Core,1,pep-primary-p4-upper-large-numbers-angles,pep-primary-p4-upper-paper-integrated-review-error-extension
P4,upper,素养拓展,p4-upper-integrated-review,short-answer,Foundation,1,pep-primary-p4-upper-large-numbers-angles,pep-primary-p4-upper-paper-integrated-review-error-extension
P4,upper,角的度量,angle-measurement,multiple-choice,Core,4,pep-primary-p4-upper-large-numbers-angles,pep-primary-p4-upper-paper-angle-lines-quadrilaterals
P4,upper,角的度量,angle-measurement,multiple-choice,Foundation,2,pep-primary-p4-upper-large-numbers-angles,pep-primary-p4-upper-paper-angle-lines-quadrilaterals
P4,upper,近似数,large-numbers,fill-in,Core,1,pep-primary-p4-upper-large-numbers-angles,pep-primary-p4-upper-paper-large-numbers-rounding
P4,upper,近似数,large-numbers,multiple-choice,Core,1,pep-primary-p4-upper-large-numbers-angles,pep-primary-p4-upper-paper-large-numbers-rounding
P4,upper,近似数,large-numbers,short-answer,Challenge,3,pep-primary-p4-upper-large-numbers-angles,pep-primary-p4-upper-paper-large-numbers-rounding
P4,upper,近似数,large-numbers,short-answer,Core,1,pep-primary-p4-upper-large-numbers-angles,pep-primary-p4-upper-paper-large-numbers-rounding
P4,upper,近似数,large-numbers,short-answer,Foundation,1,pep-primary-p4-upper-large-numbers-angles,pep-primary-p4-upper-paper-large-numbers-rounding
P4,upper,除数是两位数的除法,multidigit-multiplication,fill-in,Foundation,4,pep-primary-p4-upper-large-numbers-angles,pep-primary-p4-upper-paper-multiplication-division-estimation
P4,upper,除数是两位数的除法,multidigit-multiplication,fill-in,Core,2,pep-primary-p4-upper-large-numbers-angles,pep-primary-p4-upper-paper-multiplication-division-estimation
P4,upper,除数是两位数的除法,multidigit-multiplication,multiple-choice,Foundation,1,pep-primary-p4-upper-large-numbers-angles,pep-primary-p4-upper-paper-multiplication-division-estimation
P5,lower,2、5、3的倍数特征,factors-multiples,multiple-choice,Foundation,2,pep-primary-p5-lower-fractions-factors-volume,pep-primary-p5-lower-paper-factors-multiples
P5,lower,2、5、3的倍数特征,factors-multiples,multiple-choice,Core,4,pep-primary-p5-lower-fractions-factors-volume,pep-primary-p5-lower-paper-factors-multiples
P5,lower,2、5、3的倍数特征,factors-multiples,short-answer,Core,1,pep-primary-p5-lower-fractions-factors-volume,pep-primary-p5-lower-paper-factors-multiples
P5,lower,体积,cuboid-cube-volume,fill-in,Core,1,pep-primary-p5-lower-fractions-factors-volume,pep-primary-p5-lower-paper-cuboid-cube-volume
P5,lower,体积,cuboid-cube-volume,multiple-choice,Core,5,pep-primary-p5-lower-fractions-factors-volume,pep-primary-p5-lower-paper-cuboid-cube-volume
P5,lower,体积,cuboid-cube-volume,multiple-choice,Foundation,1,pep-primary-p5-lower-fractions-factors-volume,pep-primary-p5-lower-paper-cuboid-cube-volume
P5,lower,分数加法和减法,fraction-addition-subtraction,fill-in,Core,3,pep-primary-p5-lower-fractions-factors-volume,pep-primary-p5-lower-paper-fraction-add-subtract
P5,lower,分数加法和减法,fraction-addition-subtraction,fill-in,Foundation,3,pep-primary-p5-lower-fractions-factors-volume,pep-primary-p5-lower-paper-fraction-add-subtract
P5,lower,分数混合应用,fraction-addition-subtraction,fill-in,Core,1,pep-primary-p5-lower-fractions-factors-volume,pep-primary-p5-lower-paper-fraction-add-subtract
P5,lower,分数混合应用,fraction-addition-subtraction,multiple-choice,Challenge,1,pep-primary-p5-lower-fractions-factors-volume,pep-primary-p5-lower-paper-fraction-add-subtract
P5,lower,分数混合应用,fraction-addition-subtraction,multiple-choice,Foundation,2,pep-primary-p5-lower-fractions-factors-volume,pep-primary-p5-lower-paper-fraction-add-subtract
P5,lower,分数混合应用,fraction-addition-subtraction,multiple-choice,Core,3,pep-primary-p5-lower-fractions-factors-volume,pep-primary-p5-lower-paper-fraction-add-subtract
P5,lower,分数的意义和性质,fraction-meaning-operations,fill-in,Challenge,1,pep-primary-p5-lower-fractions-factors-volume,pep-primary-p5-lower-paper-fraction-meaning-properties
P5,lower,分数的意义和性质,fraction-meaning-operations,fill-in,Foundation,3,pep-primary-p5-lower-fractions-factors-volume,pep-primary-p5-lower-paper-fraction-meaning-properties
P5,lower,分数的意义和性质,fraction-meaning-operations,fill-in,Core,3,pep-primary-p5-lower-fractions-factors-volume,pep-primary-p5-lower-paper-fraction-meaning-properties
P5,lower,因数与倍数,factors-multiples,fill-in,Core,3,pep-primary-p5-lower-fractions-factors-volume,pep-primary-p5-lower-paper-factors-multiples
P5,lower,因数与倍数,factors-multiples,fill-in,Exam,1,pep-primary-p5-lower-fractions-factors-volume,pep-primary-p5-lower-paper-factors-multiples
P5,lower,因数与倍数,factors-multiples,fill-in,Foundation,3,pep-primary-p5-lower-fractions-factors-volume,pep-primary-p5-lower-paper-factors-multiples
P5,lower,图形的运动,object-observation,fill-in,Foundation,2,pep-primary-p5-lower-fractions-factors-volume,pep-primary-p5-lower-paper-geometry-movement-data-review
P5,lower,图形的运动,object-observation,multiple-choice,Core,2,pep-primary-p5-lower-fractions-factors-volume,pep-primary-p5-lower-paper-geometry-movement-data-review
P5,lower,图形的运动,object-observation,short-answer,Challenge,1,pep-primary-p5-lower-fractions-factors-volume,pep-primary-p5-lower-paper-geometry-movement-data-review
P5,lower,异分母分数加减,fraction-addition-subtraction,short-answer,Exam,1,pep-primary-p5-lower-fractions-factors-volume,pep-primary-p5-lower-paper-fraction-add-subtract
P5,lower,异分母分数加减,fraction-addition-subtraction,short-answer,Challenge,2,pep-primary-p5-lower-fractions-factors-volume,pep-primary-p5-lower-paper-fraction-add-subtract
P5,lower,异分母分数加减,fraction-addition-subtraction,short-answer,Core,3,pep-primary-p5-lower-fractions-factors-volume,pep-primary-p5-lower-paper-fraction-add-subtract
P5,lower,异分母分数加减,fraction-addition-subtraction,short-answer,Foundation,1,pep-primary-p5-lower-fractions-factors-volume,pep-primary-p5-lower-paper-fraction-add-subtract
P5,lower,折线统计图,object-observation,fill-in,Core,2,pep-primary-p5-lower-fractions-factors-volume,pep-primary-p5-lower-paper-geometry-movement-data-review
P5,lower,折线统计图,object-observation,multiple-choice,Challenge,1,pep-primary-p5-lower-fractions-factors-volume,pep-primary-p5-lower-paper-geometry-movement-data-review
P5,lower,折线统计图,object-observation,multiple-choice,Core,1,pep-primary-p5-lower-fractions-factors-volume,pep-primary-p5-lower-paper-geometry-movement-data-review
P5,lower,折线统计图,object-observation,short-answer,Challenge,1,pep-primary-p5-lower-fractions-factors-volume,pep-primary-p5-lower-paper-geometry-movement-data-review
P5,lower,期末综合,object-observation,fill-in,Foundation,1,pep-primary-p5-lower-fractions-factors-volume,pep-primary-p5-lower-paper-geometry-movement-data-review
P5,lower,期末综合,object-observation,multiple-choice,Foundation,1,pep-primary-p5-lower-fractions-factors-volume,pep-primary-p5-lower-paper-geometry-movement-data-review
P5,lower,期末综合,object-observation,short-answer,Exam,1,pep-primary-p5-lower-fractions-factors-volume,pep-primary-p5-lower-paper-geometry-movement-data-review
P5,lower,期末综合,object-observation,short-answer,Foundation,1,pep-primary-p5-lower-fractions-factors-volume,pep-primary-p5-lower-paper-geometry-movement-data-review
P5,lower,期末综合,object-observation,short-answer,Core,1,pep-primary-p5-lower-fractions-factors-volume,pep-primary-p5-lower-paper-geometry-movement-data-review
P5,lower,约分,fraction-meaning-operations,short-answer,Foundation,2,pep-primary-p5-lower-fractions-factors-volume,pep-primary-p5-lower-paper-fraction-meaning-properties
P5,lower,约分,fraction-meaning-operations,short-answer,Core,3,pep-primary-p5-lower-fractions-factors-volume,pep-primary-p5-lower-paper-fraction-meaning-properties
P5,lower,约分,fraction-meaning-operations,short-answer,Challenge,2,pep-primary-p5-lower-fractions-factors-volume,pep-primary-p5-lower-paper-fraction-meaning-properties
P5,lower,表面积,cuboid-cube-volume,short-answer,Foundation,2,pep-primary-p5-lower-fractions-factors-volume,pep-primary-p5-lower-paper-cuboid-cube-volume
P5,lower,表面积,cuboid-cube-volume,short-answer,Challenge,2,pep-primary-p5-lower-fractions-factors-volume,pep-primary-p5-lower-paper-cuboid-cube-volume
P5,lower,表面积,cuboid-cube-volume,short-answer,Core,2,pep-primary-p5-lower-fractions-factors-volume,pep-primary-p5-lower-paper-cuboid-cube-volume
P5,lower,观察物体,object-observation,fill-in,Foundation,1,pep-primary-p5-lower-fractions-factors-volume,pep-primary-p5-lower-paper-geometry-movement-data-review
P5,lower,观察物体,object-observation,fill-in,Core,1,pep-primary-p5-lower-fractions-factors-volume,pep-primary-p5-lower-paper-geometry-movement-data-review
P5,lower,观察物体,object-observation,multiple-choice,Core,1,pep-primary-p5-lower-fractions-factors-volume,pep-primary-p5-lower-paper-geometry-movement-data-review
P5,lower,观察物体,object-observation,short-answer,Core,2,pep-primary-p5-lower-fractions-factors-volume,pep-primary-p5-lower-paper-geometry-movement-data-review
P5,lower,质数和合数,factors-multiples,short-answer,Challenge,3,pep-primary-p5-lower-fractions-factors-volume,pep-primary-p5-lower-paper-factors-multiples
P5,lower,质数和合数,factors-multiples,short-answer,Foundation,1,pep-primary-p5-lower-fractions-factors-volume,pep-primary-p5-lower-paper-factors-multiples
P5,lower,质数和合数,factors-multiples,short-answer,Core,2,pep-primary-p5-lower-fractions-factors-volume,pep-primary-p5-lower-paper-factors-multiples
P5,lower,通分,fraction-meaning-operations,multiple-choice,Exam,1,pep-primary-p5-lower-fractions-factors-volume,pep-primary-p5-lower-paper-fraction-meaning-properties
P5,lower,通分,fraction-meaning-operations,multiple-choice,Core,4,pep-primary-p5-lower-fractions-factors-volume,pep-primary-p5-lower-paper-fraction-meaning-properties
P5,lower,通分,fraction-meaning-operations,multiple-choice,Foundation,1,pep-primary-p5-lower-fractions-factors-volume,pep-primary-p5-lower-paper-fraction-meaning-properties
P5,lower,长方体和正方体,cuboid-cube-volume,fill-in,Exam,1,pep-primary-p5-lower-fractions-factors-volume,pep-primary-p5-lower-paper-cuboid-cube-volume
P5,lower,长方体和正方体,cuboid-cube-volume,fill-in,Challenge,1,pep-primary-p5-lower-fractions-factors-volume,pep-primary-p5-lower-paper-cuboid-cube-volume
P5,lower,长方体和正方体,cuboid-cube-volume,fill-in,Foundation,3,pep-primary-p5-lower-fractions-factors-volume,pep-primary-p5-lower-paper-cuboid-cube-volume
P5,lower,长方体和正方体,cuboid-cube-volume,fill-in,Core,1,pep-primary-p5-lower-fractions-factors-volume,pep-primary-p5-lower-paper-cuboid-cube-volume
P5,lower,长方体和正方体,cuboid-cube-volume,short-answer,Core,1,pep-primary-p5-lower-fractions-factors-volume,pep-primary-p5-lower-paper-cuboid-cube-volume
P5,upper,三角形和梯形面积,polygon-area,fill-in,Core,1,pep-primary-p5-upper-decimals-equations-polygons,pep-primary-p5-upper-paper-polygon-area
P5,upper,三角形和梯形面积,polygon-area,multiple-choice,Challenge,1,pep-primary-p5-upper-decimals-equations-polygons,pep-primary-p5-upper-paper-polygon-area
P5,upper,三角形和梯形面积,polygon-area,multiple-choice,Foundation,2,pep-primary-p5-upper-decimals-equations-polygons,pep-primary-p5-upper-paper-polygon-area
P5,upper,三角形和梯形面积,polygon-area,multiple-choice,Core,3,pep-primary-p5-upper-decimals-equations-polygons,pep-primary-p5-upper-paper-polygon-area
P5,upper,位置,coordinate-position,fill-in,Exam,1,pep-primary-p5-upper-decimals-equations-polygons,pep-primary-p5-upper-paper-position-probability-tree-planting
P5,upper,位置,coordinate-position,fill-in,Challenge,1,pep-primary-p5-upper-decimals-equations-polygons,pep-primary-p5-upper-paper-position-probability-tree-planting
P5,upper,位置,coordinate-position,fill-in,Foundation,3,pep-primary-p5-upper-decimals-equations-polygons,pep-primary-p5-upper-paper-position-probability-tree-planting
P5,upper,位置,coordinate-position,fill-in,Core,1,pep-primary-p5-upper-decimals-equations-polygons,pep-primary-p5-upper-paper-position-probability-tree-planting
P5,upper,位置,coordinate-position,short-answer,Core,1,pep-primary-p5-upper-decimals-equations-polygons,pep-primary-p5-upper-paper-position-probability-tree-planting
P5,upper,可能性,coordinate-position,short-answer,Foundation,2,pep-primary-p5-upper-decimals-equations-polygons,pep-primary-p5-upper-paper-position-probability-tree-planting
P5,upper,可能性,coordinate-position,short-answer,Challenge,2,pep-primary-p5-upper-decimals-equations-polygons,pep-primary-p5-upper-paper-position-probability-tree-planting
P5,upper,可能性,coordinate-position,short-answer,Core,2,pep-primary-p5-upper-decimals-equations-polygons,pep-primary-p5-upper-paper-position-probability-tree-planting
P5,upper,多边形的面积,polygon-area,fill-in,Core,3,pep-primary-p5-upper-decimals-equations-polygons,pep-primary-p5-upper-paper-polygon-area
P5,upper,多边形的面积,polygon-area,fill-in,Foundation,3,pep-primary-p5-upper-decimals-equations-polygons,pep-primary-p5-upper-paper-polygon-area
P5,upper,小数乘法,decimal-multiplication,fill-in,Core,3,pep-primary-p5-upper-decimals-equations-polygons,pep-primary-p5-upper-paper-decimal-operations
P5,upper,小数乘法,decimal-multiplication,fill-in,Exam,1,pep-primary-p5-upper-decimals-equations-polygons,pep-primary-p5-upper-paper-decimal-operations
P5,upper,小数乘法,decimal-multiplication,fill-in,Foundation,3,pep-primary-p5-upper-decimals-equations-polygons,pep-primary-p5-upper-paper-decimal-operations
P5,upper,小数四则估算,decimal-multiplication,multiple-choice,Foundation,2,pep-primary-p5-upper-decimals-equations-polygons,pep-primary-p5-upper-paper-decimal-operations
P5,upper,小数四则估算,decimal-multiplication,multiple-choice,Core,4,pep-primary-p5-upper-decimals-equations-polygons,pep-primary-p5-upper-paper-decimal-operations
P5,upper,小数四则估算,decimal-multiplication,short-answer,Core,1,pep-primary-p5-upper-decimals-equations-polygons,pep-primary-p5-upper-paper-decimal-operations
P5,upper,小数除法,decimal-multiplication,short-answer,Challenge,3,pep-primary-p5-upper-decimals-equations-polygons,pep-primary-p5-upper-paper-decimal-operations
P5,upper,小数除法,decimal-multiplication,short-answer,Foundation,1,pep-primary-p5-upper-decimals-equations-polygons,pep-primary-p5-upper-paper-decimal-operations
P5,upper,小数除法,decimal-multiplication,short-answer,Core,2,pep-primary-p5-upper-decimals-equations-polygons,pep-primary-p5-upper-paper-decimal-operations
P5,upper,平行四边形面积,polygon-area,short-answer,Exam,1,pep-primary-p5-upper-decimals-equations-polygons,pep-primary-p5-upper-paper-polygon-area
P5,upper,平行四边形面积,polygon-area,short-answer,Challenge,2,pep-primary-p5-upper-decimals-equations-polygons,pep-primary-p5-upper-paper-polygon-area
P5,upper,平行四边形面积,polygon-area,short-answer,Core,3,pep-primary-p5-upper-decimals-equations-polygons,pep-primary-p5-upper-paper-polygon-area
P5,upper,平行四边形面积,polygon-area,short-answer,Foundation,1,pep-primary-p5-upper-decimals-equations-polygons,pep-primary-p5-upper-paper-polygon-area
P5,upper,易错提优,p5-upper-integrated-review,multiple-choice,Challenge,1,pep-primary-p5-upper-decimals-equations-polygons,pep-primary-p5-upper-paper-integrated-review-error-extension
P5,upper,易错提优,p5-upper-integrated-review,multiple-choice,Core,4,pep-primary-p5-upper-decimals-equations-polygons,pep-primary-p5-upper-paper-integrated-review-error-extension
P5,upper,易错提优,p5-upper-integrated-review,multiple-choice,Foundation,1,pep-primary-p5-upper-decimals-equations-polygons,pep-primary-p5-upper-paper-integrated-review-error-extension
P5,upper,期中综合,p5-upper-integrated-review,fill-in,Foundation,4,pep-primary-p5-upper-decimals-equations-polygons,pep-primary-p5-upper-paper-integrated-review-error-extension
P5,upper,期中综合,p5-upper-integrated-review,fill-in,Core,2,pep-primary-p5-upper-decimals-equations-polygons,pep-primary-p5-upper-paper-integrated-review-error-extension
P5,upper,期中综合,p5-upper-integrated-review,short-answer,Core,1,pep-primary-p5-upper-decimals-equations-polygons,pep-primary-p5-upper-paper-integrated-review-error-extension
P5,upper,期末综合,p5-upper-integrated-review,fill-in,Core,1,pep-primary-p5-upper-decimals-equations-polygons,pep-primary-p5-upper-paper-integrated-review-error-extension
P5,upper,期末综合,p5-upper-integrated-review,short-answer,Core,2,pep-primary-p5-upper-decimals-equations-polygons,pep-primary-p5-upper-paper-integrated-review-error-extension
P5,upper,期末综合,p5-upper-integrated-review,short-answer,Exam,1,pep-primary-p5-upper-decimals-equations-polygons,pep-primary-p5-upper-paper-integrated-review-error-extension
P5,upper,期末综合,p5-upper-integrated-review,short-answer,Challenge,2,pep-primary-p5-upper-decimals-equations-polygons,pep-primary-p5-upper-paper-integrated-review-error-extension
P5,upper,期末综合,p5-upper-integrated-review,short-answer,Foundation,1,pep-primary-p5-upper-decimals-equations-polygons,pep-primary-p5-upper-paper-integrated-review-error-extension
P5,upper,植树问题,coordinate-position,fill-in,Core,1,pep-primary-p5-upper-decimals-equations-polygons,pep-primary-p5-upper-paper-position-probability-tree-planting
P5,upper,植树问题,coordinate-position,multiple-choice,Core,5,pep-primary-p5-upper-decimals-equations-polygons,pep-primary-p5-upper-paper-position-probability-tree-planting
P5,upper,植树问题,coordinate-position,multiple-choice,Foundation,1,pep-primary-p5-upper-decimals-equations-polygons,pep-primary-p5-upper-paper-position-probability-tree-planting
P5,upper,用字母表示数,simple-equations,short-answer,Foundation,2,pep-primary-p5-upper-decimals-equations-polygons,pep-primary-p5-upper-paper-simple-equations
P5,upper,用字母表示数,simple-equations,short-answer,Core,3,pep-primary-p5-upper-decimals-equations-polygons,pep-primary-p5-upper-paper-simple-equations
P5,upper,用字母表示数,simple-equations,short-answer,Challenge,2,pep-primary-p5-upper-decimals-equations-polygons,pep-primary-p5-upper-paper-simple-equations
P5,upper,等量关系,simple-equations,multiple-choice,Exam,1,pep-primary-p5-upper-decimals-equations-polygons,pep-primary-p5-upper-paper-simple-equations
P5,upper,等量关系,simple-equations,multiple-choice,Core,4,pep-primary-p5-upper-decimals-equations-polygons,pep-primary-p5-upper-paper-simple-equations
P5,upper,等量关系,simple-equations,multiple-choice,Foundation,1,pep-primary-p5-upper-decimals-equations-polygons,pep-primary-p5-upper-paper-simple-equations
P5,upper,简易方程,simple-equations,fill-in,Challenge,1,pep-primary-p5-upper-decimals-equations-polygons,pep-primary-p5-upper-paper-simple-equations
P5,upper,简易方程,simple-equations,fill-in,Foundation,3,pep-primary-p5-upper-decimals-equations-polygons,pep-primary-p5-upper-paper-simple-equations
P5,upper,简易方程,simple-equations,fill-in,Core,3,pep-primary-p5-upper-decimals-equations-polygons,pep-primary-p5-upper-paper-simple-equations
P6,lower,圆柱表面积,cylinder-cone,short-answer,Foundation,7,pep-primary-p6-lower-proportion-negative-review,pep-primary-p6-lower-paper-cylinder-cone-geometry
P6,lower,圆柱表面积,cylinder-cone,short-answer,Exam,2,pep-primary-p6-lower-proportion-negative-review,pep-primary-p6-lower-paper-cylinder-cone-geometry
P6,lower,圆柱表面积,cylinder-cone,short-answer,Challenge,5,pep-primary-p6-lower-proportion-negative-review,pep-primary-p6-lower-paper-cylinder-cone-geometry
P6,lower,圆柱表面积,cylinder-cone,short-answer,Core,3,pep-primary-p6-lower-proportion-negative-review,pep-primary-p6-lower-paper-cylinder-cone-geometry
P6,lower,小学数学总复习,p6-lower-graduation-review,fill-in,Core,1,pep-primary-p6-lower-proportion-negative-review,pep-primary-p6-lower-paper-graduation-review
P6,lower,小学数学总复习,p6-lower-graduation-review,short-answer,Core,9,pep-primary-p6-lower-proportion-negative-review,pep-primary-p6-lower-paper-graduation-review
P6,lower,小学数学总复习,p6-lower-graduation-review,short-answer,Challenge,6,pep-primary-p6-lower-proportion-negative-review,pep-primary-p6-lower-paper-graduation-review
P6,lower,数学广角,drawer-principle,fill-in,Exam,2,pep-primary-p6-lower-proportion-negative-review,pep-primary-p6-lower-paper-drawer-principle
P6,lower,数学广角,drawer-principle,fill-in,Foundation,11,pep-primary-p6-lower-proportion-negative-review,pep-primary-p6-lower-paper-drawer-principle
P6,lower,数学广角,drawer-principle,fill-in,Core,2,pep-primary-p6-lower-proportion-negative-review,pep-primary-p6-lower-paper-drawer-principle
P6,lower,数学广角,drawer-principle,short-answer,Core,2,pep-primary-p6-lower-proportion-negative-review,pep-primary-p6-lower-paper-drawer-principle
P6,lower,易错提优,p6-lower-problem-solving,multiple-choice,Foundation,7,pep-primary-p6-lower-proportion-negative-review,pep-primary-p6-lower-paper-challenge-problem-solving
P6,lower,易错提优,p6-lower-problem-solving,multiple-choice,Exam,1,pep-primary-p6-lower-proportion-negative-review,pep-primary-p6-lower-paper-challenge-problem-solving
P6,lower,易错提优,p6-lower-problem-solving,multiple-choice,Core,7,pep-primary-p6-lower-proportion-negative-review,pep-primary-p6-lower-paper-challenge-problem-solving
P6,lower,易错提优,p6-lower-problem-solving,short-answer,Core,1,pep-primary-p6-lower-proportion-negative-review,pep-primary-p6-lower-paper-challenge-problem-solving
P6,lower,比例尺,proportion,fill-in,Core,2,pep-primary-p6-lower-proportion-negative-review,pep-primary-p6-lower-paper-proportion-scale
P6,lower,比例尺,proportion,multiple-choice,Challenge,2,pep-primary-p6-lower-proportion-negative-review,pep-primary-p6-lower-paper-proportion-scale
P6,lower,比例尺,proportion,multiple-choice,Core,13,pep-primary-p6-lower-proportion-negative-review,pep-primary-p6-lower-paper-proportion-scale
P6,lower,负数,negative-numbers,fill-in,Core,10,pep-primary-p6-lower-proportion-negative-review,pep-primary-p6-lower-paper-negative-percent
P6,lower,负数,negative-numbers,fill-in,Challenge,2,pep-primary-p6-lower-proportion-negative-review,pep-primary-p6-lower-paper-negative-percent
P6,lower,负数,negative-numbers,fill-in,Foundation,5,pep-primary-p6-lower-proportion-negative-review,pep-primary-p6-lower-paper-negative-percent
P6,upper,位置与方向,coordinate-position,fill-in,Exam,2,pep-primary-p6-upper-percent-position-data,pep-primary-p6-upper-paper-position-direction
P6,upper,位置与方向,coordinate-position,fill-in,Foundation,11,pep-primary-p6-upper-percent-position-data,pep-primary-p6-upper-paper-position-direction
P6,upper,位置与方向,coordinate-position,fill-in,Core,2,pep-primary-p6-upper-percent-position-data,pep-primary-p6-upper-paper-position-direction
P6,upper,位置与方向,coordinate-position,short-answer,Core,2,pep-primary-p6-upper-percent-position-data,pep-primary-p6-upper-paper-position-direction
P6,upper,分数乘法,fraction-multiplication-division,fill-in,Core,10,pep-primary-p6-upper-percent-position-data,pep-primary-p6-upper-paper-fraction-ratio-operations
P6,upper,分数乘法,fraction-multiplication-division,fill-in,Challenge,2,pep-primary-p6-upper-percent-position-data,pep-primary-p6-upper-paper-fraction-ratio-operations
P6,upper,分数乘法,fraction-multiplication-division,fill-in,Foundation,5,pep-primary-p6-upper-percent-position-data,pep-primary-p6-upper-paper-fraction-ratio-operations
P6,upper,圆的周长,circle-geometry,short-answer,Foundation,7,pep-primary-p6-upper-percent-position-data,pep-primary-p6-upper-paper-circle-geometry
P6,upper,圆的周长,circle-geometry,short-answer,Exam,2,pep-primary-p6-upper-percent-position-data,pep-primary-p6-upper-paper-circle-geometry
P6,upper,圆的周长,circle-geometry,short-answer,Challenge,5,pep-primary-p6-upper-percent-position-data,pep-primary-p6-upper-paper-circle-geometry
P6,upper,圆的周长,circle-geometry,short-answer,Core,3,pep-primary-p6-upper-percent-position-data,pep-primary-p6-upper-paper-circle-geometry
P6,upper,拓展应用,p6-upper-problem-solving,multiple-choice,Foundation,7,pep-primary-p6-upper-percent-position-data,pep-primary-p6-upper-paper-challenge-problem-solving
P6,upper,拓展应用,p6-upper-problem-solving,multiple-choice,Exam,1,pep-primary-p6-upper-percent-position-data,pep-primary-p6-upper-paper-challenge-problem-solving
P6,upper,拓展应用,p6-upper-problem-solving,multiple-choice,Core,7,pep-primary-p6-upper-percent-position-data,pep-primary-p6-upper-paper-challenge-problem-solving
P6,upper,拓展应用,p6-upper-problem-solving,short-answer,Core,1,pep-primary-p6-upper-percent-position-data,pep-primary-p6-upper-paper-challenge-problem-solving
P6,upper,期末综合,p6-upper-integrated-review,fill-in,Core,1,pep-primary-p6-upper-percent-position-data,pep-primary-p6-upper-paper-integrated-midterm-final
P6,upper,期末综合,p6-upper-integrated-review,short-answer,Core,9,pep-primary-p6-upper-percent-position-data,pep-primary-p6-upper-paper-integrated-midterm-final
P6,upper,期末综合,p6-upper-integrated-review,short-answer,Challenge,6,pep-primary-p6-upper-percent-position-data,pep-primary-p6-upper-paper-integrated-midterm-final
P6,upper,百分数应用,percent,fill-in,Core,2,pep-primary-p6-upper-percent-position-data,pep-primary-p6-upper-paper-percent-data
P6,upper,百分数应用,percent,multiple-choice,Challenge,2,pep-primary-p6-upper-percent-position-data,pep-primary-p6-upper-paper-percent-data
P6,upper,百分数应用,percent,multiple-choice,Core,13,pep-primary-p6-upper-percent-position-data,pep-primary-p6-upper-paper-percent-data
