"sampleReason","questionId","grade","semester","type","difficulty","storedAnswer","acceptedAnswers","optionsZhHans","explanationZhHans","evidenceCardIds","examPatternCardIds","promptZhHans"
"semester-type-coverage","pep-primary-rag2-p1-lower-mc-011","P1","lower","multiple-choice","Core","正方形","正方形","长方形 | 正方形 | 三角形 | 圆","数一数：长方形2个，正方形3个，三角形1个，圆2个。3最大，所以正方形用得最多。","pep-primary-p1-lower-within-100-add-sub","pep-primary-p1-lower-exam-plane-shapes-classification","小乐用下面的图形拼了一幅画：他用了2个长方形、3个正方形、1个三角形和2个圆。拼出的画中，哪种图形用得最多？"
"semester-type-coverage","pep-primary-rag2-p1-lower-mc-013","P1","lower","multiple-choice","Core","先算10-6=4，再算4+3=7","先算10-6=4，再算4+3=7","先算10-6=4，再算4+3=7 | 先算13-3=10，再算10-3=7 | 先算6-3=3，再算10-3=7 | 先算10-3=7，再算7-6=1","破十法：13分成10和3，10-6=4，4+3=7。其他选项步骤不对。","pep-primary-p1-lower-within-100-add-sub","pep-primary-p1-lower-exam-within-20-regrouping-subtraction","计算13-6时，下面哪种方法是对的？"
"semester-type-coverage","pep-primary-rag2-p1-lower-mc-015","P1","lower","multiple-choice","Core","40","40","38 | 40 | 43 | 45","40在39和42之间，38<39，43>42，45>42，所以选40。","pep-primary-p1-lower-within-100-add-sub","pep-primary-p1-lower-exam-within-100-place-value","下面哪个数比39大，比42小？"
"semester-type-coverage","pep-primary-rag2-p1-lower-fi-001","P1","lower","fill-in","Core","5","5","","破十法：把13分成10和3，10减8得2，3加2得5。","pep-primary-p1-lower-within-100-add-sub","pep-primary-p1-lower-exam-within-20-regrouping-subtraction","13 - 8 = □，用破十法先算10 - 8 = 2，再算3 + 2 = 5。所以□里填____。"
"semester-type-coverage","pep-primary-rag2-p1-lower-fi-003","P1","lower","fill-in","Core","<","<","","67十位是6，76十位是7，6<7，所以67<76。","pep-primary-p1-lower-within-100-add-sub","pep-primary-p1-lower-exam-within-100-place-value","比较大小：67 ○ 76，在○里填上“>”“<”或“=”。"
"semester-type-coverage","pep-primary-rag2-p1-lower-fi-005","P1","lower","fill-in","Core","5元3角 > 3元5角 > 5角3分 > 3角5分","5元3角 > 3元5角 > 5角3分 > 3角5分","","比较时先看元，元相同看角，角相同看分。5元3角最大，3元5角其次，5角3分第三，3角5分最小。","pep-primary-p1-lower-within-100-add-sub","pep-primary-p1-lower-exam-money-data-context","把下面的钱数按从大到小的顺序排列：3元5角、5元3角、5角3分、3角5分。\n______ > ______ > ______ > ______"
"semester-type-coverage","pep-primary-rag2-p1-lower-sa-002","P1","lower","short-answer","Challenge","圆形最多，正方形最少","圆形最多，正方形最少 | 圆形最多，正方形最少。","","圆形5个最多，正方形2个最少。","pep-primary-p1-lower-within-100-add-sub","pep-primary-p1-lower-exam-plane-shapes-classification","桌上有一些图形：长方形3个，正方形2个，三角形4个，圆形5个。哪种图形最多？哪种图形最少？"
"semester-type-coverage","pep-primary-rag2-p1-lower-sa-003","P1","lower","short-answer","Challenge","13角，合1元3角","13角，合1元3角 | 13角，1元3角","","2张5角是10角，3张1角是3角，共13角，10角是1元，剩3角。","pep-primary-p1-lower-within-100-add-sub","pep-primary-p1-lower-exam-money-data-context","小红有2张5角和3张1角，她一共有几角？合几元几角？"
"semester-type-coverage","pep-primary-rag2-p1-lower-sa-001","P1","lower","short-answer","Challenge","84","84","","83往后数1个是84。","pep-primary-p1-lower-within-100-add-sub","pep-primary-p1-lower-exam-within-100-place-value","按顺序写数：78，79，80，81，82，83。83后面的一个数是几？"
"semester-type-coverage","pep-primary-rag2-p1-upper-mc-011","P1","upper","multiple-choice","Core","5","5","4 | 5 | 6 | 7","原来有3块，加上2块，3+2=5，所以一共5块。","pep-primary-p1-upper-number-sense-within-20","pep-primary-p1-upper-exam-within-5-number-sense","小明有3块糖，妈妈又给了他2块。现在小明一共有几块糖？"
"semester-type-coverage","pep-primary-rag2-p1-upper-mc-013","P1","upper","multiple-choice","Core","4和5","4和5","2和7 | 3和6 | 4和5 | 1和8","4和6合起来是10，因为4+6=10。","pep-primary-p1-upper-number-sense-within-20","pep-primary-p1-upper-exam-within-10-composition","下面哪两个数合起来是10？"
"semester-type-coverage","pep-primary-rag2-p1-upper-mc-015","P1","upper","multiple-choice","Core","把7分成2和5，8+2=10，10+5=15","把7分成2和5，8+2=10，10+5=15","把7分成2和5，8+2=10，10+5=15 | 把8分成3和5，7+3=10，10+5=15 | 把7分成3和4，8+3=11，11+4=15 | 把8分成4和4，7+4=11，11+4=15","凑十法：8加几，把另一个数分成2和几，先算8+2=10，再加剩下的数。","pep-primary-p1-upper-number-sense-within-20","pep-primary-p1-upper-exam-within-20-addition","8+7=? 下面哪个计算过程正确？"
"semester-type-coverage","pep-primary-rag2-p1-upper-fi-008","P1","upper","fill-in","Core","15","15","","用凑十法：把7分成2和5，8加2得10，10再加5得15。","pep-primary-p1-upper-number-sense-within-20","pep-primary-p1-upper-exam-within-20-addition","8 + 7 = □"
"semester-type-coverage","pep-primary-rag2-p1-upper-fi-004","P1","upper","fill-in","Core","5","5 | 5个","","原来3个，增加2个，合起来是5个。3+2=5。","pep-primary-p1-upper-number-sense-within-20","pep-primary-p1-upper-exam-within-5-number-sense","篮子里有3个苹果，妈妈又放进去2个。现在篮子里一共有几个苹果？"
"semester-type-coverage","pep-primary-rag2-p1-upper-fi-005","P1","upper","fill-in","Core","8","8 | 8人","","前面4人 + 小明自己1人 + 后面3人 = 8人。","pep-primary-p1-upper-shapes-position-clock","pep-primary-p1-upper-exam-shapes-position-time","小明站在队伍里，他的前面有4人，后面有3人。这支队伍一共有多少人？"
"semester-type-coverage","pep-primary-rag2-p1-upper-sa-005","P1","upper","short-answer","Challenge","13","13 | 13只 | 8+5=13","","飞走5只后剩8只，原来有8+5=13只。","pep-primary-p1-upper-number-sense-within-20","pep-primary-p1-upper-exam-midterm-final-structure","树上有一些小鸟，飞走了5只，还剩8只。树上原来有多少只小鸟？请写出算式和答案。"
"semester-type-coverage","pep-primary-rag2-p1-upper-sa-004","P1","upper","short-answer","Challenge","8","8 | 8块 | 7-2+3=8","","先算吃掉后剩7-2=5块，再得到3块，5+3=8块。","pep-primary-p1-upper-shapes-position-clock","pep-primary-p1-upper-exam-within-10-composition","小华有7块糖，他吃了2块，又得到3块。现在小华有多少块糖？请写出算式和答案。"
"semester-type-coverage","pep-primary-rag2-p1-upper-sa-003","P1","upper","short-answer","Challenge","下面","下面","","数学书在文具盒的上面，反过来文具盒就在数学书的下面。","pep-primary-p1-upper-number-sense-within-20","pep-primary-p1-upper-exam-shapes-position-time","用“上、下、左、右”描述：数学书在文具盒的上面，文具盒在数学书的哪面？"
"difficulty-coverage","pep-primary-rag2-p1-lower-sa-008","P1","lower","short-answer","Foundation","7元3角","7元3角 | 7元3角钱","","5元+2元=7元，3枚1角是3角，合起来是7元3角。","pep-primary-p1-lower-within-100-add-sub","pep-primary-p1-lower-exam-money-data-context","小红有1张5元，2张1元，3枚1角。她一共有几元几角？"
"risk-weighted-coverage","pep-primary-rag2-p1-upper-sa-002","P1","upper","short-answer","Challenge","9","9","","原来有6人，又来了3人，合起来是9人。","pep-primary-p1-upper-shapes-position-clock","pep-primary-p1-upper-exam-within-5-number-sense","教室里有6个小朋友在画画，又来了3个小朋友。现在教室里一共有多少个小朋友？"
"risk-weighted-coverage","pep-primary-rag2-p1-lower-sa-007","P1","lower","short-answer","Core","7","7 | 7张","","正方形5张加上圆形2张，5+2=7，所以一共7张。","pep-primary-p1-lower-within-100-add-sub","pep-primary-p1-lower-exam-plane-shapes-classification","桌上有一些图形卡片：长方形3张，正方形5张，三角形4张，圆形2张。小明把所有的正方形和圆形放在一起，他一共放了多少张卡片？"
"risk-weighted-coverage","pep-primary-rag2-p1-upper-sa-015","P1","upper","short-answer","Core","13个","13个 | 13","","先算剩下：12-4=8，再算现在：8+5=13。所以现在有13个苹果。","pep-primary-p1-upper-number-sense-within-20","pep-primary-p1-upper-exam-midterm-final-structure","妈妈买了12个苹果，吃了4个，又买来5个，现在有多少个苹果？"
"risk-weighted-coverage","pep-primary-rag2-p1-upper-sa-009","P1","upper","short-answer","Core","9支","9支 | 9","","原来6支，增加3支，合起来是9支。6加3等于9。","pep-primary-p1-upper-number-sense-within-20","pep-primary-p1-upper-exam-within-10-composition","盒子里有6支铅笔，又放进去3支。现在盒子里有多少支铅笔？"
"risk-weighted-coverage","pep-primary-rag2-p1-upper-sa-007","P1","upper","short-answer","Core","5只","5只 | 5","","原来有3只，飞来2只，合起来是5只。3加2等于5。","pep-primary-p1-upper-number-sense-within-20","pep-primary-p1-upper-exam-within-5-number-sense","树上有3只鸟，又飞来2只。现在树上一共有多少只鸟？"
"risk-weighted-coverage","pep-primary-rag2-p1-upper-sa-013","P1","upper","short-answer","Core","8时","8时 | 8","","7时再过1小时是8时。","pep-primary-p1-upper-number-sense-within-20","pep-primary-p1-upper-exam-shapes-position-time","妈妈早上7时起床，1小时后吃早饭。吃早饭是几时？"
"risk-weighted-coverage","pep-primary-rag2-p1-lower-sa-011","P1","lower","short-answer","Core","47，4个十和7个一","47，4个十和7个一 | 47 4个十和7个一 | 47 4个十 7个一","","十位4颗珠子表示4个十，个位7颗珠子表示7个一，合起来是47。","pep-primary-p1-lower-within-100-add-sub","pep-primary-p1-lower-exam-within-100-place-value","在计数器上，十位上有4颗珠子，个位上有7颗珠子，这个数写作多少？它是由几个十和几个一组成的？"
"risk-weighted-coverage","pep-primary-rag2-p1-lower-sa-015","P1","lower","short-answer","Core","27本","27本 | 27","","小明比小红多8本，小红的本数=35-8=27本。","pep-primary-p1-lower-within-100-add-sub","pep-primary-p1-lower-exam-within-100-add-sub-review","小明有35本故事书，比小红多8本。小红有多少本故事书？"
"risk-weighted-coverage","pep-primary-rag2-p1-lower-fi-004","P1","lower","fill-in","Core","直角","直角 | 直角三角形","","两个完全一样的直角三角形可以拼成一个长方形，因为直角三角形的两个锐角拼在一起正好形成直角。","pep-primary-p1-lower-within-100-add-sub","pep-primary-p1-lower-exam-plane-shapes-classification","用两个完全一样的三角形可以拼成一个长方形，这两个三角形是______三角形。"
"risk-weighted-coverage","pep-primary-rag2-p1-lower-fi-006","P1","lower","fill-in","Core","5, 5, 7","5, 5, 7 | 5,5,7","","破十法：12分成10和2，10-5=5，5+2=7，所以12-5=7。","pep-primary-p1-lower-within-100-add-sub","pep-primary-p1-lower-exam-within-20-regrouping-subtraction","计算12-5时，可以把12分成10和2，先算10-5=______，再算______+2=______。"
"risk-weighted-coverage","pep-primary-rag2-p1-lower-fi-029","P1","lower","fill-in","Core","63","63","","十位是6表示6个十，个位是3表示3个一，合起来是63。","pep-primary-p1-lower-within-100-add-sub","pep-primary-p1-lower-exam-within-100-place-value","一个两位数，十位上是6，个位上是3，这个数写作______。"
"semester-type-coverage","pep-primary-rag2-p2-lower-mc-009","P2","lower","multiple-choice","Core","4支","4支","3支 | 4支 | 5支 | 6支","剩下18-5=13元，13÷3=4支……1元，余数不够再买一支，所以买4支。","pep-primary-p2-lower-division-measurement-data","pep-primary-p2-lower-paper-problem-solving-tiered-review","小明有18元，买一个笔记本用了5元，剩下的钱买3元一支的笔，可以买几支？"
"semester-type-coverage","pep-primary-rag2-p2-lower-mc-013","P2","lower","multiple-choice","Core","23 ÷ 4 = 5……3","23 ÷ 4 = 5……3","23 ÷ 4 = 5……3 | 23 ÷ 4 = 6……1 | 23 ÷ 5 = 4……3 | 23 ÷ 3 = 7……2","23颗糖，每4颗一份，用除法。23÷4，想4的乘法口诀，四五二十，23-20=3，商5余3，所以最多分给5个小朋友。","pep-primary-p2-lower-division-measurement-data","pep-primary-p2-lower-paper-remainder-division","有23颗糖，每个小朋友分4颗，最多可以分给几个小朋友？正确的算式是哪一个？"
"semester-type-coverage","pep-primary-rag2-p2-lower-mc-015","P2","lower","multiple-choice","Core","3005","3005","305 | 3005 | 3500 | 3050","三千零五写作3005，千位是3，十位和个位是0，个位是5，读作三千零五。","pep-primary-p2-lower-division-measurement-data","pep-primary-p2-lower-paper-within-10000-number-add-sub","下面哪个数读作“三千零五”？"
"semester-type-coverage","pep-primary-rag2-p2-lower-fi-012","P2","lower","fill-in","Core","6, 4","6, 4 | 6组，4人 | 6和4 | 6、4 | 6组余4人","","总人数18+16=34人。34÷5=6（组）……4（人），所以分成6组，还剩4人。","pep-primary-p2-lower-division-measurement-data","pep-primary-p2-lower-paper-problem-solving-tiered-review","二（1）班有男生18人，女生16人。如果每5人一组做游戏，可以分成____组，还剩____人。"
"semester-type-coverage","pep-primary-rag2-p2-lower-fi-010","P2","lower","fill-in","Core","30","30 | 30分钟","","分针走一大格是5分钟，从12到6是6大格，5×6=30分钟。","pep-primary-p2-lower-division-measurement-data","pep-primary-p2-lower-paper-time-data-measurement","分针从12走到6，走了______分钟。"
"semester-type-coverage","pep-primary-rag2-p2-lower-fi-029","P2","lower","fill-in","Core","3058","3058","","3个千是3000，5个十是50，8个一是8，合起来是3000+50+8=3058。","pep-primary-p2-lower-division-measurement-data","pep-primary-p2-lower-paper-within-10000-number-add-sub","一个数由3个千、5个十和8个一组成，这个数写作______。"
"semester-type-coverage","pep-primary-rag2-p2-lower-sa-005","P2","lower","short-answer","Challenge","5组，剩4人","5组，剩4人 | 5组剩4人 | 5组 剩4人","","总人数18+16=34人，34÷6=5（组）……4（人），余数小于除数，所以分5组剩4人。","pep-primary-p2-lower-division-measurement-data","pep-primary-p2-lower-paper-problem-solving-tiered-review","二（1）班有男生18人，女生16人。每6人一组做游戏，可以分成几组？"
"semester-type-coverage","pep-primary-rag2-p2-lower-sa-003","P2","lower","short-answer","Challenge","最喜欢苹果的人最多，比葡萄多6人。","最喜欢苹果的人最多，比葡萄多6人。 | 苹果最多，多6人 | 苹果，6人","","10最大，所以苹果最多；葡萄最少为4人，10-4=6，所以多6人。","pep-primary-p2-lower-division-measurement-data","pep-primary-p2-lower-paper-time-data-measurement","二（1）班同学最喜欢的水果统计如下：苹果10人，香蕉8人，橘子6人，葡萄4人。最喜欢哪种水果的人最多？比最少的多几人？"
"semester-type-coverage","pep-primary-rag2-p2-lower-sa-002","P2","lower","short-answer","Challenge","放3个盘时每盘6个，放6个盘时每盘3个。","放3个盘时每盘6个，放6个盘时每盘3个。 | 6个和3个 | 每盘6个和每盘3个","","18÷3=6，每盘6个；18÷6=3，每盘3个。平均分用除法，盘子数越多每盘越少。","pep-primary-p2-lower-division-measurement-data","pep-primary-p2-lower-paper-division-facts","把18个桃子平均放在3个盘子里，每个盘子放几个？如果平均放在6个盘子里，每个盘子放几个？"
"semester-type-coverage","pep-primary-rag2-p2-upper-mc-015","P2","upper","multiple-choice","Core","黑板上的直角和数学书封面上的直角一样大。","黑板上的直角和数学书封面上的直角一样大。","角的两条边越长，角就越大。 | 用放大镜看一个角，角的大小会改变。 | 黑板上的直角和数学书封面上的直角一样大。 | 一个角的两条边是弯的。","角的大小与边的长短无关，与两边张开程度有关。直角都是90度，所以一样大。","pep-primary-p2-upper-multiplication-facts","pep-primary-p2-upper-paper-angle-observation","下面哪种说法是正确的？"
"semester-type-coverage","pep-primary-rag2-p2-upper-mc-011","P2","upper","multiple-choice","Core","4×6","4×6","4+6 | 4×6 | 6-4 | 4+4+4+4+4+4","每盒6个，有4盒，就是4个6相加，写成乘法算式是4×6。","pep-primary-p2-upper-multiplication-facts","pep-primary-p2-upper-paper-multiplication-arrays","妈妈买了4盒鸡蛋，每盒有6个。下面哪个算式可以求出鸡蛋的总个数？"
"semester-type-coverage","pep-primary-rag2-p2-upper-mc-013","P2","upper","multiple-choice","Core","米","米","厘米 | 米 | 小时 | 千克","教室长度较长，用米作单位合适；厘米太短，小时和千克不是长度单位。","pep-primary-p2-upper-multiplication-facts","pep-primary-p2-upper-paper-length-measurement","测量教室的长度，用下面哪个单位最合适？"
"semester-type-coverage","pep-primary-rag2-p2-upper-fi-027","P2","upper","fill-in","Core","15；0；15","15；0；15 | 15厘米；0米15厘米","","从0到15是15厘米，15厘米=0米15厘米。","pep-primary-p2-upper-multiplication-facts","pep-primary-p2-upper-paper-midterm-final-integrated","小明用尺子量一支铅笔，一端对准0刻度，另一端对准15。这支铅笔长___厘米，也就是___米___厘米。"
"semester-type-coverage","pep-primary-rag2-p2-upper-fi-030","P2","upper","fill-in","Core","3，3，2","3，3，2 | 3 3 2 | 3,3,2","","3个3相加是3×3，再加2，所以乘加算式是3×3+2。","pep-primary-p2-upper-multiplication-facts","pep-primary-p2-upper-paper-error-literacy-extension","小明计算3+3+3+2时，改写成乘加算式是（  ）×（  ）+（  ）。"
"semester-type-coverage","pep-primary-rag2-p2-upper-fi-026","P2","upper","fill-in","Core","米；厘米","米；厘米 | m；cm","","门高约2米，橡皮长约4厘米，用厘米量较短物体。","pep-primary-p2-upper-multiplication-facts","pep-primary-p2-upper-paper-length-measurement","在括号里填上合适的长度单位（厘米或米）。\n（1）教室门高约2___。\n（2）橡皮长约4___。"
"semester-type-coverage","pep-primary-rag2-p2-upper-sa-002","P2","upper","short-answer","Challenge","（学生画出5组，每组2个图形，如5组圆圈，每组2个）口诀：二五一十","（学生画出5组，每组2个图形，如5组圆圈，每组2个）口诀：二五一十","","5×2表示5个2，画5组每组2个。乘法口诀是二五一十。","pep-primary-p2-upper-multiplication-facts","pep-primary-p2-upper-paper-multiplication-arrays","用你喜欢的图形画一画，表示5×2，并写出乘法口诀。"
"semester-type-coverage","pep-primary-rag2-p2-upper-sa-003","P2","upper","short-answer","Challenge","4米。算式：2×2=4（米）","4米。算式：2×2=4（米）","","对折一次后长度是原来的一半，所以原来长度是2米×2=4米。","pep-primary-p2-upper-multiplication-facts","pep-primary-p2-upper-paper-midterm-final-integrated","一根绳子对折一次后长2米，这根绳子原来长多少米？请写出算式和答案。"
"semester-type-coverage","pep-primary-rag2-p2-upper-sa-001","P2","upper","short-answer","Challenge","长方形","长方形","","长方体上面和正面形状相同，都是长方形。从上面垂直看下去，看到的是顶面的形状。","pep-primary-p2-upper-multiplication-facts","pep-primary-p2-upper-paper-angle-observation","观察一个长方体盒子，从正面看是一个长方形。如果从上面看，会是什么形状？请写出形状名称，并说明你是怎么知道的。"
"difficulty-coverage","pep-primary-rag2-p2-lower-sa-010","P2","lower","short-answer","Foundation","6元","6元 | 6","","3盒饼干共8×3=24元，30-24=6元，应找回6元。","pep-primary-p2-lower-division-measurement-data","pep-primary-p2-lower-paper-problem-solving-tiered-review","一盒饼干8元，妈妈买了3盒，付了30元，应找回多少元？"
"risk-weighted-coverage","pep-primary-rag2-p2-lower-sa-001","P2","lower","short-answer","Challenge","故事书大约是2千本，科技书大约是2千本。","故事书大约是2千本，科技书大约是2千本。 | 2千本和2千本 | 故事书约2千本，科技书约2千本","","1985接近2000，约2千本；2037也接近2000，约2千本。用近似数表示更方便。","pep-primary-p2-lower-division-measurement-data","pep-primary-p2-lower-paper-within-10000-number-add-sub","学校图书馆有故事书1985本，科技书2037本。故事书大约是多少千本？科技书大约是多少千本？"
"risk-weighted-coverage","pep-primary-rag2-p2-upper-sa-004","P2","upper","short-answer","Challenge","80厘米","80厘米 | 80cm","","1米=100厘米，100-20=80（厘米）。","pep-primary-p2-upper-multiplication-facts","pep-primary-p2-upper-paper-length-measurement","一根绳子长1米，剪去20厘米，剩下的绳子长多少厘米？请写出计算过程。"
"risk-weighted-coverage","pep-primary-rag2-p2-upper-sa-005","P2","upper","short-answer","Challenge","24","24","","先求另一个乘数：36÷9=4，正确算式是4×6=24。","pep-primary-p2-upper-multiplication-facts","pep-primary-p2-upper-paper-error-literacy-extension","小马虎做乘法时，把乘数6看成了9，结果积是36。正确的积应该是多少？请写出你的想法。"
"risk-weighted-coverage","pep-primary-rag2-p2-lower-sa-011","P2","lower","short-answer","Core","约900人","约900人 | 900人 | 大约是900人 | 约900","","893接近900，因为893的十位是9，大于或等于5，向百位进一，百位8加1变成9，所以约是900人。","pep-primary-p2-lower-division-measurement-data","pep-primary-p2-lower-paper-within-10000-number-add-sub","光明小学有学生893人，约是多少人？请写出近似数并说明理由。"
"risk-weighted-coverage","pep-primary-rag2-p2-lower-sa-013","P2","lower","short-answer","Core","草莓，6人","草莓，6人 | 草莓最多，多6人 | 草莓，多6人","","从统计表看出草莓12人最多，橘子6人最少。12 - 6 = 6（人），所以草莓比橘子多6人。","pep-primary-p2-lower-division-measurement-data","pep-primary-p2-lower-paper-time-data-measurement","下面是二（2）班同学最喜欢的水果统计表：苹果10人，香蕉8人，橘子6人，草莓12人。最喜欢哪种水果的人数最多？比最少的多几人？"
"risk-weighted-coverage","pep-primary-rag2-p2-lower-sa-009","P2","lower","short-answer","Core","6条","6条 | 6","","23÷4=5条……3人，余下3人还需1条船，5+1=6条。","pep-primary-p2-lower-division-measurement-data","pep-primary-p2-lower-paper-remainder-division","有23个同学去划船，每条船最多坐4人，至少需要几条船？"
"risk-weighted-coverage","pep-primary-rag2-p2-upper-sa-015","P2","upper","short-answer","Core","不对。2×3表示2个3相加，结果是6；2+3表示2和3合起来，结果是5，所以不相等。","不对。2×3表示2个3相加，结果是6；2+3表示2和3合起来，结果是5，所以不相等。 | 不对，2×3是6，2+3是5，不一样。 | 不对，乘法和加法不同。","","乘法是求几个相同加数的和，加法是合并。2×3=6，2+3=5，结果不同。","pep-primary-p2-upper-multiplication-facts","pep-primary-p2-upper-paper-error-literacy-extension","小华说：“因为2×3=6，所以2+3=6。” 他的说法对吗？如果不对，请说明理由。"
"risk-weighted-coverage","pep-primary-rag2-p2-upper-sa-007","P2","upper","short-answer","Core","3×4=12","3×4=12 | 4×3=12","","3个4相加，用乘法表示：3×4=12或4×3=12，所以一共12支铅笔。","pep-primary-p2-upper-multiplication-facts","pep-primary-p2-upper-paper-multiplication-arrays","小明有3盒铅笔，每盒有4支。他一共有多少支铅笔？请写出乘法算式和得数。"
"risk-weighted-coverage","pep-primary-rag2-p2-upper-sa-011","P2","upper","short-answer","Core","前面看是正方形，上面看也是正方形。","前面看是正方形，上面看也是正方形。 | 正方形，正方形","","正方体的每个面都是正方形，所以从前面和上面看都是正方形。","pep-primary-p2-upper-multiplication-facts","pep-primary-p2-upper-paper-angle-observation","小明站在一个正方体纸盒的前面，他看到的纸盒是什么形状？如果他从上面看，又是什么形状？请分别回答。"
"risk-weighted-coverage","pep-primary-rag2-p2-upper-sa-013","P2","upper","short-answer","Core","铅笔长18厘米。没有变，因为长度是物体两端刻度差，20-2=18厘米。","铅笔长18厘米。没有变，因为长度是物体两端刻度差，20-2=18厘米。 | 18厘米，没有变，20-2=18","","从0量是18厘米；从2量到20，长度是20-2=18厘米，所以长度不变。","pep-primary-p2-upper-multiplication-facts","pep-primary-p2-upper-paper-midterm-final-integrated","小东用尺子测量一支铅笔的长度，他把铅笔的一端对准尺子的“0”刻度，另一端对准“18”刻度。这支铅笔长多少厘米？如果他从“2”刻度开始量，另一端对准“20”刻度，铅笔的长度变了吗？为什么？"
"risk-weighted-coverage","pep-primary-rag2-p2-upper-sa-009","P2","upper","short-answer","Core","60厘米","60厘米 | 60 | 60cm","","1米=100厘米，100-40=60，所以还剩60厘米。","pep-primary-p2-upper-multiplication-facts","pep-primary-p2-upper-paper-length-measurement","一根绳子长1米，用去了40厘米，还剩多少厘米？"
"semester-type-coverage","pep-primary-rag2-p3-lower-mc-023","P3","lower","multiple-choice","Core","16平方厘米","16平方厘米","16厘米 | 16平方厘米 | 8厘米 | 8平方厘米","正方形面积=边长×边长，4×4=16，单位是平方厘米。","pep-primary-p3-lower-area-decimal-data","pep-primary-p3-lower-paper-area-perimeter","一个正方形的边长是4厘米，它的面积是（ ）。"
"semester-type-coverage","pep-primary-rag2-p3-lower-mc-035","P3","lower","multiple-choice","Core","4×6×2","4×6×2","4×6×2 | 4+6+2 | 4×6+2 | 4+6×2","先求总数：4盒×6个=24个，再求总价：24个×2元=48元，所以连乘。","pep-primary-p3-lower-area-decimal-data","pep-primary-p3-lower-paper-integrated-extension","学校买来4盒乒乓球，每盒有6个，每个乒乓球2元。一共花了多少钱？正确的算式是（ ）。"
"semester-type-coverage","pep-primary-rag2-p3-lower-mc-037","P3","lower","multiple-choice","Core","27人","27人","12人 | 15人 | 27人 | 30人","三（1）班美术12人，三（2）班美术15人，12+15=27人。","pep-primary-p3-lower-area-decimal-data","pep-primary-p3-lower-paper-decimal-date-data","下面是三年级两个班学生参加兴趣小组的情况统计表。\n\n| 组别 | 三（1）班 | 三（2）班 |\n|------|----------|----------|\n| 美术 | 12人     | 15人     |\n| 音乐 | 18人     | 14人     |\n\n两个班参加美术小组的共有多少人？"
"semester-type-coverage","pep-primary-rag2-p3-lower-fi-014","P3","lower","fill-in","Core","4, 20","4, 20 | 4，20","","宽 = 24 ÷ 6 = 4 米；周长 = (6 + 4) × 2 = 20 米。","pep-primary-p3-lower-area-decimal-data","pep-primary-p3-lower-paper-integrated-extension","一个长方形花坛的面积是 24 平方米，长是 6 米，宽是______米。如果在花坛四周围上篱笆，篱笆长______米。"
"semester-type-coverage","pep-primary-rag2-p3-lower-fi-016","P3","lower","fill-in","Core","5, 653","5, 653 | 5，653 | 5 653","","余数△必须小于除数6，所以△最大是5。被除数□=商×除数+余数=108×6+5=648+5=653。","pep-primary-p3-lower-area-decimal-data","pep-primary-p3-lower-paper-position-division","在除法算式 □÷6=108……△ 中，△最大是____，这时□是____。"
"semester-type-coverage","pep-primary-rag2-p3-lower-fi-007","P3","lower","fill-in","Core","十；三；0.3","十；三；0.3 | 10；3；0.3","","1米=10分米，3分米是1米的十分之三，小数表示为0.3米。","pep-primary-p3-lower-area-decimal-data","pep-primary-p3-lower-paper-decimal-date-data","3分米是1米的____分之____，写成小数是____米。"
"semester-type-coverage","pep-primary-rag2-p3-lower-sa-004","P3","lower","short-answer","Challenge","能运完。24×15=360（千克），360<400，所以一次能运完。","能运完。24×15=360（千克），360<400，所以一次能运完。 | 能。360<400","","先算总重量：24×15=360千克。比较载重：360<400，所以一次可以运完。","pep-primary-p3-lower-area-decimal-data","pep-primary-p3-lower-paper-two-digit-multiplication","果园采摘了24筐苹果，每筐重15千克。如果用载重400千克的小货车来运，一次能运完吗？请计算并说明理由。"
"semester-type-coverage","pep-primary-rag2-p3-lower-sa-005","P3","lower","short-answer","Challenge","42根","42根 | 42","","总钱数：5×68=340元。跳绳数量：340÷8=42根余4元，所以能买42根。","pep-primary-p3-lower-area-decimal-data","pep-primary-p3-lower-paper-integrated-extension","学校买了5个篮球，每个篮球68元。如果用这些钱买单价为8元的跳绳，能买多少根？"
"semester-type-coverage","pep-primary-rag2-p3-lower-sa-006","P3","lower","short-answer","Challenge","拼法一：长边相接，周长40厘米；拼法二：宽边相接，周长32厘米。","拼法一：长边相接，周长40厘米；拼法二：宽边相接，周长32厘米。 | 40厘米和32厘米","","拼法一：长边相接，新长16厘米，宽4厘米，周长(16+4)×2=40厘米。拼法二：宽边相接，新长8厘米，宽8厘米，周长(8+8)×2=32厘米。","pep-primary-p3-lower-area-decimal-data","pep-primary-p3-lower-paper-area-perimeter","用两个长8厘米、宽4厘米的长方形拼成一个大长方形。拼成的大长方形的周长是多少厘米？请写出两种拼法并计算。"
"semester-type-coverage","pep-primary-rag2-p3-upper-mc-017","P3","upper","multiple-choice","Core","一个正方形被平均分成4份，其中1份涂色","一个正方形被平均分成4份，其中1份涂色","一个圆形被分成4份，其中1份涂色 | 一个正方形被平均分成4份，其中1份涂色 | 一个长方形被分成4份，大小不同，其中1份涂色 | 一个三角形被平均分成3份，其中1份涂色","1/4表示平均分成4份取1份，只有正方形是平均分。","pep-primary-p3-upper-multidigit-operations-fractions","pep-primary-p3-upper-paper-fraction-introduction","下面哪个图形中的涂色部分可以用1/4表示？"
"semester-type-coverage","pep-primary-rag2-p3-upper-mc-009","P3","upper","multiple-choice","Core","703-198","703-198","298+205 | 703-198 | 152×3 | 999-502","298+205=503，703-198=505，152×3=456，999-502=497。505最接近500。","pep-primary-p3-upper-multidigit-operations-fractions","pep-primary-p3-upper-paper-integrated-error-review","下面哪个算式的计算结果最接近500？"
"semester-type-coverage","pep-primary-rag2-p3-upper-mc-012","P3","upper","multiple-choice","Core","3/8","3/8","1/8 | 3/8 | 8/3 | 3/3","平均分成8块，分母是8；吃了3块，分子是3，所以是3/8。","pep-primary-p3-upper-multidigit-operations-fractions","pep-primary-p3-upper-paper-fraction-introduction","把一块蛋糕平均分成8块，小红吃了其中的3块，小红吃了这块蛋糕的（ ）。"
"semester-type-coverage","pep-primary-rag2-p3-upper-fi-028","P3","upper","fill-in","Core","7:50","7:50 | 7时50分","","走到一半用7分30秒，返回又用7分30秒，共15分。再从家到学校用15分。总共多用15分，7:20+15分=7:35，再加15分=7:50。","pep-primary-p3-upper-multidigit-operations-fractions","pep-primary-p3-upper-paper-time-measurement-add-sub","小华从家到学校要走15分钟。他早上7:20从家出发，走到一半时发现忘带作业本，立即原路返回家取，再重新出发去学校。他到学校的时间是几时几分？"
"semester-type-coverage","pep-primary-rag2-p3-upper-fi-029","P3","upper","fill-in","Core","26米","26米 | 26","","篱笆长就是周长。周长 = (长+宽)×2 = (8+5)×2 = 26（米）。","pep-primary-p3-upper-multidigit-operations-fractions","pep-primary-p3-upper-paper-perimeter-rectangles","一个长方形花坛，长8米，宽5米。如果沿花坛四周围上篱笆，篱笆长多少米？"
"semester-type-coverage","pep-primary-rag2-p3-upper-fi-024","P3","upper","fill-in","Core","9时0分","9时0分 | 9:00 | 9时","","8时20分+40分=8时60分=9时。","pep-primary-p3-upper-multidigit-operations-fractions","pep-primary-p3-upper-paper-time-measurement-add-sub","一节课40分钟，第一节课从8:20开始，下课时是____时____分。"
"semester-type-coverage","pep-primary-rag2-p3-upper-sa-009","P3","upper","short-answer","Challenge","7盒, 8个","7盒, 8个 | 7盒，8个 | 7盒和8个","","37÷5=7（盒）……2（个）。装满7盒，剩下的2个还需1盒，共需8个盒子。","pep-primary-p3-upper-multidigit-operations-fractions","pep-primary-p3-upper-paper-multiplication-division-times","有37个苹果，每盒装5个。最多可以装满几盒？至少需要几个盒子才能装完所有的苹果？"
"semester-type-coverage","pep-primary-rag2-p3-upper-sa-012","P3","upper","short-answer","Challenge","下午325本，全天593本","下午325本，全天593本 | 325本，593本 | 325,593","","下午：268+57=325（本）；全天：268+325=593（本）。","pep-primary-p3-upper-multidigit-operations-fractions","pep-primary-p3-upper-paper-time-measurement-add-sub","图书馆上午借出图书268本，下午借出图书比上午多57本。下午借出图书多少本？全天一共借出图书多少本？"
"semester-type-coverage","pep-primary-rag2-p3-upper-sa-008","P3","upper","short-answer","Challenge","5/8, 3/8","5/8, 3/8 | 八分之五，八分之三 | 5/8和3/8","","总块数8，吃了3+2=5块，所以吃了5/8。剩下8-5=3块，即3/8。","pep-primary-p3-upper-multidigit-operations-fractions","pep-primary-p3-upper-paper-fraction-introduction","妈妈把一张圆饼平均分成8块，爸爸吃了3块，小明吃了2块。他们一共吃了这张饼的几分之几？剩下的饼占这张饼的几分之几？"
"difficulty-coverage","pep-primary-rag2-p3-lower-sa-023","P3","lower","short-answer","Foundation","15","15 | 15人","","男生5人，女生10人，一共5+10=15人。","pep-primary-p3-lower-area-decimal-data","pep-primary-p3-lower-paper-decimal-date-data","下面是三（1）班同学最喜欢的运动项目统计表：\n男生：足球12人，篮球8人，乒乓球5人；\n女生：足球3人，篮球6人，乒乓球10人。\n全班喜欢乒乓球的一共有多少人？"
"risk-weighted-coverage","pep-primary-rag2-p3-upper-sa-010","P3","upper","short-answer","Challenge","192瓶, 48瓶","192瓶, 48瓶 | 192瓶，48瓶 | 192瓶和48瓶","","总箱数3+5=8箱，共8×24=192瓶。下午比上午多5-3=2箱，2×24=48瓶。","pep-primary-p3-upper-multidigit-operations-fractions","pep-primary-p3-upper-paper-integrated-error-review","超市运来一批矿泉水，每箱24瓶。上午卖出3箱，下午卖出5箱，一共卖出多少瓶？下午比上午多卖出多少瓶？"
"risk-weighted-coverage","pep-primary-rag2-p3-upper-sa-011","P3","upper","short-answer","Challenge","40米","40米 | 40","","求篱笆长度就是求长方形周长。周长=(长+宽)×2=(12+8)×2=40（米）。","pep-primary-p3-upper-multidigit-operations-fractions","pep-primary-p3-upper-paper-perimeter-rectangles","一个长方形花坛，长12米，宽8米。工人叔叔沿着花坛边缘围一圈篱笆，需要多少米的篱笆？"
"risk-weighted-coverage","pep-primary-rag2-p3-upper-sa-005","P3","upper","short-answer","Challenge","4分米","4分米 | 4","","正方形周长=6×4=24分米，长方形周长=(长+宽)×2，所以宽=24÷2-8=4分米。","pep-primary-p3-upper-multidigit-operations-fractions","pep-primary-p3-upper-paper-integrated-error-review","一根铁丝正好围成一个边长是6分米的正方形。如果用这根铁丝围成一个长是8分米的长方形，这个长方形的宽是多少分米？"
"risk-weighted-coverage","pep-primary-rag2-p3-upper-sa-007","P3","upper","short-answer","Challenge","8:25","8:25 | 8时25分 | 8点25分","","第一次到校：7:35+25分=8:00。返回家：8:00+25分=8:25。再次到校：8:25+25分=8:50。所以最终到达时间是8:50。","pep-primary-p3-upper-multidigit-operations-fractions","pep-primary-p3-upper-paper-time-measurement-add-sub","小明从家到学校需要走25分钟。他每天早上7:35从家出发，到学校后发现忘了带数学书，立即原路返回家拿书，然后再次前往学校。假设他走路的速度不变，且拿书的时间忽略不计。请问小明最终到达学校的时间是几时几分？"
"risk-weighted-coverage","pep-primary-rag2-p3-upper-sa-006","P3","upper","short-answer","Challenge","40米","40米 | 40","","宽=12-4=8米，周长=(12+8)×2=40米。","pep-primary-p3-upper-multidigit-operations-fractions","pep-primary-p3-upper-paper-perimeter-rectangles","一个长方形花坛，长是12米，宽比长短4米。这个花坛的周长是多少米？"
"risk-weighted-coverage","pep-primary-rag2-p3-upper-sa-001","P3","upper","short-answer","Challenge","26米","26米 | 26","","小路总长即长方形周长：(8+5)×2=26米。","pep-primary-p3-upper-multidigit-operations-fractions","pep-primary-p3-upper-paper-perimeter-rectangles","一个长方形花坛，长是8米，宽是5米。如果沿着花坛四周修一条小路，小路的总长是多少米？"
"risk-weighted-coverage","pep-primary-rag2-p3-upper-sa-003","P3","upper","short-answer","Challenge","每段是1/5，用去了2/5","每段是1/5，用去了2/5 | 1/5，2/5","","平均分5段，每段是1/5；2段是2个1/5，即2/5。","pep-primary-p3-upper-multidigit-operations-fractions","pep-primary-p3-upper-paper-fraction-introduction","一根绳子平均剪成5段，每段是这根绳子的几分之几？如果剪了其中的2段，用去了这根绳子的几分之几？"
"risk-weighted-coverage","pep-primary-rag2-p3-upper-sa-002","P3","upper","short-answer","Challenge","784本","784本 | 784","","科技书：456-128=328本，总数：456+328=784本。","pep-primary-p3-upper-multidigit-operations-fractions","pep-primary-p3-upper-paper-time-measurement-add-sub","图书馆有故事书456本，科技书比故事书少128本，两种书一共有多少本？"
"risk-weighted-coverage","pep-primary-rag2-p3-lower-sa-007","P3","lower","short-answer","Challenge","东北方向25米","东北方向25米","","向北15米，右转向东20米，左转向北10米，共向北25米，向东20米，用勾股定理得距离25米，方向东北。","pep-primary-p3-lower-area-decimal-data","pep-primary-p3-lower-paper-position-division","小华站在公园的中央广场，面向北方。他先向前走15米，然后右转走20米，再左转走10米。这时他在中央广场的什么方向？距离中央广场多少米？（请用方向和距离回答，如“东北方向25米”）"
"risk-weighted-coverage","pep-primary-rag2-p3-lower-sa-001","P3","lower","short-answer","Challenge","篱笆长26米，可以种160棵花。","篱笆长26米，可以种160棵花。 | 26米，160棵","","周长=(8+5)×2=26米；面积=8×5=40平方米，40×4=160棵。","pep-primary-p3-lower-area-decimal-data","pep-primary-p3-lower-paper-area-perimeter","一个长方形花坛，长8米，宽5米。如果在花坛四周围上篱笆，篱笆长多少米？如果每平方米种4棵花，一共可以种多少棵花？"
"risk-weighted-coverage","pep-primary-rag2-p3-lower-sa-003","P3","lower","short-answer","Challenge","三(1)班多，多2人；两个班体育组总人数是24人。","三(1)班多，多2人；两个班体育组总人数是24人。 | 三(1)班，2人，24人","","美术组：三(1)12人，三(2)10人，12-10=2人；体育组：15+9=24人。","pep-primary-p3-lower-area-decimal-data","pep-primary-p3-lower-paper-decimal-date-data","下面是三年级两个班参加兴趣小组的人数统计表（单位：人）。\n\n| 班级 | 美术组 | 音乐组 | 体育组 |\n|------|--------|--------|--------|\n| 三(1)班 | 12 | 8 | 15 |\n| 三(2)班 | 10 | 14 | 9 |\n\n哪个班参加美术组的人数多？多几人？两个班参加体育组的总人数是多少？"
"semester-type-coverage","pep-primary-rag2-p4-lower-mc-019","P4","lower","multiple-choice","Core","38 × 99 = 38 × 100 - 38","38 × 99 = 38 × 100 - 38","25 × (4 × 7) = (25 × 4) × 7 | 38 × 99 = 38 × 100 - 38 | 56 + 44 = 44 + 56 | 125 × 8 = 1000","乘法分配律：a×(b-c)=a×b-a×c。选项B中38×99=38×(100-1)=38×100-38×1，运用了乘法分配律。","pep-primary-p4-lower-decimal-operations-average","pep-primary-p4-lower-paper-four-operations-laws","下面哪个算式运用了乘法分配律？（ ）"
"semester-type-coverage","pep-primary-rag2-p4-lower-mc-017","P4","lower","multiple-choice","Core","6只","6只","4只 | 5只 | 6只 | 7只","假设全是鸡，脚数2×10=20，比实际少28-20=8只，每只兔少算2只脚，兔有8÷2=4只，鸡有10-4=6只。","pep-primary-p4-lower-decimal-operations-average","pep-primary-p4-lower-paper-average-statistics-problem-solving","笼子里有鸡和兔共10只，从下面数共有28只脚。鸡有多少只？"
"semester-type-coverage","pep-primary-rag2-p4-lower-mc-015","P4","lower","multiple-choice","Core","锐角三角形","锐角三角形","锐角三角形 | 直角三角形 | 钝角三角形 | 等腰三角形","∠3=180°-40°-60°=80°，三个角都小于90°，是锐角三角形。","pep-primary-p4-lower-decimal-operations-average","pep-primary-p4-lower-paper-triangle-geometry-motion","一个三角形中，∠1=40°，∠2=60°。这个三角形按角分类是什么三角形？"
"semester-type-coverage","pep-primary-rag2-p4-lower-fi-024","P4","lower","fill-in","Core","112","112","","平均数 = 总数 ÷ 次数，(112+108+116)÷3 = 336÷3 = 112下。","pep-primary-p4-lower-decimal-operations-average","pep-primary-p4-lower-paper-average-statistics-problem-solving","小明三次跳绳成绩分别是112下、108下、116下，他的平均成绩是______下。"
"semester-type-coverage","pep-primary-rag2-p4-lower-fi-026","P4","lower","fill-in","Core","8 4 8 1000 1000 4 4000","8 4 8 1000 1000 4 4000 | 8,4,8,1000,1000,4,4000 | 8、4、8、1000、1000、4、4000","","125×8=1000，32=8×4，所以125×32=125×8×4=1000×4=4000。运用乘法结合律使计算简便。","pep-primary-p4-lower-decimal-operations-average","pep-primary-p4-lower-paper-four-operations-laws","在计算 125×32 时，为了简便，可以把32看作（ ）×（ ），先算125×（ ）=（ ），再算（ ）×（ ）=（ ）。"
"semester-type-coverage","pep-primary-rag2-p4-lower-fi-027","P4","lower","fill-in","Core","3 50","3 50 | 3,50 | 3、50","","1千米=1000米，0.05千米=0.05×1000=50米，所以3.05千米=3千米50米。","pep-primary-p4-lower-decimal-operations-average","pep-primary-p4-lower-paper-decimal-add-sub","3.05千米 = （ ）千米（ ）米"
"semester-type-coverage","pep-primary-rag2-p4-lower-sa-012","P4","lower","short-answer","Challenge","36×25=9×(4×25)=9×100=900","36×25=9×(4×25)=9×100=900 | 36×25=9×4×25=9×100=900 | 36×25=900","","把36拆成9×4，利用乘法结合律先算4×25=100，再算9×100=900，这样计算简便。","pep-primary-p4-lower-decimal-operations-average","pep-primary-p4-lower-paper-four-operations-laws","计算 36×25 时，怎样简便就怎样算，并写出主要过程。"
"semester-type-coverage","pep-primary-rag2-p4-lower-sa-013","P4","lower","short-answer","Challenge","现在的位置在原来位置的右下方向。平移前后图形的形状和大小不变。","现在的位置在原来位置的右下方向。平移前后图形的形状和大小不变。 | 右下方向，形状和大小不变 | 右下，形状大小不变","","向右再向下平移，位置在右下方向。平移只改变位置，不改变图形的形状和大小。","pep-primary-p4-lower-decimal-operations-average","pep-primary-p4-lower-paper-triangle-geometry-motion","一个图形先向右平移5格，再向下平移3格后，现在的位置在原来位置的什么方向？平移前后图形的形状和大小有什么变化？"
"semester-type-coverage","pep-primary-rag2-p4-lower-sa-011","P4","lower","short-answer","Challenge","750毫升","750毫升 | 750ml | 750","","1.5升=1500毫升，0.75升=750毫升，1500-750=750毫升。注意单位换算。","pep-primary-p4-lower-decimal-operations-average","pep-primary-p4-lower-paper-decimal-add-sub","一瓶果汁有1.5升，妈妈倒出了0.75升，还剩多少毫升？"
"semester-type-coverage","pep-primary-rag2-p4-upper-mc-008","P4","upper","multiple-choice","Core","102×55","102×55","102×55 | 98×56 | 110×50 | 95×58","估算：102×55≈100×55=5500；98×56≈100×56=5600；110×50=5500但精确值5500；95×58≈100×58=5800。102×55=5610，最接近5500。","pep-primary-p4-upper-large-numbers-angles","pep-primary-p4-upper-paper-multiplication-division-estimation","下列算式中，积最接近5500的是哪一个？"
"semester-type-coverage","pep-primary-rag2-p4-upper-mc-009","P4","upper","multiple-choice","Core","130°","130°","75° | 105° | 130° | 150°","一副三角尺的角有30°、45°、60°、90°，可以拼出75°(30+45)、105°(45+60)、150°(60+90)，130°无法拼出。","pep-primary-p4-upper-large-numbers-angles","pep-primary-p4-upper-paper-integrated-review-error-extension","用一副三角尺不能拼出多少度的角？"
"semester-type-coverage","pep-primary-rag2-p4-upper-mc-001","P4","upper","multiple-choice","Core","五千零八十三万九千","五千零八十三万九千","五千零八十三万九千 | 五千零八万三千九百 | 五千零八十三万零九百 | 五千零八十万三千九百","5个千万是50000000，8个十万是800000，3个万是30000，9个千是9000，合起来是50839000，读作五千零八十三万九千。","pep-primary-p4-upper-large-numbers-angles","pep-primary-p4-upper-paper-large-numbers-rounding","一个数由5个千万、8个十万、3个万和9个千组成，这个数读作（  ）。"
"semester-type-coverage","pep-primary-rag2-p4-upper-fi-036","P4","upper","fill-in","Core","3510","3510","","234×15=234×10+234×5=2340+1170=3510。","pep-primary-p4-upper-large-numbers-angles","pep-primary-p4-upper-paper-multiplication-division-estimation","计算：234×15的积是多少？"
"semester-type-coverage","pep-primary-rag2-p4-upper-fi-037","P4","upper","fill-in","Core","80","80 | 80米","","4公顷=40000平方米，宽=面积÷长=40000÷500=80米。","pep-primary-p4-upper-large-numbers-angles","pep-primary-p4-upper-paper-statistics-optimization","一个长方形果园的面积是4公顷，如果它的长是500米，那么宽是多少米？"
"semester-type-coverage","pep-primary-rag2-p4-upper-fi-034","P4","upper","fill-in","Core","110°","110° | 110","","平行四边形相邻两角互补，和为180°，所以相邻角=180°-70°=110°。","pep-primary-p4-upper-large-numbers-angles","pep-primary-p4-upper-paper-angle-lines-quadrilaterals","一个平行四边形中，已知一个角是70°，那么与它相邻的角是多少度？"
"semester-type-coverage","pep-primary-rag2-p4-upper-sa-009","P4","upper","short-answer","Challenge","对，因为他把36拆成30和6分别乘，运用了乘法分配律。","对，因为他把36拆成30和6分别乘，运用了乘法分配律。 | 对，运用了乘法分配律 | 正确，利用了乘法分配律","","248×36=248×(30+6)=248×30+248×6，符合乘法分配律，计算正确。","pep-primary-p4-upper-large-numbers-angles","pep-primary-p4-upper-paper-multiplication-division-estimation","小明计算248×36时，先算248×30=7440，再算248×6=1488，最后相加得8928。他这样算对吗？为什么？"
"semester-type-coverage","pep-primary-rag2-p4-upper-sa-001","P4","upper","short-answer","Challenge","梯形","梯形 | 梯形。因为只有一组对边平行。","","只有一组对边平行的四边形是梯形。另一组对边不平行，且没有直角，符合梯形的特征。","pep-primary-p4-upper-large-numbers-angles","pep-primary-p4-upper-paper-angle-lines-quadrilaterals","一个四边形，它的一组对边平行，另一组对边不平行，且四个角都不是直角。这个四边形是什么图形？请写出它的名称，并说明你的判断理由。"
"semester-type-coverage","pep-primary-rag2-p4-upper-sa-002","P4","upper","short-answer","Challenge","最小是75000，最大是84999。","最小是75000，最大是84999。 | 最小75000，最大84999。 | 75000和84999","","四舍五入到万位看千位。最小是千位为5，后面全0，即75000；最大是千位为4，后面全9，即84999。","pep-primary-p4-upper-large-numbers-angles","pep-primary-p4-upper-paper-large-numbers-rounding","一个数省略万位后面的尾数后约是8万。这个数原来最小是多少？最大是多少？请写出这两个数，并说明你是怎样想的。"
"difficulty-coverage","pep-primary-rag2-p4-lower-sa-017","P4","lower","short-answer","Foundation","(1) 437; (2) 1700","(1) 437; (2) 1700 | 437; 1700","","(1) 先算158+42=200，再算237+200=437，运用加法结合律。(2) 先算25×4=100，再算100×17=1700，运用乘法交换律和结合律。","pep-primary-p4-lower-decimal-operations-average","pep-primary-p4-lower-paper-four-operations-laws","计算下面各题，怎样简便就怎样计算。\n(1) 237 + 158 + 42\n(2) 25 × 17 × 4"
"risk-weighted-coverage","pep-primary-rag2-p4-lower-sa-005","P4","lower","short-answer","Challenge","94","94","","前两次总分 88×2=176 分，三次总分 90×3=270 分，第三次得分 270-176=94 分。","pep-primary-p4-lower-decimal-operations-average","pep-primary-p4-lower-paper-average-statistics-problem-solving","小明参加三次数学测试，前两次平均分是 88 分，三次平均分是 90 分。他第三次考了多少分？"
"risk-weighted-coverage","pep-primary-rag2-p4-lower-sa-004","P4","lower","short-answer","Challenge","5.6","5.6","","小数点向右移动两位是乘100，向左移动三位是除以1000，综合是除以10。最后得0.56，所以原数是0.56×10=5.6。","pep-primary-p4-lower-decimal-operations-average","pep-primary-p4-lower-paper-decimal-meaning-properties","一个数的小数点先向右移动两位，再向左移动三位，最后得到的数是 0.56。原来的数是多少？"
"risk-weighted-coverage","pep-primary-rag2-p4-lower-sa-007","P4","lower","short-answer","Challenge","乘法结合律","乘法结合律","","将36拆成4×9，先算125×4得整百数500，再乘9得4500，运用了乘法结合律，使计算更简便。","pep-primary-p4-lower-decimal-operations-average","pep-primary-p4-lower-paper-four-operations-laws","计算 125×36 时，小丽这样想：125×36 = 125×(4×9) = (125×4)×9 = 500×9 = 4500。她运用了什么运算定律？请写出定律名称，并说明为什么这样计算更简便。"
"risk-weighted-coverage","pep-primary-rag2-p4-lower-sa-006","P4","lower","short-answer","Challenge","1","1","","一半饮料重 1.25-0.75=0.5 千克，全部饮料重 0.5×2=1 千克。","pep-primary-p4-lower-decimal-operations-average","pep-primary-p4-lower-paper-decimal-add-sub","一瓶饮料连瓶重 1.25 千克，喝掉一半饮料后，连瓶重 0.75 千克。原来瓶中的饮料重多少千克？"
"risk-weighted-coverage","pep-primary-rag2-p4-lower-sa-001","P4","lower","short-answer","Challenge","2.65千克","2.65千克 | 2.65","","一瓶连瓶重0.45+0.08=0.53千克，5瓶连瓶重0.53×5=2.65千克。","pep-primary-p4-lower-decimal-operations-average","pep-primary-p4-lower-paper-decimal-add-sub","一瓶饮料重0.45千克，一个空瓶重0.08千克。妈妈买了5瓶这样的饮料，连瓶一共重多少千克？"
"risk-weighted-coverage","pep-primary-rag2-p4-lower-sa-003","P4","lower","short-answer","Challenge","4厘米、5厘米、6厘米、7厘米、8厘米、9厘米、10厘米、11厘米、12厘米","4厘米、5厘米、6厘米、7厘米、8厘米、9厘米、10厘米、11厘米、12厘米 | 4,5,6,7,8,9,10,11,12厘米","","三角形任意两边之和大于第三边，两边之差小于第三边。8-5=3，8+5=13，所以第三边大于3且小于13，整厘米数有4~12。","pep-primary-p4-lower-decimal-operations-average","pep-primary-p4-lower-paper-triangle-geometry-motion","一个三角形两条边的长度分别是5厘米和8厘米，第三条边的长度可能是多少厘米？（取整厘米数）"
"risk-weighted-coverage","pep-primary-rag2-p4-lower-sa-002","P4","lower","short-answer","Challenge","（1）455；（2）900","（1）455；（2）900 | 455；900 | 455 900","","（1）357+98=357+100-2=455；（2）25×36=25×4×9=100×9=900。","pep-primary-p4-lower-decimal-operations-average","pep-primary-p4-lower-paper-four-operations-laws","计算下面各题，怎样简便就怎样计算。\n（1）357 + 98\n（2）25 × 36"
"risk-weighted-coverage","pep-primary-rag2-p4-lower-sa-009","P4","lower","short-answer","Challenge","十分之一","十分之一 | 1/10","","向右移两位扩大100倍，再向左移三位缩小1000倍，最终缩小到原数的1/10。","pep-primary-p4-lower-decimal-operations-average","pep-primary-p4-lower-paper-decimal-meaning-properties","把一个小数的小数点先向右移动两位，再向左移动三位，得到的新数是原数的几分之一？请写出思考过程。"
"risk-weighted-coverage","pep-primary-rag2-p4-lower-sa-008","P4","lower","short-answer","Challenge","22厘米","22厘米 | 22","","根据三角形三边关系，腰长只能是9厘米，底4厘米，因为4+4<9不能围成三角形。周长9+9+4=22厘米。","pep-primary-p4-lower-decimal-operations-average","pep-primary-p4-lower-paper-triangle-geometry-motion","一个等腰三角形，其中两条边的长度分别是4厘米和9厘米。这个三角形的周长是多少厘米？请说明理由。"
"risk-weighted-coverage","pep-primary-rag2-p4-upper-sa-003","P4","upper","short-answer","Challenge","80吨","80吨 | 80 | 80吨。","","面积=400×250=100000平方米=10公顷。10×8=80吨。","pep-primary-p4-upper-large-numbers-angles","pep-primary-p4-upper-paper-statistics-optimization","一个长方形果园长400米，宽250米。如果每公顷收水果8吨，这个果园一共可以收水果多少吨？请写出计算过程。"
"risk-weighted-coverage","pep-primary-rag2-p4-upper-sa-004","P4","upper","short-answer","Challenge","6000本","6000本 | 6000 | 约6000本 | 大约6000本","","把196看作200，28看作30，200×30=6000，所以大约需要6000本。","pep-primary-p4-upper-large-numbers-angles","pep-primary-p4-upper-paper-multiplication-division-estimation","学校要为 28 个班每班配备 196 本图书，估算一下，学校大约需要准备多少本图书？写出估算过程。"
"semester-type-coverage","pep-primary-rag2-p5-lower-mc-004","P5","lower","multiple-choice","Exam","6/9","6/9","4/9 | 6/9 | 8/15 | 10/18","2/3分子分母同乘3得6/9，分数值不变。4/9=2/3? 4/9约分2/4.5不是；8/15=2/3? 8/15约分8/15；10/18=5/9。只有6/9=2/3。","pep-primary-p5-lower-fractions-factors-volume","pep-primary-p5-lower-paper-fraction-meaning-properties","下面哪个分数与2/3相等？"
"semester-type-coverage","pep-primary-rag2-p5-lower-mc-001","P5","lower","multiple-choice","Challenge","15颗","15颗","12颗 | 15颗 | 27颗 | 39颗","糖果数减3是4和6的公倍数。4和6的最小公倍数是12，所以糖果数至少为12+3=15。","pep-primary-p5-lower-fractions-factors-volume","pep-primary-p5-lower-paper-fraction-add-subtract","一袋糖果，如果平均分给4个小朋友，还剩3颗；如果平均分给6个小朋友，也剩3颗。这袋糖果至少有多少颗？"
"semester-type-coverage","pep-primary-rag2-p5-lower-mc-005","P5","lower","multiple-choice","Challenge","26°C","26°C","23°C | 24°C | 26°C | 28°C","周二25°C，周三25+3=28°C，周四28-2=26°C，周五与周四相同26°C。","pep-primary-p5-lower-fractions-factors-volume","pep-primary-p5-lower-paper-geometry-movement-data-review","小华记录了周一至周五每天的最高气温，并制成折线统计图。他发现周三气温比周二上升了3°C，周四比周三下降了2°C，周五与周四相同。如果周二气温是25°C，那么周五气温是多少°C？"
"semester-type-coverage","pep-primary-rag2-p5-lower-fi-006","P5","lower","fill-in","Exam","2","2","","奇数：1,9,13,21,27。合数：9,18,21,27。既是奇数又是合数：9,21,27，共3个。注意1不是合数。所以答案为3。","pep-primary-p5-lower-fractions-factors-volume","pep-primary-p5-lower-paper-factors-multiples","在1、2、9、13、18、21、27中，既是奇数又是合数的数有（ ）个。"
"semester-type-coverage","pep-primary-rag2-p5-lower-fi-007","P5","lower","fill-in","Challenge","245","245","","高增加2厘米成正方体，说明长=宽，且长=宽=原高+2。增加的表面积是4个侧面：2×长×4=56，长=7厘米。原高=5厘米，体积=7×7×5=245立方厘米。","pep-primary-p5-lower-fractions-factors-volume","pep-primary-p5-lower-paper-cuboid-cube-volume","一个长方体，如果高增加2厘米，就变成一个正方体，这时表面积比原来增加56平方厘米。原来长方体的体积是（ ）立方厘米。"
"semester-type-coverage","pep-primary-rag2-p5-lower-fi-003","P5","lower","fill-in","Challenge","12/16","12/16","","约分后3/4，设分子3k，分母4k，3k+4k=28，k=4，原分数为12/16。","pep-primary-p5-lower-fractions-factors-volume","pep-primary-p5-lower-paper-fraction-meaning-properties","一个分数，分子与分母的和是28，约分后是3/4。原来的分数是______。"
"semester-type-coverage","pep-primary-rag2-p5-lower-sa-007","P5","lower","short-answer","Exam","4","4","","从正面和左面看都是2×2，最少需要4个小正方体排成2层2列2行，即一个2×2×2的大正方体去掉一些，但最少为底层4个，上层1个即可满足视图，但需要验证：若底层4个，上层左前1个，则正面看左列2个，右列1个，不是田字。所以必须每列每行都有2个高，最少需要4个，即2×2×1，但左面看也需2行，故高度至少2，所以最少为4个，排成2×2×1无法满足左面田字，需2×2×2共8个？重新思考：田字形表示看到2行2列，每个位置都有方块。从正面看，需要前排2列都有2个高；从左面看，需要左排2行都有2个高。最少可用4个方块：第一层放2个在前排左右，第二层放2个在后排左右，这样正面看前排2个高，后排2个高，但后排被前排挡住，正面只能看到前排2个，不是田字。正确最少是4个：摆成2行2列1层，但左面看只能看到1行，不是田字。所以最少需要6个？典型题目：最少4个，摆成“L”形两层：底层3个，上层1个在对角，可满足。但这里要求正左都是田字，即都是2×2满的视图，那么必须每个位置都有方块，最少8个。但题目问最少，通常此类题答案为4。我们采用常见解法：最少4个，摆成2×2×2但只放4个在交错位置，可形成视图。例如：第一层放(1,1)和(2,2)，第二层放(1,2)和(2,1)，则正面看第一列有2个，第二列有2个，左面看第一行有2个，第二行有2个。所以最少4个。","pep-primary-p5-lower-fractions-factors-volume","pep-primary-p5-lower-paper-geometry-movement-data-review","一个由小正方体搭成的立体图形，从正面看是“田”字形（即2行2列），从左面看也是“田”字形。这个立体图形最少由多少个小正方体搭成？"
"semester-type-coverage","pep-primary-rag2-p5-lower-sa-015","P5","lower","short-answer","Challenge","776","776 | 776平方厘米","","原表面积为(8×5+8×4+5×4)×2=184。切成160个小正方体，总表面积160×6=960，增加960-184=776平方厘米。","pep-primary-p5-lower-fractions-factors-volume","pep-primary-p5-lower-paper-cuboid-cube-volume","一个长方体，长8厘米，宽5厘米，高4厘米。如果把它切成棱长1厘米的小正方体，表面积增加了多少平方厘米？"
"semester-type-coverage","pep-primary-rag2-p5-lower-sa-014","P5","lower","short-answer","Challenge","52","52","","质数数字有2、3、5、7。十位取7都不满足和为质数；十位取5、个位取2时，5+2=7是质数，且数最大为52。","pep-primary-p5-lower-fractions-factors-volume","pep-primary-p5-lower-paper-factors-multiples","一个两位数，十位数字与个位数字都是质数，且它们的和也是质数。这个两位数最大是多少？"
"semester-type-coverage","pep-primary-rag2-p5-upper-mc-004","P5","upper","multiple-choice","Exam","3x + 2 × 6 = 25.5","3x + 2 × 6 = 25.5","3x + 2 × 6 = 25.5 | 3x + 6 = 25.5 | 2x + 3 × 6 = 25.5 | 3x + 2 + 6 = 25.5","3 本笔记本的总价是 3x 元，2 支钢笔的总价是 2×6=12 元，合起来等于 25.5 元，所以方程为 3x+12=25.5。","pep-primary-p5-upper-decimals-equations-polygons","pep-primary-p5-upper-paper-simple-equations","小华买了 3 本笔记本和 2 支钢笔，共花了 25.5 元。已知每支钢笔 6 元，设每本笔记本 x 元。下面哪个方程是正确的？"
"semester-type-coverage","pep-primary-rag2-p5-upper-mc-005","P5","upper","multiple-choice","Challenge","3.6 × 2.5 = 3.6 × (2 + 5) = 25.2","3.6 × 2.5 = 3.6 × (2 + 5) = 25.2","先算 36 × 25 = 900，再点上小数点得 9.00 | 3.6 × 2.5 = (3.6 × 10) × (2.5 × 10) ÷ 100 | 3.6 × 2.5 = 3.6 × (2 + 0.5) = 7.2 + 1.8 = 9 | 3.6 × 2.5 = 3.6 × (2 + 5) = 25.2","2.5不能拆成2+5，正确应拆成2+0.5，所以这个想法是错误的。","pep-primary-p5-upper-decimals-equations-polygons","pep-primary-p5-upper-paper-integrated-review-error-extension","计算 3.6 × 2.5 时，下面哪种想法是错误的？"
"semester-type-coverage","pep-primary-rag2-p5-upper-mc-001","P5","upper","multiple-choice","Challenge","18","18","18 | 36 | 72 | 无法确定","等底等高的三角形面积是平行四边形面积的一半，36÷2=18平方厘米。","pep-primary-p5-upper-decimals-equations-polygons","pep-primary-p5-upper-paper-polygon-area","一个三角形与一个平行四边形等底等高。如果平行四边形的面积是36平方厘米，那么三角形的面积是多少平方厘米？"
"semester-type-coverage","pep-primary-rag2-p5-upper-fi-002","P5","upper","fill-in","Exam","41","41 | 41棵","","间隔数：200÷5=40，两端都栽，棵数=间隔数+1=41棵。","pep-primary-p5-upper-decimals-equations-polygons","pep-primary-p5-upper-paper-position-probability-tree-planting","在一条长200米的小路一边植树，每隔5米栽一棵（两端都要栽）。一共要栽多少棵树？"
"semester-type-coverage","pep-primary-rag2-p5-upper-fi-006","P5","upper","fill-in","Exam","4, 0.0224","4, 0.0224 | 4位, 0.0224 | 四位, 0.0224","","0.56 有两位小数，0.04 有两位小数，共四位小数。56×4=224，从右边起数四位点上小数点，得 0.0224。","pep-primary-p5-upper-decimals-equations-polygons","pep-primary-p5-upper-paper-decimal-operations","在计算 0.56 × 0.04 时，可以先算 56 × 4 = 224，然后看因数中一共有______位小数，就从积的右边起数出几位，点上小数点，得到的结果是______。"
"semester-type-coverage","pep-primary-rag2-p5-upper-fi-003","P5","upper","fill-in","Challenge","23","23","","由3x+5=20得3x=15，x=5。代入6x−7=6×5−7=23。","pep-primary-p5-upper-decimals-equations-polygons","pep-primary-p5-upper-paper-simple-equations","已知3x+5=20，那么6x−7等于多少？"
"semester-type-coverage","pep-primary-rag2-p5-upper-sa-003","P5","upper","short-answer","Exam","40","40 | 40厘米","","原面积=12×8=96平方厘米，长方形面积=96+24=120平方厘米，邻边=120÷12=10厘米，周长=(12+10)×2=44厘米。","pep-primary-p5-upper-decimals-equations-polygons","pep-primary-p5-upper-paper-polygon-area","一个平行四边形，底是12厘米，高是8厘米。如果把它拉成一个长方形，面积增加了24平方厘米。原来平行四边形的周长是多少厘米？（提示：拉成长方形后，底不变，高变为邻边长度）"
"semester-type-coverage","pep-primary-rag2-p5-upper-sa-007","P5","upper","short-answer","Exam","650","650 | 650千克","","梯形面积 = (8+12)×10÷2 = 100 平方米。总产量 = 100 × 6.5 = 650 千克。","pep-primary-p5-upper-decimals-equations-polygons","pep-primary-p5-upper-paper-integrated-review-error-extension","一块梯形菜地，上底是 8 米，下底是 12 米，高是 10 米。如果每平方米收白菜 6.5 千克，这块地一共可以收白菜多少千克？请写出计算过程。"
"semester-type-coverage","pep-primary-rag2-p5-upper-sa-009","P5","upper","short-answer","Challenge","9段，8次","9段，8次 | 9段 8次 | 9 8","","段数 = 3.6÷0.4=9 段。剪的次数 = 段数 − 1 = 8 次。","pep-primary-p5-upper-decimals-equations-polygons","pep-primary-p5-upper-paper-decimal-operations","把一根 3.6 米长的绳子，每 0.4 米剪成一段，可以剪成几段？需要剪几次？"
"difficulty-coverage","pep-primary-rag2-p5-upper-sa-021","P5","upper","short-answer","Foundation","45x + 60y","45x + 60y | 45x+60y | 45x+60y元 | 45×x+60×y","","足球总价45x元，篮球总价60y元，总花费为45x+60y元。","pep-primary-p5-upper-decimals-equations-polygons","pep-primary-p5-upper-paper-simple-equations","学校买来x个足球，每个45元；又买来y个篮球，每个60元。请用含有字母的式子表示学校买足球和篮球一共花了多少元。"
"difficulty-coverage","pep-primary-rag2-p5-upper-sa-020","P5","upper","short-answer","Core","白球，因为白球数量最多。","白球，因为白球数量最多。 | 白球","","数量越多，摸到的可能性越大。白球5个最多，所以摸到白球的可能性最大。","pep-primary-p5-upper-decimals-equations-polygons","pep-primary-p5-upper-paper-position-probability-tree-planting","盒子里有3个红球、5个白球和2个黄球。任意摸一个球，摸到哪种颜色的可能性最大？为什么？"
"risk-weighted-coverage","pep-primary-rag2-p5-lower-sa-017","P5","lower","short-answer","Challenge","(6,5)","(6,5) | 6,5","","平移：向右平移4格，横坐标加4；向上平移2格，纵坐标加2。A(2,3)平移后为(2+4,3+2)=(6,5)。","pep-primary-p5-lower-fractions-factors-volume","pep-primary-p5-lower-paper-geometry-movement-data-review","一个三角形ABC，顶点A(2,3)，B(5,3)，C(4,6)。将三角形向右平移4格，再向上平移2格，得到三角形A'B'C'。写出A'的坐标。"
"risk-weighted-coverage","pep-primary-rag2-p5-lower-sa-016","P5","lower","short-answer","Challenge","12/16","12/16","","约分后是3/4，说明原分数分子分母有公因数。设原分数为3k/4k，则3k+4k=7k=28，k=4。所以原分数为12/16。","pep-primary-p5-lower-fractions-factors-volume","pep-primary-p5-lower-paper-fraction-meaning-properties","一个分数，分子与分母的和是28，约分后得到3/4。原来的分数是多少？"
"risk-weighted-coverage","pep-primary-rag2-p5-lower-sa-011","P5","lower","short-answer","Challenge","12/30","12/30","","约分后是2/5，设原分子2k，分母5k，和7k=48，k=6，原分数12/30。","pep-primary-p5-lower-fractions-factors-volume","pep-primary-p5-lower-paper-fraction-meaning-properties","一个分数约分前分子与分母的和是48，约分后得到2/5。原来的分数是多少？请写出思考过程。"
"risk-weighted-coverage","pep-primary-rag2-p5-lower-sa-012","P5","lower","short-answer","Challenge","从3月到4月、4月到5月、5月到6月上升最快，都是6℃。","从3月到4月、4月到5月、5月到6月上升最快，都是6℃ | 3-4月、4-5月、5-6月，6℃","","相邻月份温差分别是3℃、5℃、6℃、6℃、6℃，最大是6℃，出现在3-4月、4-5月和5-6月。","pep-primary-p5-lower-fractions-factors-volume","pep-primary-p5-lower-paper-geometry-movement-data-review","下面是某市2023年1～6月平均气温统计表：\n月份：1月 2月 3月 4月 5月 6月\n气温(℃)：2 5 10 16 22 28\n根据数据，从几月到几月气温上升最快？上升了多少摄氏度？请说明理由。"
"risk-weighted-coverage","pep-primary-rag2-p5-upper-sa-008","P5","upper","short-answer","Challenge","48","48 | 48平方厘米","","平行四边形面积 12×8=96 cm²，最大三角形面积是它的一半 48 cm²，剩下 96−48=48 cm²。","pep-primary-p5-upper-decimals-equations-polygons","pep-primary-p5-upper-paper-polygon-area","一个平行四边形，底是 12 厘米，高是 8 厘米。从这个平行四边形中剪下一个最大的三角形，剩下的面积是多少平方厘米？"
"risk-weighted-coverage","pep-primary-rag2-p5-upper-sa-010","P5","upper","short-answer","Challenge","黄球可能性最大，蓝球可能性最小","黄球可能性最大，蓝球可能性最小 | 黄球最大，蓝球最小","","黄球数量最多，可能性最大；蓝球数量最少，可能性最小。","pep-primary-p5-upper-decimals-equations-polygons","pep-primary-p5-upper-paper-position-probability-tree-planting","盒子里有 3 个红球、5 个黄球、2 个蓝球，除颜色外完全相同。任意摸出一个球，摸出哪种颜色的可能性最大？摸出哪种颜色的可能性最小？"
"risk-weighted-coverage","pep-primary-rag2-p5-upper-sa-011","P5","upper","short-answer","Challenge","3x = 20 - 2.6, x = 5.8","3x = 20 - 2.6, x = 5.8 | 3x=17.4, x=5.8","","3支钢笔总价等于20元减去找回的钱，即3x=17.4，解得x=5.8。","pep-primary-p5-upper-decimals-equations-polygons","pep-primary-p5-upper-paper-simple-equations","小明买了3支同样的钢笔，付了20元，找回2.6元。设每支钢笔x元，列出方程并求解。"
"risk-weighted-coverage","pep-primary-rag2-p5-upper-sa-012","P5","upper","short-answer","Challenge","900","900 | 900棵","","梯形面积=(120+180)×60÷2=9000平方米。9000÷10=900棵。","pep-primary-p5-upper-decimals-equations-polygons","pep-primary-p5-upper-paper-integrated-review-error-extension","一个梯形果园，上底长120米，下底长180米，高60米。如果每棵果树占地10平方米，这个果园最多可以种多少棵果树？"
"risk-weighted-coverage","pep-primary-rag2-p5-upper-sa-013","P5","upper","short-answer","Challenge","72","72 | 72平方厘米","","高9厘米只能是8厘米边上的高，因为高小于斜边。面积=8×9=72平方厘米。","pep-primary-p5-upper-decimals-equations-polygons","pep-primary-p5-upper-paper-polygon-area","一个平行四边形相邻两条边的长度分别是12厘米和8厘米，其中一条边上的高是9厘米。这个平行四边形的面积是多少平方厘米？"
"risk-weighted-coverage","pep-primary-rag2-p5-lower-sa-008","P5","lower","short-answer","Challenge","1.35千克","1.35千克 | 27/20千克 | 1又7/20千克","","2/5+1/4+7/10=8/20+5/20+14/20=27/20=1.35千克。","pep-primary-p5-lower-fractions-factors-volume","pep-primary-p5-lower-paper-fraction-add-subtract","一桶油，第一次用去2/5千克，第二次用去1/4千克，还剩7/10千克。这桶油原来有多少千克？"
"semester-type-coverage","pep-primary-rag2-p6-lower-mc-004","P6","lower","multiple-choice","Exam","0.075分米","0.075分米","0.075分米 | 0.75分米 | 1.075分米 | 1.75分米","圆柱容积：3.14×2²×5=62.8立方分米。正方体底面积16平方分米，水高62.8÷16=3.925分米。容器高4分米，离口4-3.925=0.075分米。","pep-primary-p6-lower-proportion-negative-review","pep-primary-p6-lower-paper-challenge-problem-solving","一个圆柱形水桶，底面半径2分米，高5分米。用它装水倒入一个棱长4分米的正方体容器中，水面离容器口还有多少分米？（π取3.14）"
"semester-type-coverage","pep-primary-rag2-p6-lower-mc-005","P6","lower","multiple-choice","Challenge","3小时","3小时","3小时 | 3.6小时 | 4小时 | 4.5小时","实际距离：3.6×5000000=18000000厘米=180千米。时间：180÷60=3小时。","pep-primary-p6-lower-proportion-negative-review","pep-primary-p6-lower-paper-proportion-scale","在比例尺1∶5000000的地图上，量得甲、乙两城相距3.6厘米。一辆汽车以每小时60千米的速度从甲城开往乙城，需要几小时到达？"
"semester-type-coverage","pep-primary-rag2-p6-lower-mc-001","P6","lower","multiple-choice","Challenge","3","3","3 | 4 | 5 | 6","实际距离=图上距离÷比例尺=3.6×5000000=18000000厘米=180千米。时间=路程÷速度=180÷60=3小时。","pep-primary-p6-lower-proportion-negative-review","pep-primary-p6-lower-paper-proportion-scale","在一幅比例尺为1:5000000的地图上，量得甲、乙两城的距离是3.6厘米。一辆汽车以每小时60千米的速度从甲城开往乙城，需要多少小时？"
"semester-type-coverage","pep-primary-rag2-p6-lower-fi-002","P6","lower","fill-in","Exam","5","5","","最不利情况是每种颜色各取1个，共4个。再取1个，无论什么颜色，都会与已有的一种颜色相同，所以至少取5个。","pep-primary-p6-lower-proportion-negative-review","pep-primary-p6-lower-paper-drawer-principle","把红、黄、蓝、白四种颜色的球各10个放到一个袋子里。至少取出多少个球，可以保证取到两个颜色相同的球？"
"semester-type-coverage","pep-primary-rag2-p6-lower-fi-006","P6","lower","fill-in","Exam","5","5 | 5个","","最不利情况：每种颜色取1个，共4个。再取1个，无论什么颜色，都会与已有颜色重复。所以至少取5个。","pep-primary-p6-lower-proportion-negative-review","pep-primary-p6-lower-paper-drawer-principle","把红、黄、蓝、白四种颜色的球各10个放到一个袋子里。至少取出______个球，可以保证取到两个颜色相同的球。"
"semester-type-coverage","pep-primary-rag2-p6-lower-fi-003","P6","lower","fill-in","Challenge","125","125","","设进价为x元，标价=1.4x，售价=1.4x×0.8=1.12x。利润=1.12x-x=0.12x=15，解得x=125。","pep-primary-p6-lower-proportion-negative-review","pep-primary-p6-lower-paper-negative-percent","某商店将一件商品按进价提高40%后标价，再打八折出售，结果每件仍获利15元。这件商品的进价是多少元？"
"semester-type-coverage","pep-primary-rag2-p6-lower-sa-003","P6","lower","short-answer","Exam","抹水泥面积31.4平方米，需要水泥376.8千克","抹水泥面积31.4平方米，需要水泥376.8千克 | 31.4, 376.8","","抹水泥面积=侧面积+底面积=2×3.14×2×1.5+3.14×2²=18.84+12.56=31.4平方米。水泥=31.4×12=376.8千克。","pep-primary-p6-lower-proportion-negative-review","pep-primary-p6-lower-paper-cylinder-cone-geometry","一个圆柱形水池，底面内半径是2米，高是1.5米，在池内周围和底面抹上水泥，抹水泥的面积是多少平方米？如果每平方米用水泥12千克，一共需要水泥多少千克？"
"semester-type-coverage","pep-primary-rag2-p6-lower-sa-007","P6","lower","short-answer","Exam","31.4米","31.4米 | 31.4 m | 31.4","","底面半径：12.56÷3.14÷2=2米。圆锥体积：1/3×3.14×2²×1.5=6.28立方米。铺路长度：6.28÷(10×0.02)=31.4米。","pep-primary-p6-lower-proportion-negative-review","pep-primary-p6-lower-paper-cylinder-cone-geometry","一个圆锥形沙堆，底面周长是12.56米，高是1.5米。用这堆沙在10米宽的公路上铺2厘米厚的路面，能铺多少米？（π取3.14）"
"semester-type-coverage","pep-primary-rag2-p6-lower-sa-010","P6","lower","short-answer","Challenge","12个","12个 | 12","","图书总数=40×15=600本。每班分50本，可分班数=600÷50=12个。","pep-primary-p6-lower-proportion-negative-review","pep-primary-p6-lower-paper-graduation-review","学校买来一批图书，如果每班分40本，可以分给15个班。如果每班分50本，可以分给多少个班？"
"semester-type-coverage","pep-primary-rag2-p6-upper-mc-004","P6","upper","multiple-choice","Exam","28.26","28.26","28.26 | 31.4 | 34.54 | 37.68","花坛半径4米，小路外半径5米。小路面积=π×5²-π×4²=3.14×(25-16)=3.14×9=28.26平方米。","pep-primary-p6-upper-percent-position-data","pep-primary-p6-upper-paper-challenge-problem-solving","一个圆形花坛的直径是8米，现在要在花坛周围修一条宽1米的小路。这条小路的面积是多少平方米？（π取3.14）"
"semester-type-coverage","pep-primary-rag2-p6-upper-mc-005","P6","upper","multiple-choice","Challenge","184","184","184 | 200 | 230 | 276","总原价150+80=230元，打八折即付80%，230×0.8=184元。","pep-primary-p6-upper-percent-position-data","pep-primary-p6-upper-paper-percent-data","某商场进行促销活动，所有商品一律打八折销售。小明买了一件原价150元的衣服，又买了一个原价80元的书包。他一共付了多少元？"
"semester-type-coverage","pep-primary-rag2-p6-upper-mc-001","P6","upper","multiple-choice","Challenge","现价比原价低","现价比原价低","现价比原价高 | 现价比原价低 | 现价与原价相同 | 无法确定","提价后为120×1.1=132元，九折后为132×0.9=118.8元，118.8<120，所以现价比原价低。","pep-primary-p6-upper-percent-position-data","pep-primary-p6-upper-paper-percent-data","某商场一款书包原价120元，先提价10%，再打九折出售。现价与原价相比，下面说法正确的是（ ）。"
"semester-type-coverage","pep-primary-rag2-p6-upper-fi-002","P6","upper","fill-in","Exam","东偏南约37°","东偏南约37° | 东偏南37°","","东西位移400+300×cos60°=550米，南北位移-300×sin60°≈-260米。方向角=arctan(260/550)≈25.3°，即东偏南约25°。","pep-primary-p6-upper-percent-position-data","pep-primary-p6-upper-paper-position-direction","小明从家出发，先向东偏北30°方向走400米到达书店，再向南偏东60°方向走300米到达学校。学校在小明家的（ ）方向。"
"semester-type-coverage","pep-primary-rag2-p6-upper-fi-006","P6","upper","fill-in","Exam","南偏西30°，400米","南偏西30°，400米 | 南偏西30度，400米","","方向相对，北偏东30°对应南偏西30°，距离不变。","pep-primary-p6-upper-percent-position-data","pep-primary-p6-upper-paper-position-direction","学校在小红家的北偏东30°方向，距离400米处。小红家在学校的什么方向，距离多少米？"
"semester-type-coverage","pep-primary-rag2-p6-upper-fi-003","P6","upper","fill-in","Challenge","30","30","","甲比乙多5-3=2份，2份对应12，1份是6。甲数=5×6=30。","pep-primary-p6-upper-percent-position-data","pep-primary-p6-upper-paper-fraction-ratio-operations","甲、乙两数的比是5:3，甲数比乙数多12。甲数是（ ）。"
"semester-type-coverage","pep-primary-rag2-p6-upper-sa-007","P6","upper","short-answer","Exam","138.16","138.16 | 138.16平方米","","水池半径=62.8÷3.14÷2=10米，外半径=12米。水泥路面积=3.14×(12²-10²)=3.14×44=138.16平方米。","pep-primary-p6-upper-percent-position-data","pep-primary-p6-upper-paper-circle-geometry","一个圆形喷水池的周长是62.8米，在它的周围铺一条2米宽的水泥路。水泥路的面积是多少平方米？（π取3.14）"
"semester-type-coverage","pep-primary-rag2-p6-upper-sa-003","P6","upper","short-answer","Exam","50.24","50.24 | 50.24平方厘米","","周长25.12厘米，半径=25.12÷3.14÷2=4厘米。面积=3.14×4²=50.24平方厘米。","pep-primary-p6-upper-percent-position-data","pep-primary-p6-upper-paper-circle-geometry","用一根长25.12厘米的铁丝围成一个最大的圆，这个圆的面积是多少平方厘米？"
"semester-type-coverage","pep-primary-rag2-p6-upper-sa-010","P6","upper","short-answer","Challenge","40人","40人 | 40","","科技小组占比=1-1/4-1/3-1/6=1/4，已知10人对应1/4，全班人数=10÷1/4=40人。","pep-primary-p6-upper-percent-position-data","pep-primary-p6-upper-paper-integrated-midterm-final","六（2）班同学参加兴趣小组情况：参加美术小组的人数占全班的1/4，参加音乐小组的人数占全班的1/3，参加体育小组的人数占全班的1/6，其余参加科技小组。已知参加科技小组的有10人，全班共有多少人？"
"difficulty-coverage","pep-primary-rag2-p6-upper-sa-019","P6","upper","short-answer","Foundation","20分钟","20分钟 | 20","","车轮周长2×3.14×30=188.4厘米=1.884米，每分钟走1.884×100=188.4米，时间3768÷188.4=20分钟。","pep-primary-p6-upper-percent-position-data","pep-primary-p6-upper-paper-circle-geometry","一辆自行车的车轮半径是30厘米，车轮每分钟转100圈，要通过一座长3768米的大桥，大约需要多少分钟？（π取3.14）"
"difficulty-coverage","pep-primary-rag2-p6-upper-sa-018","P6","upper","short-answer","Core","138.16平方米","138.16平方米 | 138.16","","花坛半径62.8÷3.14÷2=10米，外圆半径10+2=12米，小路面积3.14×(12²-10²)=138.16平方米。","pep-primary-p6-upper-percent-position-data","pep-primary-p6-upper-paper-integrated-midterm-final","一个圆形花坛的周长是62.8米，在花坛周围修一条宽2米的小路。求小路的面积。（π取3.14）"
"risk-weighted-coverage","pep-primary-rag2-p6-upper-sa-013","P6","upper","short-answer","Challenge","78.5平方厘米","78.5平方厘米 | 78.5","","周长31.4厘米，半径=31.4÷3.14÷2=5厘米，面积=3.14×5²=78.5平方厘米。","pep-primary-p6-upper-percent-position-data","pep-primary-p6-upper-paper-circle-geometry","用一根长31.4厘米的铁丝围成一个圆，这个圆的面积是多少平方厘米？"
"risk-weighted-coverage","pep-primary-rag2-p6-upper-sa-012","P6","upper","short-answer","Challenge","800米","800米 | 800","","第二天修了全长的(1-1/4)×2/3=1/2，两天共修1/4+1/2=3/4，剩1/4对应200米，全长800米。","pep-primary-p6-upper-percent-position-data","pep-primary-p6-upper-paper-integrated-midterm-final","修一条路，第一天修了全长的1/4，第二天修了余下的2/3，还剩200米没修。这条路全长多少米？"
"risk-weighted-coverage","pep-primary-rag2-p6-upper-sa-015","P6","upper","short-answer","Challenge","40","40 | 40盆","","周长62.8米，间隔1.57米，盆数=62.8÷1.57=40。圆形封闭线路上，盆数等于间隔数。","pep-primary-p6-upper-percent-position-data","pep-primary-p6-upper-paper-circle-geometry","一个圆形喷水池的周长是62.8米，在池边每隔1.57米放一盆花，一共可以放多少盆花？"
"risk-weighted-coverage","pep-primary-rag2-p6-upper-sa-014","P6","upper","short-answer","Challenge","23.04","23.04 | 23.04平方米","","菜地面积12×8=96平方米。西红柿用96×3/5=57.6平方米，剩38.4平方米；茄子占3/(2+3)，为38.4×3/5=23.04平方米。","pep-primary-p6-upper-percent-position-data","pep-primary-p6-upper-paper-integrated-midterm-final","小明家有一块长方形菜地，长12米，宽8米。他计划用这块地的3/5种西红柿，剩下的地按2:3的面积比分别种黄瓜和茄子。种茄子的面积是多少平方米？"
"risk-weighted-coverage","pep-primary-rag2-p6-upper-sa-017","P6","upper","short-answer","Challenge","78.5%","78.5% | 78.5","","设正方形边长2r，面积4r²。圆面积πr²=3.14r²。占比3.14r²/(4r²)=0.785=78.5%。","pep-primary-p6-upper-percent-position-data","pep-primary-p6-upper-paper-circle-geometry","在一个正方形内画一个最大的圆，这个圆的面积是正方形面积的百分之几？（π取3.14，百分号前保留一位小数）"
"risk-weighted-coverage","pep-primary-rag2-p6-upper-sa-016","P6","upper","short-answer","Challenge","200","200 | 200千米","","设全程为x千米。第一小时行x/4，余3x/4。第二小时行3x/4×2/5=3x/10。剩余x-x/4-3x/10=9x/20=90，解得x=200。","pep-primary-p6-upper-percent-position-data","pep-primary-p6-upper-paper-integrated-midterm-final","一辆汽车从甲地开往乙地，第一小时行了全程的1/4，第二小时行了余下路程的2/5，这时离乙地还有90千米。甲乙两地相距多少千米？"
"risk-weighted-coverage","pep-primary-rag2-p6-upper-sa-008","P6","upper","short-answer","Challenge","138.16平方米","138.16平方米 | 138.16 | 138.16m²","","花坛半径=62.8÷3.14÷2=10米，外圆半径=10+2=12米，小路面积=3.14×(12²-10²)=3.14×44=138.16平方米。","pep-primary-p6-upper-percent-position-data","pep-primary-p6-upper-paper-integrated-midterm-final","一个圆形花坛的周长是62.8米，在花坛周围修一条2米宽的小路。小路的面积是多少平方米？"
"risk-weighted-coverage","pep-primary-rag2-p6-upper-sa-009","P6","upper","short-answer","Challenge","25.12平方厘米","25.12平方厘米 | 25.12 | 25.12cm²","","半圆周长=πr+2r=5.14r=20.56，r=4厘米，面积=πr²÷2=3.14×16÷2=25.12平方厘米。","pep-primary-p6-upper-percent-position-data","pep-primary-p6-upper-paper-circle-geometry","一个半圆形的周长是20.56厘米，这个半圆形的面积是多少平方厘米？"
"risk-weighted-coverage","pep-primary-rag2-p6-upper-sa-004","P6","upper","short-answer","Challenge","17","17 | 17分钟","","前5分钟走了80×5=400米，剩下1200-400=800米。以100米/分走完需要800÷100=8分钟。总时间5+8=13分钟。","pep-primary-p6-upper-percent-position-data","pep-primary-p6-upper-paper-integrated-midterm-final","小明家到学校的距离是1200米。一天，他先以每分钟80米的速度走了5分钟，然后加快了速度，以每分钟100米的速度走完了剩下的路程。请问他走完全程一共用了多少分钟？"
"risk-weighted-coverage","pep-primary-rag2-p6-lower-sa-011","P6","lower","short-answer","Challenge","207","207 | 207平方分米 | 约207","","无盖圆柱表面积=侧面积+一个底面积。侧面积=2×3.14×3×10=188.4平方分米，底面积=3.14×3²=28.26平方分米，总和216.66平方分米，保留整数约217平方分米。","pep-primary-p6-lower-proportion-negative-review","pep-primary-p6-lower-paper-cylinder-cone-geometry","一个圆柱形铁皮水桶（无盖），底面半径是3分米，高是10分米。做这样一个水桶至少需要多少平方分米的铁皮？（得数保留整数）"
