grade,semester,topicId,unitTitle,type,difficulty,count,evidenceCardIds,assessmentPatternCardIds,paperPatternCardIds
P1,lower,hjb-primary-p1-lower-body-rulers-math-square,身体上的尺子与数学广场,multiple-choice,Foundation,10,hjb-primary-p1-lower-body-rulers-math-square,hjb-primary-p1-lower-assessment-within-20-regrouping|hjb-primary-p1-lower-assessment-within-100-number-sense,
P1,lower,hjb-primary-p1-lower-body-rulers-math-square,身体上的尺子与数学广场,fill-in,Foundation,9,hjb-primary-p1-lower-body-rulers-math-square,hjb-primary-p1-lower-assessment-within-20-regrouping|hjb-primary-p1-lower-assessment-within-100-number-sense,
P1,lower,hjb-primary-p1-lower-length-measurement,长度的比较与测量,fill-in,Foundation,10,hjb-primary-p1-lower-length-measurement,hjb-primary-p1-lower-assessment-length-measurement|hjb-primary-p1-lower-assessment-within-20-regrouping,
P1,lower,hjb-primary-p1-lower-length-measurement,长度的比较与测量,multiple-choice,Core,3,hjb-primary-p1-lower-length-measurement,hjb-primary-p1-lower-assessment-length-measurement|hjb-primary-p1-lower-assessment-within-20-regrouping,
P1,lower,hjb-primary-p1-lower-length-measurement,长度的比较与测量,multiple-choice,Foundation,6,hjb-primary-p1-lower-length-measurement,hjb-primary-p1-lower-assessment-length-measurement|hjb-primary-p1-lower-assessment-within-20-regrouping,
P1,lower,hjb-primary-p1-lower-review,一年级下册整理与复习,fill-in,Foundation,5,hjb-primary-p1-lower-review,hjb-primary-p1-lower-assessment-final-integrated|hjb-primary-p1-lower-assessment-within-20-regrouping,
P1,lower,hjb-primary-p1-lower-review,一年级下册整理与复习,multiple-choice,Foundation,14,hjb-primary-p1-lower-review,hjb-primary-p1-lower-assessment-final-integrated|hjb-primary-p1-lower-assessment-within-20-regrouping,
P1,lower,hjb-primary-p1-lower-time-introduction,时间的初步认识,multiple-choice,Core,8,hjb-primary-p1-lower-time-introduction,hjb-primary-p1-lower-assessment-time-introduction|hjb-primary-p1-lower-assessment-midterm-1-to-4-integrated,
P1,lower,hjb-primary-p1-lower-time-introduction,时间的初步认识,fill-in,Foundation,7,hjb-primary-p1-lower-time-introduction,hjb-primary-p1-lower-assessment-time-introduction|hjb-primary-p1-lower-assessment-midterm-1-to-4-integrated,
P1,lower,hjb-primary-p1-lower-time-introduction,时间的初步认识,short-answer,Core,1,hjb-primary-p1-lower-time-introduction,hjb-primary-p1-lower-assessment-time-introduction|hjb-primary-p1-lower-assessment-midterm-1-to-4-integrated,
P1,lower,hjb-primary-p1-lower-time-introduction,时间的初步认识,multiple-choice,Foundation,1,hjb-primary-p1-lower-time-introduction,hjb-primary-p1-lower-assessment-time-introduction|hjb-primary-p1-lower-assessment-midterm-1-to-4-integrated,
P1,lower,hjb-primary-p1-lower-time-introduction,时间的初步认识,fill-in,Core,1,hjb-primary-p1-lower-time-introduction,hjb-primary-p1-lower-assessment-time-introduction|hjb-primary-p1-lower-assessment-midterm-1-to-4-integrated,
P1,lower,hjb-primary-p1-lower-time-introduction,时间的初步认识,short-answer,Foundation,1,hjb-primary-p1-lower-time-introduction,hjb-primary-p1-lower-assessment-time-introduction|hjb-primary-p1-lower-assessment-midterm-1-to-4-integrated,
P1,lower,hjb-primary-p1-lower-within-100-add-sub,100以内数的加减法（一）,short-answer,Foundation,4,hjb-primary-p1-lower-within-100-add-sub,hjb-primary-p1-lower-assessment-within-100-add-sub|hjb-primary-p1-lower-assessment-midterm-1-to-4-integrated,
P1,lower,hjb-primary-p1-lower-within-100-add-sub,100以内数的加减法（一）,multiple-choice,Core,3,hjb-primary-p1-lower-within-100-add-sub,hjb-primary-p1-lower-assessment-within-100-add-sub|hjb-primary-p1-lower-assessment-midterm-1-to-4-integrated,
P1,lower,hjb-primary-p1-lower-within-100-add-sub,100以内数的加减法（一）,fill-in,Foundation,3,hjb-primary-p1-lower-within-100-add-sub,hjb-primary-p1-lower-assessment-within-100-add-sub|hjb-primary-p1-lower-assessment-midterm-1-to-4-integrated,
P1,lower,hjb-primary-p1-lower-within-100-add-sub,100以内数的加减法（一）,short-answer,Core,3,hjb-primary-p1-lower-within-100-add-sub,hjb-primary-p1-lower-assessment-within-100-add-sub|hjb-primary-p1-lower-assessment-midterm-1-to-4-integrated,
P1,lower,hjb-primary-p1-lower-within-100-add-sub,100以内数的加减法（一）,multiple-choice,Foundation,3,hjb-primary-p1-lower-within-100-add-sub,hjb-primary-p1-lower-assessment-within-100-add-sub|hjb-primary-p1-lower-assessment-midterm-1-to-4-integrated,
P1,lower,hjb-primary-p1-lower-within-100-add-sub,100以内数的加减法（一）,fill-in,Core,3,hjb-primary-p1-lower-within-100-add-sub,hjb-primary-p1-lower-assessment-within-100-add-sub|hjb-primary-p1-lower-assessment-midterm-1-to-4-integrated,
P1,lower,hjb-primary-p1-lower-within-100-number-sense,100以内的数,fill-in,Core,4,hjb-primary-p1-lower-within-100-number-sense,hjb-primary-p1-lower-assessment-within-100-number-sense|hjb-primary-p1-lower-assessment-midterm-1-to-4-integrated,
P1,lower,hjb-primary-p1-lower-within-100-number-sense,100以内的数,short-answer,Foundation,3,hjb-primary-p1-lower-within-100-number-sense,hjb-primary-p1-lower-assessment-within-100-number-sense|hjb-primary-p1-lower-assessment-midterm-1-to-4-integrated,
P1,lower,hjb-primary-p1-lower-within-100-number-sense,100以内的数,multiple-choice,Core,3,hjb-primary-p1-lower-within-100-number-sense,hjb-primary-p1-lower-assessment-within-100-number-sense|hjb-primary-p1-lower-assessment-midterm-1-to-4-integrated,
P1,lower,hjb-primary-p1-lower-within-100-number-sense,100以内的数,fill-in,Foundation,3,hjb-primary-p1-lower-within-100-number-sense,hjb-primary-p1-lower-assessment-within-100-number-sense|hjb-primary-p1-lower-assessment-midterm-1-to-4-integrated,
P1,lower,hjb-primary-p1-lower-within-100-number-sense,100以内的数,short-answer,Core,3,hjb-primary-p1-lower-within-100-number-sense,hjb-primary-p1-lower-assessment-within-100-number-sense|hjb-primary-p1-lower-assessment-midterm-1-to-4-integrated,
P1,lower,hjb-primary-p1-lower-within-100-number-sense,100以内的数,multiple-choice,Foundation,3,hjb-primary-p1-lower-within-100-number-sense,hjb-primary-p1-lower-assessment-within-100-number-sense|hjb-primary-p1-lower-assessment-midterm-1-to-4-integrated,
P1,lower,hjb-primary-p1-lower-within-20-regrouping,20以内数的加减法（二）,multiple-choice,Foundation,4,hjb-primary-p1-lower-within-20-regrouping,hjb-primary-p1-lower-assessment-within-20-regrouping|hjb-primary-p1-lower-assessment-midterm-1-to-4-integrated,
P1,lower,hjb-primary-p1-lower-within-20-regrouping,20以内数的加减法（二）,fill-in,Core,3,hjb-primary-p1-lower-within-20-regrouping,hjb-primary-p1-lower-assessment-within-20-regrouping|hjb-primary-p1-lower-assessment-midterm-1-to-4-integrated,
P1,lower,hjb-primary-p1-lower-within-20-regrouping,20以内数的加减法（二）,short-answer,Foundation,3,hjb-primary-p1-lower-within-20-regrouping,hjb-primary-p1-lower-assessment-within-20-regrouping|hjb-primary-p1-lower-assessment-midterm-1-to-4-integrated,
P1,lower,hjb-primary-p1-lower-within-20-regrouping,20以内数的加减法（二）,multiple-choice,Core,3,hjb-primary-p1-lower-within-20-regrouping,hjb-primary-p1-lower-assessment-within-20-regrouping|hjb-primary-p1-lower-assessment-midterm-1-to-4-integrated,
P1,lower,hjb-primary-p1-lower-within-20-regrouping,20以内数的加减法（二）,fill-in,Foundation,3,hjb-primary-p1-lower-within-20-regrouping,hjb-primary-p1-lower-assessment-within-20-regrouping|hjb-primary-p1-lower-assessment-midterm-1-to-4-integrated,
P1,lower,hjb-primary-p1-lower-within-20-regrouping,20以内数的加减法（二）,short-answer,Core,3,hjb-primary-p1-lower-within-20-regrouping,hjb-primary-p1-lower-assessment-within-20-regrouping|hjb-primary-p1-lower-assessment-midterm-1-to-4-integrated,
P1,upper,hjb-primary-p1-upper-review,一年级上册整理与复习,short-answer,Core,4,hjb-primary-p1-upper-review,hjb-primary-p1-upper-assessment-final-oral-calculation-integrated|hjb-primary-p1-upper-assessment-school-readiness,
P1,upper,hjb-primary-p1-upper-review,一年级上册整理与复习,multiple-choice,Foundation,3,hjb-primary-p1-upper-review,hjb-primary-p1-upper-assessment-final-oral-calculation-integrated|hjb-primary-p1-upper-assessment-school-readiness,
P1,upper,hjb-primary-p1-upper-review,一年级上册整理与复习,fill-in,Core,3,hjb-primary-p1-upper-review,hjb-primary-p1-upper-assessment-final-oral-calculation-integrated|hjb-primary-p1-upper-assessment-school-readiness,
P1,upper,hjb-primary-p1-upper-review,一年级上册整理与复习,short-answer,Foundation,3,hjb-primary-p1-upper-review,hjb-primary-p1-upper-assessment-final-oral-calculation-integrated|hjb-primary-p1-upper-assessment-school-readiness,
P1,upper,hjb-primary-p1-upper-review,一年级上册整理与复习,multiple-choice,Core,3,hjb-primary-p1-upper-review,hjb-primary-p1-upper-assessment-final-oral-calculation-integrated|hjb-primary-p1-upper-assessment-school-readiness,
P1,upper,hjb-primary-p1-upper-review,一年级上册整理与复习,fill-in,Foundation,3,hjb-primary-p1-upper-review,hjb-primary-p1-upper-assessment-final-oral-calculation-integrated|hjb-primary-p1-upper-assessment-school-readiness,
P1,upper,hjb-primary-p1-upper-school-math-habits,我是小学生与数学学习习惯,multiple-choice,Foundation,2,hjb-primary-p1-upper-school-math-habits,hjb-primary-p1-upper-assessment-school-readiness|hjb-primary-p1-upper-assessment-midterm-integrated,
P1,upper,hjb-primary-p1-upper-school-math-habits,我是小学生与数学学习习惯,fill-in,Core,2,hjb-primary-p1-upper-school-math-habits,hjb-primary-p1-upper-assessment-school-readiness|hjb-primary-p1-upper-assessment-midterm-integrated,
P1,upper,hjb-primary-p1-upper-school-math-habits,我是小学生与数学学习习惯,short-answer,Challenge,2,hjb-primary-p1-upper-school-math-habits,hjb-primary-p1-upper-assessment-school-readiness|hjb-primary-p1-upper-assessment-midterm-integrated,
P1,upper,hjb-primary-p1-upper-school-math-habits,我是小学生与数学学习习惯,multiple-choice,Exam,2,hjb-primary-p1-upper-school-math-habits,hjb-primary-p1-upper-assessment-school-readiness|hjb-primary-p1-upper-assessment-midterm-integrated,
P1,upper,hjb-primary-p1-upper-school-math-habits,我是小学生与数学学习习惯,fill-in,Foundation,2,hjb-primary-p1-upper-school-math-habits,hjb-primary-p1-upper-assessment-school-readiness|hjb-primary-p1-upper-assessment-midterm-integrated,
P1,upper,hjb-primary-p1-upper-school-math-habits,我是小学生与数学学习习惯,short-answer,Core,2,hjb-primary-p1-upper-school-math-habits,hjb-primary-p1-upper-assessment-school-readiness|hjb-primary-p1-upper-assessment-midterm-integrated,
P1,upper,hjb-primary-p1-upper-school-math-habits,我是小学生与数学学习习惯,multiple-choice,Challenge,2,hjb-primary-p1-upper-school-math-habits,hjb-primary-p1-upper-assessment-school-readiness|hjb-primary-p1-upper-assessment-midterm-integrated,
P1,upper,hjb-primary-p1-upper-school-math-habits,我是小学生与数学学习习惯,fill-in,Exam,2,hjb-primary-p1-upper-school-math-habits,hjb-primary-p1-upper-assessment-school-readiness|hjb-primary-p1-upper-assessment-midterm-integrated,
P1,upper,hjb-primary-p1-upper-school-math-habits,我是小学生与数学学习习惯,short-answer,Foundation,1,hjb-primary-p1-upper-school-math-habits,hjb-primary-p1-upper-assessment-school-readiness|hjb-primary-p1-upper-assessment-midterm-integrated,
P1,upper,hjb-primary-p1-upper-school-math-habits,我是小学生与数学学习习惯,multiple-choice,Core,1,hjb-primary-p1-upper-school-math-habits,hjb-primary-p1-upper-assessment-school-readiness|hjb-primary-p1-upper-assessment-midterm-integrated,
P1,upper,hjb-primary-p1-upper-school-math-habits,我是小学生与数学学习习惯,fill-in,Challenge,1,hjb-primary-p1-upper-school-math-habits,hjb-primary-p1-upper-assessment-school-readiness|hjb-primary-p1-upper-assessment-midterm-integrated,
P1,upper,hjb-primary-p1-upper-school-math-habits,我是小学生与数学学习习惯,short-answer,Exam,1,hjb-primary-p1-upper-school-math-habits,hjb-primary-p1-upper-assessment-school-readiness|hjb-primary-p1-upper-assessment-midterm-integrated,
P1,upper,hjb-primary-p1-upper-solids-introduction,认识立体图形,short-answer,Foundation,7,hjb-primary-p1-upper-solids-introduction,hjb-primary-p1-upper-assessment-solid-shapes|hjb-primary-p1-upper-assessment-midterm-integrated,
P1,upper,hjb-primary-p1-upper-solids-introduction,认识立体图形,multiple-choice,Core,7,hjb-primary-p1-upper-solids-introduction,hjb-primary-p1-upper-assessment-solid-shapes|hjb-primary-p1-upper-assessment-midterm-integrated,
P1,upper,hjb-primary-p1-upper-solids-introduction,认识立体图形,fill-in,Challenge,6,hjb-primary-p1-upper-solids-introduction,hjb-primary-p1-upper-assessment-solid-shapes|hjb-primary-p1-upper-assessment-midterm-integrated,
P1,upper,hjb-primary-p1-upper-within-10-add-sub,10以内数的加减法,multiple-choice,Core,5,hjb-primary-p1-upper-within-10-add-sub,hjb-primary-p1-upper-assessment-within-10-add-sub|hjb-primary-p1-upper-assessment-within-20-add-sub,
P1,upper,hjb-primary-p1-upper-within-10-add-sub,10以内数的加减法,fill-in,Challenge,2,hjb-primary-p1-upper-within-10-add-sub,hjb-primary-p1-upper-assessment-within-10-add-sub|hjb-primary-p1-upper-assessment-within-20-add-sub,
P1,upper,hjb-primary-p1-upper-within-10-add-sub,10以内数的加减法,short-answer,Foundation,4,hjb-primary-p1-upper-within-10-add-sub,hjb-primary-p1-upper-assessment-within-10-add-sub|hjb-primary-p1-upper-assessment-within-20-add-sub,
P1,upper,hjb-primary-p1-upper-within-10-add-sub,10以内数的加减法,fill-in,Foundation,2,hjb-primary-p1-upper-within-10-add-sub,hjb-primary-p1-upper-assessment-within-10-add-sub|hjb-primary-p1-upper-assessment-within-20-add-sub,
P1,upper,hjb-primary-p1-upper-within-10-add-sub,10以内数的加减法,short-answer,Core,2,hjb-primary-p1-upper-within-10-add-sub,hjb-primary-p1-upper-assessment-within-10-add-sub|hjb-primary-p1-upper-assessment-within-20-add-sub,
P1,upper,hjb-primary-p1-upper-within-10-add-sub,10以内数的加减法,multiple-choice,Foundation,2,hjb-primary-p1-upper-within-10-add-sub,hjb-primary-p1-upper-assessment-within-10-add-sub|hjb-primary-p1-upper-assessment-within-20-add-sub,
P1,upper,hjb-primary-p1-upper-within-10-add-sub,10以内数的加减法,fill-in,Core,2,hjb-primary-p1-upper-within-10-add-sub,hjb-primary-p1-upper-assessment-within-10-add-sub|hjb-primary-p1-upper-assessment-within-20-add-sub,
P1,upper,hjb-primary-p1-upper-within-10-number-sense,10以内数的认识,fill-in,Challenge,7,hjb-primary-p1-upper-within-10-number-sense,hjb-primary-p1-upper-assessment-within-10-number-sense|hjb-primary-p1-upper-assessment-midterm-integrated,
P1,upper,hjb-primary-p1-upper-within-10-number-sense,10以内数的认识,short-answer,Foundation,7,hjb-primary-p1-upper-within-10-number-sense,hjb-primary-p1-upper-assessment-within-10-number-sense|hjb-primary-p1-upper-assessment-midterm-integrated,
P1,upper,hjb-primary-p1-upper-within-10-number-sense,10以内数的认识,multiple-choice,Core,6,hjb-primary-p1-upper-within-10-number-sense,hjb-primary-p1-upper-assessment-within-10-number-sense|hjb-primary-p1-upper-assessment-midterm-integrated,
P1,upper,hjb-primary-p1-upper-within-20-number-add-sub,20以内的数与不进位不退位加减,fill-in,Foundation,4,hjb-primary-p1-upper-within-20-number-add-sub,hjb-primary-p1-upper-assessment-within-20-number-sense|hjb-primary-p1-upper-assessment-within-20-add-sub,
P1,upper,hjb-primary-p1-upper-within-20-number-add-sub,20以内的数与不进位不退位加减,short-answer,Core,3,hjb-primary-p1-upper-within-20-number-add-sub,hjb-primary-p1-upper-assessment-within-20-number-sense|hjb-primary-p1-upper-assessment-within-20-add-sub,
P1,upper,hjb-primary-p1-upper-within-20-number-add-sub,20以内的数与不进位不退位加减,multiple-choice,Foundation,3,hjb-primary-p1-upper-within-20-number-add-sub,hjb-primary-p1-upper-assessment-within-20-number-sense|hjb-primary-p1-upper-assessment-within-20-add-sub,
P1,upper,hjb-primary-p1-upper-within-20-number-add-sub,20以内的数与不进位不退位加减,fill-in,Core,3,hjb-primary-p1-upper-within-20-number-add-sub,hjb-primary-p1-upper-assessment-within-20-number-sense|hjb-primary-p1-upper-assessment-within-20-add-sub,
P1,upper,hjb-primary-p1-upper-within-20-number-add-sub,20以内的数与不进位不退位加减,short-answer,Foundation,3,hjb-primary-p1-upper-within-20-number-add-sub,hjb-primary-p1-upper-assessment-within-20-number-sense|hjb-primary-p1-upper-assessment-within-20-add-sub,
P1,upper,hjb-primary-p1-upper-within-20-number-add-sub,20以内的数与不进位不退位加减,multiple-choice,Core,3,hjb-primary-p1-upper-within-20-number-add-sub,hjb-primary-p1-upper-assessment-within-20-number-sense|hjb-primary-p1-upper-assessment-within-20-add-sub,
P2,lower,hjb-primary-p2-lower-division-facts,表内除法,multiple-choice,Core,4,hjb-primary-p2-lower-division-facts,hjb-primary-p2-lower-assessment-division-facts|hjb-primary-p2-lower-assessment-midterm-integrated,
P2,lower,hjb-primary-p2-lower-division-facts,表内除法,fill-in,Foundation,4,hjb-primary-p2-lower-division-facts,hjb-primary-p2-lower-assessment-division-facts|hjb-primary-p2-lower-assessment-midterm-integrated,
P2,lower,hjb-primary-p2-lower-division-facts,表内除法,short-answer,Core,4,hjb-primary-p2-lower-division-facts,hjb-primary-p2-lower-assessment-division-facts|hjb-primary-p2-lower-assessment-midterm-integrated,
P2,lower,hjb-primary-p2-lower-division-facts,表内除法,multiple-choice,Foundation,4,hjb-primary-p2-lower-division-facts,hjb-primary-p2-lower-assessment-division-facts|hjb-primary-p2-lower-assessment-midterm-integrated,
P2,lower,hjb-primary-p2-lower-division-facts,表内除法,fill-in,Core,4,hjb-primary-p2-lower-division-facts,hjb-primary-p2-lower-assessment-division-facts|hjb-primary-p2-lower-assessment-midterm-integrated,
P2,lower,hjb-primary-p2-lower-division-facts,表内除法,short-answer,Foundation,3,hjb-primary-p2-lower-division-facts,hjb-primary-p2-lower-assessment-division-facts|hjb-primary-p2-lower-assessment-midterm-integrated,
P2,lower,hjb-primary-p2-lower-math-square-review,二年级下册数学广场与整理复习,multiple-choice,Core,5,hjb-primary-p2-lower-math-square-review,hjb-primary-p2-lower-assessment-math-square-review|hjb-primary-p2-lower-assessment-final-integrated,
P2,lower,hjb-primary-p2-lower-math-square-review,二年级下册数学广场与整理复习,fill-in,Foundation,6,hjb-primary-p2-lower-math-square-review,hjb-primary-p2-lower-assessment-math-square-review|hjb-primary-p2-lower-assessment-final-integrated,
P2,lower,hjb-primary-p2-lower-math-square-review,二年级下册数学广场与整理复习,multiple-choice,Foundation,11,hjb-primary-p2-lower-math-square-review,hjb-primary-p2-lower-assessment-math-square-review|hjb-primary-p2-lower-assessment-final-integrated,
P2,lower,hjb-primary-p2-lower-time,时间在哪里,short-answer,Foundation,4,hjb-primary-p2-lower-time,hjb-primary-p2-lower-assessment-time|hjb-primary-p2-lower-assessment-midterm-integrated,
P2,lower,hjb-primary-p2-lower-time,时间在哪里,multiple-choice,Core,5,hjb-primary-p2-lower-time,hjb-primary-p2-lower-assessment-time|hjb-primary-p2-lower-assessment-midterm-integrated,
P2,lower,hjb-primary-p2-lower-time,时间在哪里,fill-in,Foundation,5,hjb-primary-p2-lower-time,hjb-primary-p2-lower-assessment-time|hjb-primary-p2-lower-assessment-midterm-integrated,
P2,lower,hjb-primary-p2-lower-time,时间在哪里,short-answer,Core,3,hjb-primary-p2-lower-time,hjb-primary-p2-lower-assessment-time|hjb-primary-p2-lower-assessment-midterm-integrated,
P2,lower,hjb-primary-p2-lower-time,时间在哪里,multiple-choice,Foundation,3,hjb-primary-p2-lower-time,hjb-primary-p2-lower-assessment-time|hjb-primary-p2-lower-assessment-midterm-integrated,
P2,lower,hjb-primary-p2-lower-time,时间在哪里,fill-in,Core,3,hjb-primary-p2-lower-time,hjb-primary-p2-lower-assessment-time|hjb-primary-p2-lower-assessment-midterm-integrated,
P2,lower,hjb-primary-p2-lower-two-three-digit-add-sub,两位数与三位数的加减法,multiple-choice,Core,11,hjb-primary-p2-lower-two-three-digit-add-sub,hjb-primary-p2-lower-assessment-two-three-digit-add-sub|hjb-primary-p2-lower-assessment-final-integrated,
P2,lower,hjb-primary-p2-lower-two-three-digit-add-sub,两位数与三位数的加减法,fill-in,Foundation,11,hjb-primary-p2-lower-two-three-digit-add-sub,hjb-primary-p2-lower-assessment-two-three-digit-add-sub|hjb-primary-p2-lower-assessment-final-integrated,
P2,lower,hjb-primary-p2-lower-within-10000-number-sense,万以内的数,multiple-choice,Core,11,hjb-primary-p2-lower-within-10000-number-sense,hjb-primary-p2-lower-assessment-within-10000-number-sense|hjb-primary-p2-lower-assessment-midterm-integrated,
P2,lower,hjb-primary-p2-lower-within-10000-number-sense,万以内的数,fill-in,Foundation,11,hjb-primary-p2-lower-within-10000-number-sense,hjb-primary-p2-lower-assessment-within-10000-number-sense|hjb-primary-p2-lower-assessment-midterm-integrated,
P2,upper,hjb-primary-p2-upper-classification,分类与整理,short-answer,Core,5,hjb-primary-p2-upper-classification,hjb-primary-p2-upper-assessment-final-integrated|hjb-primary-p2-upper-assessment-within-100-add-sub-unit,
P2,upper,hjb-primary-p2-upper-classification,分类与整理,multiple-choice,Challenge,2,hjb-primary-p2-upper-classification,hjb-primary-p2-upper-assessment-final-integrated|hjb-primary-p2-upper-assessment-within-100-add-sub-unit,
P2,upper,hjb-primary-p2-upper-classification,分类与整理,fill-in,Foundation,4,hjb-primary-p2-upper-classification,hjb-primary-p2-upper-assessment-final-integrated|hjb-primary-p2-upper-assessment-within-100-add-sub-unit,
P2,upper,hjb-primary-p2-upper-classification,分类与整理,multiple-choice,Foundation,3,hjb-primary-p2-upper-classification,hjb-primary-p2-upper-assessment-final-integrated|hjb-primary-p2-upper-assessment-within-100-add-sub-unit,
P2,upper,hjb-primary-p2-upper-classification,分类与整理,fill-in,Core,3,hjb-primary-p2-upper-classification,hjb-primary-p2-upper-assessment-final-integrated|hjb-primary-p2-upper-assessment-within-100-add-sub-unit,
P2,upper,hjb-primary-p2-upper-classification,分类与整理,short-answer,Foundation,3,hjb-primary-p2-upper-classification,hjb-primary-p2-upper-assessment-final-integrated|hjb-primary-p2-upper-assessment-within-100-add-sub-unit,
P2,upper,hjb-primary-p2-upper-classification,分类与整理,multiple-choice,Core,3,hjb-primary-p2-upper-classification,hjb-primary-p2-upper-assessment-final-integrated|hjb-primary-p2-upper-assessment-within-100-add-sub-unit,
P2,upper,hjb-primary-p2-upper-math-square-review,二年级上册数学广场与整理复习,fill-in,Foundation,4,hjb-primary-p2-upper-math-square-review,hjb-primary-p2-lower-assessment-math-square-review|hjb-primary-p2-upper-assessment-final-integrated,
P2,upper,hjb-primary-p2-upper-math-square-review,二年级上册数学广场与整理复习,short-answer,Core,4,hjb-primary-p2-upper-math-square-review,hjb-primary-p2-lower-assessment-math-square-review|hjb-primary-p2-upper-assessment-final-integrated,
P2,upper,hjb-primary-p2-upper-math-square-review,二年级上册数学广场与整理复习,multiple-choice,Foundation,4,hjb-primary-p2-upper-math-square-review,hjb-primary-p2-lower-assessment-math-square-review|hjb-primary-p2-upper-assessment-final-integrated,
P2,upper,hjb-primary-p2-upper-math-square-review,二年级上册数学广场与整理复习,fill-in,Core,4,hjb-primary-p2-upper-math-square-review,hjb-primary-p2-lower-assessment-math-square-review|hjb-primary-p2-upper-assessment-final-integrated,
P2,upper,hjb-primary-p2-upper-math-square-review,二年级上册数学广场与整理复习,short-answer,Foundation,4,hjb-primary-p2-upper-math-square-review,hjb-primary-p2-lower-assessment-math-square-review|hjb-primary-p2-upper-assessment-final-integrated,
P2,upper,hjb-primary-p2-upper-math-square-review,二年级上册数学广场与整理复习,multiple-choice,Core,3,hjb-primary-p2-upper-math-square-review,hjb-primary-p2-lower-assessment-math-square-review|hjb-primary-p2-upper-assessment-final-integrated,
P2,upper,hjb-primary-p2-upper-money-shopping,人民币与购物应用,short-answer,Exam,1,hjb-primary-p2-upper-money-shopping,hjb-primary-p2-upper-assessment-money-shopping-unit|hjb-primary-p2-upper-assessment-midterm-integrated,
P2,upper,hjb-primary-p2-upper-money-shopping,人民币与购物应用,multiple-choice,Foundation,1,hjb-primary-p2-upper-money-shopping,hjb-primary-p2-upper-assessment-money-shopping-unit|hjb-primary-p2-upper-assessment-midterm-integrated,
P2,upper,hjb-primary-p2-upper-money-shopping,人民币与购物应用,fill-in,Core,1,hjb-primary-p2-upper-money-shopping,hjb-primary-p2-upper-assessment-money-shopping-unit|hjb-primary-p2-upper-assessment-midterm-integrated,
P2,upper,hjb-primary-p2-upper-money-shopping,人民币与购物应用,short-answer,Challenge,1,hjb-primary-p2-upper-money-shopping,hjb-primary-p2-upper-assessment-money-shopping-unit|hjb-primary-p2-upper-assessment-midterm-integrated,
P2,upper,hjb-primary-p2-upper-money-shopping,人民币与购物应用,multiple-choice,Exam,1,hjb-primary-p2-upper-money-shopping,hjb-primary-p2-upper-assessment-money-shopping-unit|hjb-primary-p2-upper-assessment-midterm-integrated,
P2,upper,hjb-primary-p2-upper-money-shopping,人民币与购物应用,fill-in,Foundation,6,hjb-primary-p2-upper-money-shopping,hjb-primary-p2-upper-assessment-money-shopping-unit|hjb-primary-p2-upper-assessment-midterm-integrated,
P2,upper,hjb-primary-p2-upper-money-shopping,人民币与购物应用,short-answer,Core,6,hjb-primary-p2-upper-money-shopping,hjb-primary-p2-upper-assessment-money-shopping-unit|hjb-primary-p2-upper-assessment-midterm-integrated,
P2,upper,hjb-primary-p2-upper-money-shopping,人民币与购物应用,multiple-choice,Challenge,6,hjb-primary-p2-upper-money-shopping,hjb-primary-p2-upper-assessment-money-shopping-unit|hjb-primary-p2-upper-assessment-midterm-integrated,
P2,upper,hjb-primary-p2-upper-multiplication-facts,表内乘法,multiple-choice,Challenge,8,hjb-primary-p2-upper-multiplication-facts,hjb-primary-p2-upper-assessment-multiplication-facts-unit|hjb-primary-p2-upper-assessment-final-integrated,
P2,upper,hjb-primary-p2-upper-multiplication-facts,表内乘法,fill-in,Foundation,8,hjb-primary-p2-upper-multiplication-facts,hjb-primary-p2-upper-assessment-multiplication-facts-unit|hjb-primary-p2-upper-assessment-final-integrated,
P2,upper,hjb-primary-p2-upper-multiplication-facts,表内乘法,short-answer,Core,7,hjb-primary-p2-upper-multiplication-facts,hjb-primary-p2-upper-assessment-multiplication-facts-unit|hjb-primary-p2-upper-assessment-final-integrated,
P2,upper,hjb-primary-p2-upper-school-position-direction,校园方位与位置表达,fill-in,Foundation,8,hjb-primary-p2-upper-school-position-direction,hjb-primary-p2-upper-assessment-within-100-add-sub-unit|hjb-primary-p2-upper-assessment-money-shopping-unit,
P2,upper,hjb-primary-p2-upper-school-position-direction,校园方位与位置表达,short-answer,Core,8,hjb-primary-p2-upper-school-position-direction,hjb-primary-p2-upper-assessment-within-100-add-sub-unit|hjb-primary-p2-upper-assessment-money-shopping-unit,
P2,upper,hjb-primary-p2-upper-school-position-direction,校园方位与位置表达,multiple-choice,Challenge,7,hjb-primary-p2-upper-school-position-direction,hjb-primary-p2-upper-assessment-within-100-add-sub-unit|hjb-primary-p2-upper-assessment-money-shopping-unit,
P2,upper,hjb-primary-p2-upper-within-100-add-sub,100以内数的加减法（二）,multiple-choice,Foundation,2,hjb-primary-p2-upper-within-100-add-sub,hjb-primary-p2-upper-assessment-within-100-add-sub-unit|hjb-primary-p2-upper-assessment-midterm-integrated,
P2,upper,hjb-primary-p2-upper-within-100-add-sub,100以内数的加减法（二）,fill-in,Core,2,hjb-primary-p2-upper-within-100-add-sub,hjb-primary-p2-upper-assessment-within-100-add-sub-unit|hjb-primary-p2-upper-assessment-midterm-integrated,
P2,upper,hjb-primary-p2-upper-within-100-add-sub,100以内数的加减法（二）,short-answer,Challenge,2,hjb-primary-p2-upper-within-100-add-sub,hjb-primary-p2-upper-assessment-within-100-add-sub-unit|hjb-primary-p2-upper-assessment-midterm-integrated,
P2,upper,hjb-primary-p2-upper-within-100-add-sub,100以内数的加减法（二）,multiple-choice,Exam,2,hjb-primary-p2-upper-within-100-add-sub,hjb-primary-p2-upper-assessment-within-100-add-sub-unit|hjb-primary-p2-upper-assessment-midterm-integrated,
P2,upper,hjb-primary-p2-upper-within-100-add-sub,100以内数的加减法（二）,fill-in,Foundation,2,hjb-primary-p2-upper-within-100-add-sub,hjb-primary-p2-upper-assessment-within-100-add-sub-unit|hjb-primary-p2-upper-assessment-midterm-integrated,
P2,upper,hjb-primary-p2-upper-within-100-add-sub,100以内数的加减法（二）,short-answer,Core,2,hjb-primary-p2-upper-within-100-add-sub,hjb-primary-p2-upper-assessment-within-100-add-sub-unit|hjb-primary-p2-upper-assessment-midterm-integrated,
P2,upper,hjb-primary-p2-upper-within-100-add-sub,100以内数的加减法（二）,multiple-choice,Challenge,2,hjb-primary-p2-upper-within-100-add-sub,hjb-primary-p2-upper-assessment-within-100-add-sub-unit|hjb-primary-p2-upper-assessment-midterm-integrated,
P2,upper,hjb-primary-p2-upper-within-100-add-sub,100以内数的加减法（二）,fill-in,Exam,2,hjb-primary-p2-upper-within-100-add-sub,hjb-primary-p2-upper-assessment-within-100-add-sub-unit|hjb-primary-p2-upper-assessment-midterm-integrated,
P2,upper,hjb-primary-p2-upper-within-100-add-sub,100以内数的加减法（二）,short-answer,Foundation,2,hjb-primary-p2-upper-within-100-add-sub,hjb-primary-p2-upper-assessment-within-100-add-sub-unit|hjb-primary-p2-upper-assessment-midterm-integrated,
P2,upper,hjb-primary-p2-upper-within-100-add-sub,100以内数的加减法（二）,multiple-choice,Core,2,hjb-primary-p2-upper-within-100-add-sub,hjb-primary-p2-upper-assessment-within-100-add-sub-unit|hjb-primary-p2-upper-assessment-midterm-integrated,
P2,upper,hjb-primary-p2-upper-within-100-add-sub,100以内数的加减法（二）,fill-in,Challenge,2,hjb-primary-p2-upper-within-100-add-sub,hjb-primary-p2-upper-assessment-within-100-add-sub-unit|hjb-primary-p2-upper-assessment-midterm-integrated,
P2,upper,hjb-primary-p2-upper-within-100-add-sub,100以内数的加减法（二）,short-answer,Exam,1,hjb-primary-p2-upper-within-100-add-sub,hjb-primary-p2-upper-assessment-within-100-add-sub-unit|hjb-primary-p2-upper-assessment-midterm-integrated,
P3,lower,hjb-primary-p3-lower-area-measurement,面积与周长,fill-in,Foundation,10,hjb-primary-p3-lower-area-measurement,hjb-primary-p3-lower-assessment-area-measurement|hjb-primary-p3-lower-assessment-final-integrated,
P3,lower,hjb-primary-p3-lower-area-measurement,面积与周长,multiple-choice,Core,9,hjb-primary-p3-lower-area-measurement,hjb-primary-p3-lower-assessment-area-measurement|hjb-primary-p3-lower-assessment-final-integrated,
P3,lower,hjb-primary-p3-lower-data-statistics,数据整理与统计表达,multiple-choice,Core,10,hjb-primary-p3-lower-data-statistics,hjb-primary-p3-lower-assessment-data-statistics|hjb-primary-p3-lower-assessment-final-integrated,
P3,lower,hjb-primary-p3-lower-data-statistics,数据整理与统计表达,fill-in,Foundation,7,hjb-primary-p3-lower-data-statistics,hjb-primary-p3-lower-assessment-data-statistics|hjb-primary-p3-lower-assessment-final-integrated,
P3,lower,hjb-primary-p3-lower-data-statistics,数据整理与统计表达,fill-in,Core,2,hjb-primary-p3-lower-data-statistics,hjb-primary-p3-lower-assessment-data-statistics|hjb-primary-p3-lower-assessment-final-integrated,
P3,lower,hjb-primary-p3-lower-decimal-introduction,小数的初步认识,multiple-choice,Core,8,hjb-primary-p3-lower-decimal-introduction,hjb-primary-p3-lower-assessment-decimal-introduction|hjb-primary-p3-lower-assessment-midterm-integrated,
P3,lower,hjb-primary-p3-lower-decimal-introduction,小数的初步认识,fill-in,Foundation,7,hjb-primary-p3-lower-decimal-introduction,hjb-primary-p3-lower-assessment-decimal-introduction|hjb-primary-p3-lower-assessment-midterm-integrated,
P3,lower,hjb-primary-p3-lower-decimal-introduction,小数的初步认识,short-answer,Core,1,hjb-primary-p3-lower-decimal-introduction,hjb-primary-p3-lower-assessment-decimal-introduction|hjb-primary-p3-lower-assessment-midterm-integrated,
P3,lower,hjb-primary-p3-lower-decimal-introduction,小数的初步认识,multiple-choice,Foundation,1,hjb-primary-p3-lower-decimal-introduction,hjb-primary-p3-lower-assessment-decimal-introduction|hjb-primary-p3-lower-assessment-midterm-integrated,
P3,lower,hjb-primary-p3-lower-decimal-introduction,小数的初步认识,fill-in,Core,1,hjb-primary-p3-lower-decimal-introduction,hjb-primary-p3-lower-assessment-decimal-introduction|hjb-primary-p3-lower-assessment-midterm-integrated,
P3,lower,hjb-primary-p3-lower-decimal-introduction,小数的初步认识,short-answer,Foundation,1,hjb-primary-p3-lower-decimal-introduction,hjb-primary-p3-lower-assessment-decimal-introduction|hjb-primary-p3-lower-assessment-midterm-integrated,
P3,lower,hjb-primary-p3-lower-math-square-review,三年级下册数学广场与整理复习,fill-in,Core,5,hjb-primary-p3-lower-math-square-review,hjb-primary-p3-lower-assessment-math-square-review|hjb-primary-p2-lower-assessment-math-square-review,
P3,lower,hjb-primary-p3-lower-math-square-review,三年级下册数学广场与整理复习,multiple-choice,Core,14,hjb-primary-p3-lower-math-square-review,hjb-primary-p3-lower-assessment-math-square-review|hjb-primary-p2-lower-assessment-math-square-review,
P3,lower,hjb-primary-p3-lower-review-multiplication-division,三年级下册复习与乘除运算,fill-in,Core,4,hjb-primary-p3-lower-review-multiplication-division,hjb-primary-p3-lower-assessment-review-multiplication-division|hjb-primary-p3-lower-assessment-midterm-integrated,
P3,lower,hjb-primary-p3-lower-review-multiplication-division,三年级下册复习与乘除运算,short-answer,Foundation,3,hjb-primary-p3-lower-review-multiplication-division,hjb-primary-p3-lower-assessment-review-multiplication-division|hjb-primary-p3-lower-assessment-midterm-integrated,
P3,lower,hjb-primary-p3-lower-review-multiplication-division,三年级下册复习与乘除运算,multiple-choice,Core,3,hjb-primary-p3-lower-review-multiplication-division,hjb-primary-p3-lower-assessment-review-multiplication-division|hjb-primary-p3-lower-assessment-midterm-integrated,
P3,lower,hjb-primary-p3-lower-review-multiplication-division,三年级下册复习与乘除运算,fill-in,Foundation,3,hjb-primary-p3-lower-review-multiplication-division,hjb-primary-p3-lower-assessment-review-multiplication-division|hjb-primary-p3-lower-assessment-midterm-integrated,
P3,lower,hjb-primary-p3-lower-review-multiplication-division,三年级下册复习与乘除运算,short-answer,Core,3,hjb-primary-p3-lower-review-multiplication-division,hjb-primary-p3-lower-assessment-review-multiplication-division|hjb-primary-p3-lower-assessment-midterm-integrated,
P3,lower,hjb-primary-p3-lower-review-multiplication-division,三年级下册复习与乘除运算,multiple-choice,Foundation,3,hjb-primary-p3-lower-review-multiplication-division,hjb-primary-p3-lower-assessment-review-multiplication-division|hjb-primary-p3-lower-assessment-midterm-integrated,
P3,lower,hjb-primary-p3-lower-two-digit-multiplication-division,两位数乘除与问题解决,short-answer,Foundation,4,hjb-primary-p3-lower-two-digit-multiplication-division,hjb-primary-p3-lower-assessment-two-digit-multiplication-division|hjb-primary-p3-lower-assessment-midterm-integrated,
P3,lower,hjb-primary-p3-lower-two-digit-multiplication-division,两位数乘除与问题解决,multiple-choice,Core,3,hjb-primary-p3-lower-two-digit-multiplication-division,hjb-primary-p3-lower-assessment-two-digit-multiplication-division|hjb-primary-p3-lower-assessment-midterm-integrated,
P3,lower,hjb-primary-p3-lower-two-digit-multiplication-division,两位数乘除与问题解决,fill-in,Foundation,3,hjb-primary-p3-lower-two-digit-multiplication-division,hjb-primary-p3-lower-assessment-two-digit-multiplication-division|hjb-primary-p3-lower-assessment-midterm-integrated,
P3,lower,hjb-primary-p3-lower-two-digit-multiplication-division,两位数乘除与问题解决,short-answer,Core,3,hjb-primary-p3-lower-two-digit-multiplication-division,hjb-primary-p3-lower-assessment-two-digit-multiplication-division|hjb-primary-p3-lower-assessment-midterm-integrated,
P3,lower,hjb-primary-p3-lower-two-digit-multiplication-division,两位数乘除与问题解决,multiple-choice,Foundation,3,hjb-primary-p3-lower-two-digit-multiplication-division,hjb-primary-p3-lower-assessment-two-digit-multiplication-division|hjb-primary-p3-lower-assessment-midterm-integrated,
P3,lower,hjb-primary-p3-lower-two-digit-multiplication-division,两位数乘除与问题解决,fill-in,Core,3,hjb-primary-p3-lower-two-digit-multiplication-division,hjb-primary-p3-lower-assessment-two-digit-multiplication-division|hjb-primary-p3-lower-assessment-midterm-integrated,
P3,upper,hjb-primary-p3-upper-fraction-introduction,分数的初步认识,short-answer,Challenge,7,hjb-primary-p3-upper-fraction-introduction,hjb-primary-p3-upper-assessment-fraction-introduction|hjb-primary-p3-upper-assessment-final-integrated,
P3,upper,hjb-primary-p3-upper-fraction-introduction,分数的初步认识,multiple-choice,Core,6,hjb-primary-p3-upper-fraction-introduction,hjb-primary-p3-upper-assessment-fraction-introduction|hjb-primary-p3-upper-assessment-final-integrated,
P3,upper,hjb-primary-p3-upper-fraction-introduction,分数的初步认识,fill-in,Foundation,6,hjb-primary-p3-upper-fraction-introduction,hjb-primary-p3-upper-assessment-fraction-introduction|hjb-primary-p3-upper-assessment-final-integrated,
P3,upper,hjb-primary-p3-upper-math-square-review,三年级上册数学广场与整理复习,multiple-choice,Core,5,hjb-primary-p3-upper-math-square-review,hjb-primary-p3-upper-assessment-review-operations|hjb-primary-p3-upper-assessment-midterm-integrated,
P3,upper,hjb-primary-p3-upper-math-square-review,三年级上册数学广场与整理复习,fill-in,Foundation,5,hjb-primary-p3-upper-math-square-review,hjb-primary-p3-upper-assessment-review-operations|hjb-primary-p3-upper-assessment-midterm-integrated,
P3,upper,hjb-primary-p3-upper-math-square-review,三年级上册数学广场与整理复习,short-answer,Challenge,3,hjb-primary-p3-upper-math-square-review,hjb-primary-p3-upper-assessment-review-operations|hjb-primary-p3-upper-assessment-midterm-integrated,
P3,upper,hjb-primary-p3-upper-math-square-review,三年级上册数学广场与整理复习,short-answer,Core,2,hjb-primary-p3-upper-math-square-review,hjb-primary-p3-upper-assessment-review-operations|hjb-primary-p3-upper-assessment-midterm-integrated,
P3,upper,hjb-primary-p3-upper-math-square-review,三年级上册数学广场与整理复习,multiple-choice,Foundation,2,hjb-primary-p3-upper-math-square-review,hjb-primary-p3-upper-assessment-review-operations|hjb-primary-p3-upper-assessment-midterm-integrated,
P3,upper,hjb-primary-p3-upper-math-square-review,三年级上册数学广场与整理复习,fill-in,Core,1,hjb-primary-p3-upper-math-square-review,hjb-primary-p3-upper-assessment-review-operations|hjb-primary-p3-upper-assessment-midterm-integrated,
P3,upper,hjb-primary-p3-upper-math-square-review,三年级上册数学广场与整理复习,short-answer,Foundation,1,hjb-primary-p3-upper-math-square-review,hjb-primary-p3-upper-assessment-review-operations|hjb-primary-p3-upper-assessment-midterm-integrated,
P3,upper,hjb-primary-p3-upper-multiplication-division-extension,乘与除,short-answer,Core,2,hjb-primary-p3-upper-multiplication-division-extension,hjb-primary-p3-upper-assessment-one-digit-division|hjb-primary-p3-upper-assessment-review-operations,
P3,upper,hjb-primary-p3-upper-multiplication-division-extension,乘与除,multiple-choice,Foundation,2,hjb-primary-p3-upper-multiplication-division-extension,hjb-primary-p3-upper-assessment-one-digit-division|hjb-primary-p3-upper-assessment-review-operations,
P3,upper,hjb-primary-p3-upper-multiplication-division-extension,乘与除,fill-in,Challenge,2,hjb-primary-p3-upper-multiplication-division-extension,hjb-primary-p3-upper-assessment-one-digit-division|hjb-primary-p3-upper-assessment-review-operations,
P3,upper,hjb-primary-p3-upper-multiplication-division-extension,乘与除,short-answer,Exam,2,hjb-primary-p3-upper-multiplication-division-extension,hjb-primary-p3-upper-assessment-one-digit-division|hjb-primary-p3-upper-assessment-review-operations,
P3,upper,hjb-primary-p3-upper-multiplication-division-extension,乘与除,multiple-choice,Core,2,hjb-primary-p3-upper-multiplication-division-extension,hjb-primary-p3-upper-assessment-one-digit-division|hjb-primary-p3-upper-assessment-review-operations,
P3,upper,hjb-primary-p3-upper-multiplication-division-extension,乘与除,fill-in,Foundation,2,hjb-primary-p3-upper-multiplication-division-extension,hjb-primary-p3-upper-assessment-one-digit-division|hjb-primary-p3-upper-assessment-review-operations,
P3,upper,hjb-primary-p3-upper-multiplication-division-extension,乘与除,short-answer,Challenge,2,hjb-primary-p3-upper-multiplication-division-extension,hjb-primary-p3-upper-assessment-one-digit-division|hjb-primary-p3-upper-assessment-review-operations,
P3,upper,hjb-primary-p3-upper-multiplication-division-extension,乘与除,multiple-choice,Exam,2,hjb-primary-p3-upper-multiplication-division-extension,hjb-primary-p3-upper-assessment-one-digit-division|hjb-primary-p3-upper-assessment-review-operations,
P3,upper,hjb-primary-p3-upper-multiplication-division-extension,乘与除,fill-in,Core,1,hjb-primary-p3-upper-multiplication-division-extension,hjb-primary-p3-upper-assessment-one-digit-division|hjb-primary-p3-upper-assessment-review-operations,
P3,upper,hjb-primary-p3-upper-multiplication-division-extension,乘与除,short-answer,Foundation,1,hjb-primary-p3-upper-multiplication-division-extension,hjb-primary-p3-upper-assessment-one-digit-division|hjb-primary-p3-upper-assessment-review-operations,
P3,upper,hjb-primary-p3-upper-multiplication-division-extension,乘与除,multiple-choice,Challenge,1,hjb-primary-p3-upper-multiplication-division-extension,hjb-primary-p3-upper-assessment-one-digit-division|hjb-primary-p3-upper-assessment-review-operations,
P3,upper,hjb-primary-p3-upper-multiplication-division-extension,乘与除,fill-in,Exam,1,hjb-primary-p3-upper-multiplication-division-extension,hjb-primary-p3-upper-assessment-one-digit-division|hjb-primary-p3-upper-assessment-review-operations,
P3,upper,hjb-primary-p3-upper-one-digit-multiplication,用一位数乘,multiple-choice,Core,7,hjb-primary-p3-upper-one-digit-multiplication,hjb-primary-p3-upper-assessment-one-digit-multiplication|hjb-primary-p3-upper-assessment-midterm-integrated,
P3,upper,hjb-primary-p3-upper-one-digit-multiplication,用一位数乘,fill-in,Foundation,6,hjb-primary-p3-upper-one-digit-multiplication,hjb-primary-p3-upper-assessment-one-digit-multiplication|hjb-primary-p3-upper-assessment-midterm-integrated,
P3,upper,hjb-primary-p3-upper-one-digit-multiplication,用一位数乘,short-answer,Challenge,6,hjb-primary-p3-upper-one-digit-multiplication,hjb-primary-p3-upper-assessment-one-digit-multiplication|hjb-primary-p3-upper-assessment-midterm-integrated,
P3,upper,hjb-primary-p3-upper-rectangle-square-geometry,长方形与正方形,fill-in,Foundation,7,hjb-primary-p3-upper-rectangle-square-geometry,hjb-primary-p3-upper-assessment-rectangle-square-perimeter|hjb-primary-p3-upper-assessment-review-operations,
P3,upper,hjb-primary-p3-upper-rectangle-square-geometry,长方形与正方形,short-answer,Challenge,6,hjb-primary-p3-upper-rectangle-square-geometry,hjb-primary-p3-upper-assessment-rectangle-square-perimeter|hjb-primary-p3-upper-assessment-review-operations,
P3,upper,hjb-primary-p3-upper-rectangle-square-geometry,长方形与正方形,multiple-choice,Core,6,hjb-primary-p3-upper-rectangle-square-geometry,hjb-primary-p3-upper-assessment-rectangle-square-perimeter|hjb-primary-p3-upper-assessment-review-operations,
P3,upper,hjb-primary-p3-upper-review-place-value-operations,三年级上册复习与数的运算,multiple-choice,Core,2,hjb-primary-p3-upper-review-place-value-operations,hjb-primary-p3-upper-assessment-review-operations|hjb-primary-p3-upper-assessment-midterm-integrated,
P3,upper,hjb-primary-p3-upper-review-place-value-operations,三年级上册复习与数的运算,fill-in,Foundation,2,hjb-primary-p3-upper-review-place-value-operations,hjb-primary-p3-upper-assessment-review-operations|hjb-primary-p3-upper-assessment-midterm-integrated,
P3,upper,hjb-primary-p3-upper-review-place-value-operations,三年级上册复习与数的运算,short-answer,Challenge,2,hjb-primary-p3-upper-review-place-value-operations,hjb-primary-p3-upper-assessment-review-operations|hjb-primary-p3-upper-assessment-midterm-integrated,
P3,upper,hjb-primary-p3-upper-review-place-value-operations,三年级上册复习与数的运算,multiple-choice,Exam,2,hjb-primary-p3-upper-review-place-value-operations,hjb-primary-p3-upper-assessment-review-operations|hjb-primary-p3-upper-assessment-midterm-integrated,
P3,upper,hjb-primary-p3-upper-review-place-value-operations,三年级上册复习与数的运算,fill-in,Core,2,hjb-primary-p3-upper-review-place-value-operations,hjb-primary-p3-upper-assessment-review-operations|hjb-primary-p3-upper-assessment-midterm-integrated,
P3,upper,hjb-primary-p3-upper-review-place-value-operations,三年级上册复习与数的运算,short-answer,Foundation,2,hjb-primary-p3-upper-review-place-value-operations,hjb-primary-p3-upper-assessment-review-operations|hjb-primary-p3-upper-assessment-midterm-integrated,
P3,upper,hjb-primary-p3-upper-review-place-value-operations,三年级上册复习与数的运算,multiple-choice,Challenge,2,hjb-primary-p3-upper-review-place-value-operations,hjb-primary-p3-upper-assessment-review-operations|hjb-primary-p3-upper-assessment-midterm-integrated,
P3,upper,hjb-primary-p3-upper-review-place-value-operations,三年级上册复习与数的运算,fill-in,Exam,2,hjb-primary-p3-upper-review-place-value-operations,hjb-primary-p3-upper-assessment-review-operations|hjb-primary-p3-upper-assessment-midterm-integrated,
P3,upper,hjb-primary-p3-upper-review-place-value-operations,三年级上册复习与数的运算,short-answer,Core,1,hjb-primary-p3-upper-review-place-value-operations,hjb-primary-p3-upper-assessment-review-operations|hjb-primary-p3-upper-assessment-midterm-integrated,
P3,upper,hjb-primary-p3-upper-review-place-value-operations,三年级上册复习与数的运算,multiple-choice,Foundation,1,hjb-primary-p3-upper-review-place-value-operations,hjb-primary-p3-upper-assessment-review-operations|hjb-primary-p3-upper-assessment-midterm-integrated,
P3,upper,hjb-primary-p3-upper-review-place-value-operations,三年级上册复习与数的运算,fill-in,Challenge,1,hjb-primary-p3-upper-review-place-value-operations,hjb-primary-p3-upper-assessment-review-operations|hjb-primary-p3-upper-assessment-midterm-integrated,
P3,upper,hjb-primary-p3-upper-review-place-value-operations,三年级上册复习与数的运算,short-answer,Exam,1,hjb-primary-p3-upper-review-place-value-operations,hjb-primary-p3-upper-assessment-review-operations|hjb-primary-p3-upper-assessment-midterm-integrated,
P3,upper,hjb-primary-p3-upper-time-measurement,时间与日程推理,fill-in,Core,1,hjb-primary-p3-upper-time-measurement,hjb-primary-p3-upper-assessment-time-calendar|hjb-primary-p3-upper-assessment-review-operations,
P3,upper,hjb-primary-p3-upper-time-measurement,时间与日程推理,short-answer,Foundation,1,hjb-primary-p3-upper-time-measurement,hjb-primary-p3-upper-assessment-time-calendar|hjb-primary-p3-upper-assessment-review-operations,
P3,upper,hjb-primary-p3-upper-time-measurement,时间与日程推理,multiple-choice,Challenge,1,hjb-primary-p3-upper-time-measurement,hjb-primary-p3-upper-assessment-time-calendar|hjb-primary-p3-upper-assessment-review-operations,
P3,upper,hjb-primary-p3-upper-time-measurement,时间与日程推理,fill-in,Exam,1,hjb-primary-p3-upper-time-measurement,hjb-primary-p3-upper-assessment-time-calendar|hjb-primary-p3-upper-assessment-review-operations,
P3,upper,hjb-primary-p3-upper-time-measurement,时间与日程推理,short-answer,Core,1,hjb-primary-p3-upper-time-measurement,hjb-primary-p3-upper-assessment-time-calendar|hjb-primary-p3-upper-assessment-review-operations,
P3,upper,hjb-primary-p3-upper-time-measurement,时间与日程推理,multiple-choice,Foundation,1,hjb-primary-p3-upper-time-measurement,hjb-primary-p3-upper-assessment-time-calendar|hjb-primary-p3-upper-assessment-review-operations,
P3,upper,hjb-primary-p3-upper-time-measurement,时间与日程推理,fill-in,Challenge,1,hjb-primary-p3-upper-time-measurement,hjb-primary-p3-upper-assessment-time-calendar|hjb-primary-p3-upper-assessment-review-operations,
P3,upper,hjb-primary-p3-upper-time-measurement,时间与日程推理,short-answer,Exam,1,hjb-primary-p3-upper-time-measurement,hjb-primary-p3-upper-assessment-time-calendar|hjb-primary-p3-upper-assessment-review-operations,
P3,upper,hjb-primary-p3-upper-time-measurement,时间与日程推理,multiple-choice,Core,4,hjb-primary-p3-upper-time-measurement,hjb-primary-p3-upper-assessment-time-calendar|hjb-primary-p3-upper-assessment-review-operations,
P3,upper,hjb-primary-p3-upper-time-measurement,时间与日程推理,fill-in,Foundation,4,hjb-primary-p3-upper-time-measurement,hjb-primary-p3-upper-assessment-time-calendar|hjb-primary-p3-upper-assessment-review-operations,
P3,upper,hjb-primary-p3-upper-time-measurement,时间与日程推理,short-answer,Challenge,4,hjb-primary-p3-upper-time-measurement,hjb-primary-p3-upper-assessment-time-calendar|hjb-primary-p3-upper-assessment-review-operations,
P4,lower,hjb-primary-p4-lower-decimals-meaning-add-sub,小数的认识与加减法,short-answer,Foundation,4,hjb-primary-p4-lower-decimals-meaning-add-sub,hjb-primary-p4-lower-assessment-decimals-meaning-add-sub|hjb-primary-p4-lower-assessment-midterm-integrated,
P4,lower,hjb-primary-p4-lower-decimals-meaning-add-sub,小数的认识与加减法,multiple-choice,Core,5,hjb-primary-p4-lower-decimals-meaning-add-sub,hjb-primary-p4-lower-assessment-decimals-meaning-add-sub|hjb-primary-p4-lower-assessment-midterm-integrated,
P4,lower,hjb-primary-p4-lower-decimals-meaning-add-sub,小数的认识与加减法,fill-in,Foundation,5,hjb-primary-p4-lower-decimals-meaning-add-sub,hjb-primary-p4-lower-assessment-decimals-meaning-add-sub|hjb-primary-p4-lower-assessment-midterm-integrated,
P4,lower,hjb-primary-p4-lower-decimals-meaning-add-sub,小数的认识与加减法,short-answer,Core,3,hjb-primary-p4-lower-decimals-meaning-add-sub,hjb-primary-p4-lower-assessment-decimals-meaning-add-sub|hjb-primary-p4-lower-assessment-midterm-integrated,
P4,lower,hjb-primary-p4-lower-decimals-meaning-add-sub,小数的认识与加减法,multiple-choice,Foundation,3,hjb-primary-p4-lower-decimals-meaning-add-sub,hjb-primary-p4-lower-assessment-decimals-meaning-add-sub|hjb-primary-p4-lower-assessment-midterm-integrated,
P4,lower,hjb-primary-p4-lower-decimals-meaning-add-sub,小数的认识与加减法,fill-in,Core,3,hjb-primary-p4-lower-decimals-meaning-add-sub,hjb-primary-p4-lower-assessment-decimals-meaning-add-sub|hjb-primary-p4-lower-assessment-midterm-integrated,
P4,lower,hjb-primary-p4-lower-line-statistics,统计,multiple-choice,Core,11,hjb-primary-p4-lower-line-statistics,hjb-primary-p4-lower-assessment-line-statistics|hjb-primary-p4-lower-assessment-midterm-integrated,
P4,lower,hjb-primary-p4-lower-line-statistics,统计,fill-in,Foundation,11,hjb-primary-p4-lower-line-statistics,hjb-primary-p4-lower-assessment-line-statistics|hjb-primary-p4-lower-assessment-midterm-integrated,
P4,lower,hjb-primary-p4-lower-review-integration,四年级下册整理与提高,multiple-choice,Core,16,hjb-primary-p4-lower-review-integration,hjb-primary-p4-lower-assessment-review-integration|hjb-primary-p4-lower-assessment-final-integrated,
P4,lower,hjb-primary-p4-lower-review-integration,四年级下册整理与提高,fill-in,Core,6,hjb-primary-p4-lower-review-integration,hjb-primary-p4-lower-assessment-review-integration|hjb-primary-p4-lower-assessment-final-integrated,
P4,lower,hjb-primary-p4-lower-review-operation-properties,复习与提高,multiple-choice,Core,4,hjb-primary-p4-lower-review-operation-properties,hjb-primary-p4-lower-assessment-review-operation-properties|hjb-primary-p4-lower-assessment-midterm-integrated,
P4,lower,hjb-primary-p4-lower-review-operation-properties,复习与提高,fill-in,Foundation,4,hjb-primary-p4-lower-review-operation-properties,hjb-primary-p4-lower-assessment-review-operation-properties|hjb-primary-p4-lower-assessment-midterm-integrated,
P4,lower,hjb-primary-p4-lower-review-operation-properties,复习与提高,short-answer,Core,4,hjb-primary-p4-lower-review-operation-properties,hjb-primary-p4-lower-assessment-review-operation-properties|hjb-primary-p4-lower-assessment-midterm-integrated,
P4,lower,hjb-primary-p4-lower-review-operation-properties,复习与提高,multiple-choice,Foundation,4,hjb-primary-p4-lower-review-operation-properties,hjb-primary-p4-lower-assessment-review-operation-properties|hjb-primary-p4-lower-assessment-midterm-integrated,
P4,lower,hjb-primary-p4-lower-review-operation-properties,复习与提高,fill-in,Core,4,hjb-primary-p4-lower-review-operation-properties,hjb-primary-p4-lower-assessment-review-operation-properties|hjb-primary-p4-lower-assessment-midterm-integrated,
P4,lower,hjb-primary-p4-lower-review-operation-properties,复习与提高,short-answer,Foundation,3,hjb-primary-p4-lower-review-operation-properties,hjb-primary-p4-lower-assessment-review-operation-properties|hjb-primary-p4-lower-assessment-midterm-integrated,
P4,lower,hjb-primary-p4-lower-vertical-parallel-lines,几何小实践,multiple-choice,Core,11,hjb-primary-p4-lower-vertical-parallel-lines,hjb-primary-p4-lower-assessment-vertical-parallel-lines|hjb-primary-p4-lower-assessment-review-operation-properties,
P4,lower,hjb-primary-p4-lower-vertical-parallel-lines,几何小实践,fill-in,Foundation,10,hjb-primary-p4-lower-vertical-parallel-lines,hjb-primary-p4-lower-assessment-vertical-parallel-lines|hjb-primary-p4-lower-assessment-review-operation-properties,
P4,lower,hjb-primary-p4-lower-vertical-parallel-lines,几何小实践,fill-in,Core,1,hjb-primary-p4-lower-vertical-parallel-lines,hjb-primary-p4-lower-assessment-vertical-parallel-lines|hjb-primary-p4-lower-assessment-review-operation-properties,
P4,upper,hjb-primary-p4-upper-four-operations-problem-solving,整数的四则运算,multiple-choice,Core,8,hjb-primary-p4-upper-four-operations-problem-solving,hjb-primary-p4-upper-assessment-four-operations-problem-solving|hjb-primary-p4-upper-assessment-final-integrated,
P4,upper,hjb-primary-p4-upper-four-operations-problem-solving,整数的四则运算,fill-in,Foundation,8,hjb-primary-p4-upper-four-operations-problem-solving,hjb-primary-p4-upper-assessment-four-operations-problem-solving|hjb-primary-p4-upper-assessment-final-integrated,
P4,upper,hjb-primary-p4-upper-four-operations-problem-solving,整数的四则运算,short-answer,Challenge,7,hjb-primary-p4-upper-four-operations-problem-solving,hjb-primary-p4-upper-assessment-four-operations-problem-solving|hjb-primary-p4-upper-assessment-final-integrated,
P4,upper,hjb-primary-p4-upper-fraction-extension,分数的初步认识（二）,fill-in,Challenge,1,hjb-primary-p4-upper-fraction-extension,hjb-primary-p4-upper-assessment-fraction-extension|hjb-primary-p4-upper-assessment-midterm-integrated,
P4,upper,hjb-primary-p4-upper-fraction-extension,分数的初步认识（二）,short-answer,Exam,1,hjb-primary-p4-upper-fraction-extension,hjb-primary-p4-upper-assessment-fraction-extension|hjb-primary-p4-upper-assessment-midterm-integrated,
P4,upper,hjb-primary-p4-upper-fraction-extension,分数的初步认识（二）,multiple-choice,Core,7,hjb-primary-p4-upper-fraction-extension,hjb-primary-p4-upper-assessment-fraction-extension|hjb-primary-p4-upper-assessment-midterm-integrated,
P4,upper,hjb-primary-p4-upper-fraction-extension,分数的初步认识（二）,fill-in,Foundation,7,hjb-primary-p4-upper-fraction-extension,hjb-primary-p4-upper-assessment-fraction-extension|hjb-primary-p4-upper-assessment-midterm-integrated,
P4,upper,hjb-primary-p4-upper-fraction-extension,分数的初步认识（二）,short-answer,Challenge,7,hjb-primary-p4-upper-fraction-extension,hjb-primary-p4-upper-assessment-fraction-extension|hjb-primary-p4-upper-assessment-midterm-integrated,
P4,upper,hjb-primary-p4-upper-geometry-circle-lines-angles,几何小实践,short-answer,Challenge,8,hjb-primary-p4-upper-geometry-circle-lines-angles,hjb-primary-p4-upper-assessment-geometry-circle-lines-angles|hjb-primary-p4-upper-assessment-review-operations-fractions,
P4,upper,hjb-primary-p4-upper-geometry-circle-lines-angles,几何小实践,multiple-choice,Core,8,hjb-primary-p4-upper-geometry-circle-lines-angles,hjb-primary-p4-upper-assessment-geometry-circle-lines-angles|hjb-primary-p4-upper-assessment-review-operations-fractions,
P4,upper,hjb-primary-p4-upper-geometry-circle-lines-angles,几何小实践,fill-in,Foundation,7,hjb-primary-p4-upper-geometry-circle-lines-angles,hjb-primary-p4-upper-assessment-geometry-circle-lines-angles|hjb-primary-p4-upper-assessment-review-operations-fractions,
P4,upper,hjb-primary-p4-upper-large-numbers-measurement,数与量,short-answer,Exam,2,hjb-primary-p4-upper-large-numbers-measurement,hjb-primary-p4-upper-assessment-large-numbers-measurement|hjb-primary-p4-upper-assessment-midterm-integrated,
P4,upper,hjb-primary-p4-upper-large-numbers-measurement,数与量,multiple-choice,Core,2,hjb-primary-p4-upper-large-numbers-measurement,hjb-primary-p4-upper-assessment-large-numbers-measurement|hjb-primary-p4-upper-assessment-midterm-integrated,
P4,upper,hjb-primary-p4-upper-large-numbers-measurement,数与量,fill-in,Foundation,2,hjb-primary-p4-upper-large-numbers-measurement,hjb-primary-p4-upper-assessment-large-numbers-measurement|hjb-primary-p4-upper-assessment-midterm-integrated,
P4,upper,hjb-primary-p4-upper-large-numbers-measurement,数与量,short-answer,Challenge,2,hjb-primary-p4-upper-large-numbers-measurement,hjb-primary-p4-upper-assessment-large-numbers-measurement|hjb-primary-p4-upper-assessment-midterm-integrated,
P4,upper,hjb-primary-p4-upper-large-numbers-measurement,数与量,multiple-choice,Exam,2,hjb-primary-p4-upper-large-numbers-measurement,hjb-primary-p4-upper-assessment-large-numbers-measurement|hjb-primary-p4-upper-assessment-midterm-integrated,
P4,upper,hjb-primary-p4-upper-large-numbers-measurement,数与量,fill-in,Core,2,hjb-primary-p4-upper-large-numbers-measurement,hjb-primary-p4-upper-assessment-large-numbers-measurement|hjb-primary-p4-upper-assessment-midterm-integrated,
P4,upper,hjb-primary-p4-upper-large-numbers-measurement,数与量,short-answer,Foundation,2,hjb-primary-p4-upper-large-numbers-measurement,hjb-primary-p4-upper-assessment-large-numbers-measurement|hjb-primary-p4-upper-assessment-midterm-integrated,
P4,upper,hjb-primary-p4-upper-large-numbers-measurement,数与量,multiple-choice,Challenge,2,hjb-primary-p4-upper-large-numbers-measurement,hjb-primary-p4-upper-assessment-large-numbers-measurement|hjb-primary-p4-upper-assessment-midterm-integrated,
P4,upper,hjb-primary-p4-upper-large-numbers-measurement,数与量,fill-in,Exam,2,hjb-primary-p4-upper-large-numbers-measurement,hjb-primary-p4-upper-assessment-large-numbers-measurement|hjb-primary-p4-upper-assessment-midterm-integrated,
P4,upper,hjb-primary-p4-upper-large-numbers-measurement,数与量,short-answer,Core,2,hjb-primary-p4-upper-large-numbers-measurement,hjb-primary-p4-upper-assessment-large-numbers-measurement|hjb-primary-p4-upper-assessment-midterm-integrated,
P4,upper,hjb-primary-p4-upper-large-numbers-measurement,数与量,multiple-choice,Foundation,2,hjb-primary-p4-upper-large-numbers-measurement,hjb-primary-p4-upper-assessment-large-numbers-measurement|hjb-primary-p4-upper-assessment-midterm-integrated,
P4,upper,hjb-primary-p4-upper-large-numbers-measurement,数与量,fill-in,Challenge,1,hjb-primary-p4-upper-large-numbers-measurement,hjb-primary-p4-upper-assessment-large-numbers-measurement|hjb-primary-p4-upper-assessment-midterm-integrated,
P4,upper,hjb-primary-p4-upper-review-integration,四年级上册整理与提高,fill-in,Foundation,6,hjb-primary-p4-upper-review-integration,hjb-primary-p4-upper-assessment-review-integration|hjb-primary-p4-upper-assessment-final-integrated,
P4,upper,hjb-primary-p4-upper-review-integration,四年级上册整理与提高,short-answer,Challenge,4,hjb-primary-p4-upper-review-integration,hjb-primary-p4-upper-assessment-review-integration|hjb-primary-p4-upper-assessment-final-integrated,
P4,upper,hjb-primary-p4-upper-review-integration,四年级上册整理与提高,multiple-choice,Core,5,hjb-primary-p4-upper-review-integration,hjb-primary-p4-upper-assessment-review-integration|hjb-primary-p4-upper-assessment-final-integrated,
P4,upper,hjb-primary-p4-upper-review-integration,四年级上册整理与提高,short-answer,Core,2,hjb-primary-p4-upper-review-integration,hjb-primary-p4-upper-assessment-review-integration|hjb-primary-p4-upper-assessment-final-integrated,
P4,upper,hjb-primary-p4-upper-review-integration,四年级上册整理与提高,multiple-choice,Foundation,2,hjb-primary-p4-upper-review-integration,hjb-primary-p4-upper-assessment-review-integration|hjb-primary-p4-upper-assessment-final-integrated,
P4,upper,hjb-primary-p4-upper-review-integration,四年级上册整理与提高,fill-in,Core,2,hjb-primary-p4-upper-review-integration,hjb-primary-p4-upper-assessment-review-integration|hjb-primary-p4-upper-assessment-final-integrated,
P4,upper,hjb-primary-p4-upper-review-integration,四年级上册整理与提高,short-answer,Foundation,2,hjb-primary-p4-upper-review-integration,hjb-primary-p4-upper-assessment-review-integration|hjb-primary-p4-upper-assessment-final-integrated,
P4,upper,hjb-primary-p4-upper-review-operations-fractions,复习与提高,multiple-choice,Core,2,hjb-primary-p4-upper-review-operations-fractions,hjb-primary-p4-upper-assessment-review-operations-fractions|hjb-primary-p4-upper-assessment-midterm-integrated,
P4,upper,hjb-primary-p4-upper-review-operations-fractions,复习与提高,fill-in,Foundation,2,hjb-primary-p4-upper-review-operations-fractions,hjb-primary-p4-upper-assessment-review-operations-fractions|hjb-primary-p4-upper-assessment-midterm-integrated,
P4,upper,hjb-primary-p4-upper-review-operations-fractions,复习与提高,short-answer,Challenge,2,hjb-primary-p4-upper-review-operations-fractions,hjb-primary-p4-upper-assessment-review-operations-fractions|hjb-primary-p4-upper-assessment-midterm-integrated,
P4,upper,hjb-primary-p4-upper-review-operations-fractions,复习与提高,multiple-choice,Exam,2,hjb-primary-p4-upper-review-operations-fractions,hjb-primary-p4-upper-assessment-review-operations-fractions|hjb-primary-p4-upper-assessment-midterm-integrated,
P4,upper,hjb-primary-p4-upper-review-operations-fractions,复习与提高,fill-in,Core,2,hjb-primary-p4-upper-review-operations-fractions,hjb-primary-p4-upper-assessment-review-operations-fractions|hjb-primary-p4-upper-assessment-midterm-integrated,
P4,upper,hjb-primary-p4-upper-review-operations-fractions,复习与提高,short-answer,Foundation,2,hjb-primary-p4-upper-review-operations-fractions,hjb-primary-p4-upper-assessment-review-operations-fractions|hjb-primary-p4-upper-assessment-midterm-integrated,
P4,upper,hjb-primary-p4-upper-review-operations-fractions,复习与提高,multiple-choice,Challenge,2,hjb-primary-p4-upper-review-operations-fractions,hjb-primary-p4-upper-assessment-review-operations-fractions|hjb-primary-p4-upper-assessment-midterm-integrated,
P4,upper,hjb-primary-p4-upper-review-operations-fractions,复习与提高,fill-in,Exam,2,hjb-primary-p4-upper-review-operations-fractions,hjb-primary-p4-upper-assessment-review-operations-fractions|hjb-primary-p4-upper-assessment-midterm-integrated,
P4,upper,hjb-primary-p4-upper-review-operations-fractions,复习与提高,short-answer,Core,2,hjb-primary-p4-upper-review-operations-fractions,hjb-primary-p4-upper-assessment-review-operations-fractions|hjb-primary-p4-upper-assessment-midterm-integrated,
P4,upper,hjb-primary-p4-upper-review-operations-fractions,复习与提高,multiple-choice,Foundation,2,hjb-primary-p4-upper-review-operations-fractions,hjb-primary-p4-upper-assessment-review-operations-fractions|hjb-primary-p4-upper-assessment-midterm-integrated,
P4,upper,hjb-primary-p4-upper-review-operations-fractions,复习与提高,fill-in,Challenge,2,hjb-primary-p4-upper-review-operations-fractions,hjb-primary-p4-upper-assessment-review-operations-fractions|hjb-primary-p4-upper-assessment-midterm-integrated,
P4,upper,hjb-primary-p4-upper-review-operations-fractions,复习与提高,short-answer,Exam,1,hjb-primary-p4-upper-review-operations-fractions,hjb-primary-p4-upper-assessment-review-operations-fractions|hjb-primary-p4-upper-assessment-midterm-integrated,
P5,lower,hjb-primary-p5-lower-cuboid-cube,长方体、正方体与体积,multiple-choice,Core,16,hjb-primary-p5-lower-cuboid-cube,hjb-primary-p6-lower-assessment-cylinder-cone|hjb-primary-p5-upper-assessment-decimal-operations-unit,
P5,lower,hjb-primary-p5-lower-cuboid-cube,长方体、正方体与体积,fill-in,Core,15,hjb-primary-p5-lower-cuboid-cube,hjb-primary-p6-lower-assessment-cylinder-cone|hjb-primary-p5-upper-assessment-decimal-operations-unit,
P5,lower,hjb-primary-p5-lower-factors-multiples,因数、倍数与数的结构,multiple-choice,Foundation,10,hjb-primary-p5-lower-factors-multiples,hjb-primary-p5-upper-assessment-decimal-operations-unit|hjb-primary-p5-upper-assessment-equations-relationships-unit,
P5,lower,hjb-primary-p5-lower-factors-multiples,因数、倍数与数的结构,fill-in,Challenge,9,hjb-primary-p5-lower-factors-multiples,hjb-primary-p5-upper-assessment-decimal-operations-unit|hjb-primary-p5-upper-assessment-equations-relationships-unit,
P5,lower,hjb-primary-p5-lower-factors-multiples,因数、倍数与数的结构,short-answer,Core,9,hjb-primary-p5-lower-factors-multiples,hjb-primary-p5-upper-assessment-decimal-operations-unit|hjb-primary-p5-upper-assessment-equations-relationships-unit,
P5,lower,hjb-primary-p5-lower-factors-multiples,因数、倍数与数的结构,fill-in,Core,1,hjb-primary-p5-lower-factors-multiples,hjb-primary-p5-upper-assessment-decimal-operations-unit|hjb-primary-p5-upper-assessment-equations-relationships-unit,
P5,lower,hjb-primary-p5-lower-factors-multiples,因数、倍数与数的结构,short-answer,Foundation,1,hjb-primary-p5-lower-factors-multiples,hjb-primary-p5-upper-assessment-decimal-operations-unit|hjb-primary-p5-upper-assessment-equations-relationships-unit,
P5,lower,hjb-primary-p5-lower-factors-multiples,因数、倍数与数的结构,multiple-choice,Core,1,hjb-primary-p5-lower-factors-multiples,hjb-primary-p5-upper-assessment-decimal-operations-unit|hjb-primary-p5-upper-assessment-equations-relationships-unit,
P5,lower,hjb-primary-p5-lower-fractions-equivalence-operations,分数意义、性质与加减,fill-in,Foundation,8,hjb-primary-p5-lower-fractions-equivalence-operations,hjb-primary-p5-upper-assessment-decimal-operations-unit|hjb-primary-p5-upper-assessment-equations-relationships-unit,
P5,lower,hjb-primary-p5-lower-fractions-equivalence-operations,分数意义、性质与加减,short-answer,Core,4,hjb-primary-p5-lower-fractions-equivalence-operations,hjb-primary-p5-upper-assessment-decimal-operations-unit|hjb-primary-p5-upper-assessment-equations-relationships-unit,
P5,lower,hjb-primary-p5-lower-fractions-equivalence-operations,分数意义、性质与加减,multiple-choice,Foundation,4,hjb-primary-p5-lower-fractions-equivalence-operations,hjb-primary-p5-upper-assessment-decimal-operations-unit|hjb-primary-p5-upper-assessment-equations-relationships-unit,
P5,lower,hjb-primary-p5-lower-fractions-equivalence-operations,分数意义、性质与加减,fill-in,Core,4,hjb-primary-p5-lower-fractions-equivalence-operations,hjb-primary-p5-upper-assessment-decimal-operations-unit|hjb-primary-p5-upper-assessment-equations-relationships-unit,
P5,lower,hjb-primary-p5-lower-fractions-equivalence-operations,分数意义、性质与加减,short-answer,Foundation,4,hjb-primary-p5-lower-fractions-equivalence-operations,hjb-primary-p5-upper-assessment-decimal-operations-unit|hjb-primary-p5-upper-assessment-equations-relationships-unit,
P5,lower,hjb-primary-p5-lower-fractions-equivalence-operations,分数意义、性质与加减,multiple-choice,Core,7,hjb-primary-p5-lower-fractions-equivalence-operations,hjb-primary-p5-upper-assessment-decimal-operations-unit|hjb-primary-p5-upper-assessment-equations-relationships-unit,
P5,lower,hjb-primary-p5-lower-statistics-review,统计表达与综合应用,fill-in,Core,11,hjb-primary-p5-lower-statistics-review,hjb-primary-p5-upper-assessment-data-average-unit|hjb-primary-p4-lower-assessment-line-statistics,
P5,lower,hjb-primary-p5-lower-statistics-review,统计表达与综合应用,multiple-choice,Core,20,hjb-primary-p5-lower-statistics-review,hjb-primary-p5-upper-assessment-data-average-unit|hjb-primary-p4-lower-assessment-line-statistics,
P5,upper,hjb-primary-p5-upper-data-average,数据整理与平均数,short-answer,Core,11,hjb-primary-p5-upper-data-average,hjb-primary-p5-upper-assessment-data-average-unit|hjb-primary-p5-upper-assessment-final-integrated,
P5,upper,hjb-primary-p5-upper-data-average,数据整理与平均数,multiple-choice,Foundation,10,hjb-primary-p5-upper-data-average,hjb-primary-p5-upper-assessment-data-average-unit|hjb-primary-p5-upper-assessment-final-integrated,
P5,upper,hjb-primary-p5-upper-data-average,数据整理与平均数,fill-in,Challenge,10,hjb-primary-p5-upper-data-average,hjb-primary-p5-upper-assessment-data-average-unit|hjb-primary-p5-upper-assessment-final-integrated,
P5,upper,hjb-primary-p5-upper-decimal-operations,小数乘除法与估算,multiple-choice,Core,3,hjb-primary-p5-upper-decimal-operations,hjb-primary-p5-upper-assessment-decimal-operations-unit|hjb-primary-p5-upper-assessment-midterm-integrated,
P5,upper,hjb-primary-p5-upper-decimal-operations,小数乘除法与估算,fill-in,Foundation,3,hjb-primary-p5-upper-decimal-operations,hjb-primary-p5-upper-assessment-decimal-operations-unit|hjb-primary-p5-upper-assessment-midterm-integrated,
P5,upper,hjb-primary-p5-upper-decimal-operations,小数乘除法与估算,short-answer,Challenge,3,hjb-primary-p5-upper-decimal-operations,hjb-primary-p5-upper-assessment-decimal-operations-unit|hjb-primary-p5-upper-assessment-midterm-integrated,
P5,upper,hjb-primary-p5-upper-decimal-operations,小数乘除法与估算,multiple-choice,Exam,3,hjb-primary-p5-upper-decimal-operations,hjb-primary-p5-upper-assessment-decimal-operations-unit|hjb-primary-p5-upper-assessment-midterm-integrated,
P5,upper,hjb-primary-p5-upper-decimal-operations,小数乘除法与估算,fill-in,Core,3,hjb-primary-p5-upper-decimal-operations,hjb-primary-p5-upper-assessment-decimal-operations-unit|hjb-primary-p5-upper-assessment-midterm-integrated,
P5,upper,hjb-primary-p5-upper-decimal-operations,小数乘除法与估算,short-answer,Foundation,3,hjb-primary-p5-upper-decimal-operations,hjb-primary-p5-upper-assessment-decimal-operations-unit|hjb-primary-p5-upper-assessment-midterm-integrated,
P5,upper,hjb-primary-p5-upper-decimal-operations,小数乘除法与估算,multiple-choice,Challenge,3,hjb-primary-p5-upper-decimal-operations,hjb-primary-p5-upper-assessment-decimal-operations-unit|hjb-primary-p5-upper-assessment-midterm-integrated,
P5,upper,hjb-primary-p5-upper-decimal-operations,小数乘除法与估算,fill-in,Exam,3,hjb-primary-p5-upper-decimal-operations,hjb-primary-p5-upper-assessment-decimal-operations-unit|hjb-primary-p5-upper-assessment-midterm-integrated,
P5,upper,hjb-primary-p5-upper-decimal-operations,小数乘除法与估算,short-answer,Core,2,hjb-primary-p5-upper-decimal-operations,hjb-primary-p5-upper-assessment-decimal-operations-unit|hjb-primary-p5-upper-assessment-midterm-integrated,
P5,upper,hjb-primary-p5-upper-decimal-operations,小数乘除法与估算,multiple-choice,Foundation,2,hjb-primary-p5-upper-decimal-operations,hjb-primary-p5-upper-assessment-decimal-operations-unit|hjb-primary-p5-upper-assessment-midterm-integrated,
P5,upper,hjb-primary-p5-upper-decimal-operations,小数乘除法与估算,fill-in,Challenge,2,hjb-primary-p5-upper-decimal-operations,hjb-primary-p5-upper-assessment-decimal-operations-unit|hjb-primary-p5-upper-assessment-midterm-integrated,
P5,upper,hjb-primary-p5-upper-decimal-operations,小数乘除法与估算,short-answer,Exam,2,hjb-primary-p5-upper-decimal-operations,hjb-primary-p5-upper-assessment-decimal-operations-unit|hjb-primary-p5-upper-assessment-midterm-integrated,
P5,upper,hjb-primary-p5-upper-equations-relationships,用字母表示数与简易方程,short-answer,Core,3,hjb-primary-p5-upper-equations-relationships,hjb-primary-p5-upper-assessment-equations-relationships-unit|hjb-primary-p5-upper-assessment-midterm-integrated,
P5,upper,hjb-primary-p5-upper-equations-relationships,用字母表示数与简易方程,multiple-choice,Foundation,3,hjb-primary-p5-upper-equations-relationships,hjb-primary-p5-upper-assessment-equations-relationships-unit|hjb-primary-p5-upper-assessment-midterm-integrated,
P5,upper,hjb-primary-p5-upper-equations-relationships,用字母表示数与简易方程,fill-in,Challenge,3,hjb-primary-p5-upper-equations-relationships,hjb-primary-p5-upper-assessment-equations-relationships-unit|hjb-primary-p5-upper-assessment-midterm-integrated,
P5,upper,hjb-primary-p5-upper-equations-relationships,用字母表示数与简易方程,short-answer,Exam,3,hjb-primary-p5-upper-equations-relationships,hjb-primary-p5-upper-assessment-equations-relationships-unit|hjb-primary-p5-upper-assessment-midterm-integrated,
P5,upper,hjb-primary-p5-upper-equations-relationships,用字母表示数与简易方程,multiple-choice,Core,3,hjb-primary-p5-upper-equations-relationships,hjb-primary-p5-upper-assessment-equations-relationships-unit|hjb-primary-p5-upper-assessment-midterm-integrated,
P5,upper,hjb-primary-p5-upper-equations-relationships,用字母表示数与简易方程,fill-in,Foundation,3,hjb-primary-p5-upper-equations-relationships,hjb-primary-p5-upper-assessment-equations-relationships-unit|hjb-primary-p5-upper-assessment-midterm-integrated,
P5,upper,hjb-primary-p5-upper-equations-relationships,用字母表示数与简易方程,short-answer,Challenge,3,hjb-primary-p5-upper-equations-relationships,hjb-primary-p5-upper-assessment-equations-relationships-unit|hjb-primary-p5-upper-assessment-midterm-integrated,
P5,upper,hjb-primary-p5-upper-equations-relationships,用字母表示数与简易方程,multiple-choice,Exam,3,hjb-primary-p5-upper-equations-relationships,hjb-primary-p5-upper-assessment-equations-relationships-unit|hjb-primary-p5-upper-assessment-midterm-integrated,
P5,upper,hjb-primary-p5-upper-equations-relationships,用字母表示数与简易方程,fill-in,Core,2,hjb-primary-p5-upper-equations-relationships,hjb-primary-p5-upper-assessment-equations-relationships-unit|hjb-primary-p5-upper-assessment-midterm-integrated,
P5,upper,hjb-primary-p5-upper-equations-relationships,用字母表示数与简易方程,short-answer,Foundation,2,hjb-primary-p5-upper-equations-relationships,hjb-primary-p5-upper-assessment-equations-relationships-unit|hjb-primary-p5-upper-assessment-midterm-integrated,
P5,upper,hjb-primary-p5-upper-equations-relationships,用字母表示数与简易方程,multiple-choice,Challenge,2,hjb-primary-p5-upper-equations-relationships,hjb-primary-p5-upper-assessment-equations-relationships-unit|hjb-primary-p5-upper-assessment-midterm-integrated,
P5,upper,hjb-primary-p5-upper-equations-relationships,用字母表示数与简易方程,fill-in,Exam,2,hjb-primary-p5-upper-equations-relationships,hjb-primary-p5-upper-assessment-equations-relationships-unit|hjb-primary-p5-upper-assessment-midterm-integrated,
P5,upper,hjb-primary-p5-upper-plane-figure-area,平面图形面积,fill-in,Core,1,hjb-primary-p5-upper-plane-figure-area,hjb-primary-p5-upper-assessment-plane-figure-area-unit|hjb-primary-p5-upper-assessment-midterm-integrated,
P5,upper,hjb-primary-p5-upper-plane-figure-area,平面图形面积,short-answer,Foundation,1,hjb-primary-p5-upper-plane-figure-area,hjb-primary-p5-upper-assessment-plane-figure-area-unit|hjb-primary-p5-upper-assessment-midterm-integrated,
P5,upper,hjb-primary-p5-upper-plane-figure-area,平面图形面积,multiple-choice,Challenge,1,hjb-primary-p5-upper-plane-figure-area,hjb-primary-p5-upper-assessment-plane-figure-area-unit|hjb-primary-p5-upper-assessment-midterm-integrated,
P5,upper,hjb-primary-p5-upper-plane-figure-area,平面图形面积,fill-in,Exam,1,hjb-primary-p5-upper-plane-figure-area,hjb-primary-p5-upper-assessment-plane-figure-area-unit|hjb-primary-p5-upper-assessment-midterm-integrated,
P5,upper,hjb-primary-p5-upper-plane-figure-area,平面图形面积,short-answer,Core,9,hjb-primary-p5-upper-plane-figure-area,hjb-primary-p5-upper-assessment-plane-figure-area-unit|hjb-primary-p5-upper-assessment-midterm-integrated,
P5,upper,hjb-primary-p5-upper-plane-figure-area,平面图形面积,multiple-choice,Foundation,9,hjb-primary-p5-upper-plane-figure-area,hjb-primary-p5-upper-assessment-plane-figure-area-unit|hjb-primary-p5-upper-assessment-midterm-integrated,
P5,upper,hjb-primary-p5-upper-plane-figure-area,平面图形面积,fill-in,Challenge,9,hjb-primary-p5-upper-plane-figure-area,hjb-primary-p5-upper-assessment-plane-figure-area-unit|hjb-primary-p5-upper-assessment-midterm-integrated,
P6,lower,hjb-primary-p6-lower-circle-sector,圆与扇形,multiple-choice,Foundation,6,hjb-primary-p6-lower-circle-sector,hjb-primary-p6-lower-assessment-circle-sector|hjb-primary-p6-lower-assessment-stage-integrated,
P6,lower,hjb-primary-p6-lower-circle-sector,圆与扇形,fill-in,Challenge,6,hjb-primary-p6-lower-circle-sector,hjb-primary-p6-lower-assessment-circle-sector|hjb-primary-p6-lower-assessment-stage-integrated,
P6,lower,hjb-primary-p6-lower-circle-sector,圆与扇形,short-answer,Core,6,hjb-primary-p6-lower-circle-sector,hjb-primary-p6-lower-assessment-circle-sector|hjb-primary-p6-lower-assessment-stage-integrated,
P6,lower,hjb-primary-p6-lower-cuboid,长方体,fill-in,Core,4,hjb-primary-p6-lower-cuboid,hjb-primary-p6-lower-assessment-cylinder-cone|hjb-primary-p6-lower-assessment-ratio-proportion,
P6,lower,hjb-primary-p6-lower-cuboid,长方体,multiple-choice,Core,13,hjb-primary-p6-lower-cuboid,hjb-primary-p6-lower-assessment-cylinder-cone|hjb-primary-p6-lower-assessment-ratio-proportion,
P6,lower,hjb-primary-p6-lower-cylinder-cone,圆柱与圆锥,multiple-choice,Foundation,6,hjb-primary-p6-lower-cylinder-cone,hjb-primary-p6-lower-assessment-cylinder-cone|hjb-primary-p6-lower-assessment-final-integrated,
P6,lower,hjb-primary-p6-lower-cylinder-cone,圆柱与圆锥,fill-in,Challenge,6,hjb-primary-p6-lower-cylinder-cone,hjb-primary-p6-lower-assessment-cylinder-cone|hjb-primary-p6-lower-assessment-final-integrated,
P6,lower,hjb-primary-p6-lower-cylinder-cone,圆柱与圆锥,short-answer,Core,6,hjb-primary-p6-lower-cylinder-cone,hjb-primary-p6-lower-assessment-cylinder-cone|hjb-primary-p6-lower-assessment-final-integrated,
P6,lower,hjb-primary-p6-lower-linear-equations-inequalities,一元一次方程,multiple-choice,Core,9,hjb-primary-p6-lower-linear-equations-inequalities,hjb-primary-p6-six-up-assessment-linear-equations-unit|hjb-primary-p6-lower-assessment-linear-systems,
P6,lower,hjb-primary-p6-lower-linear-equations-inequalities,一元一次方程,fill-in,Core,9,hjb-primary-p6-lower-linear-equations-inequalities,hjb-primary-p6-six-up-assessment-linear-equations-unit|hjb-primary-p6-lower-assessment-linear-systems,
P6,lower,hjb-primary-p6-lower-linear-systems,二元一次方程组,multiple-choice,Foundation,5,hjb-primary-p6-lower-linear-systems,hjb-primary-p6-lower-assessment-linear-systems|hjb-primary-p6-lower-assessment-final-integrated,
P6,lower,hjb-primary-p6-lower-linear-systems,二元一次方程组,fill-in,Challenge,3,hjb-primary-p6-lower-linear-systems,hjb-primary-p6-lower-assessment-linear-systems|hjb-primary-p6-lower-assessment-final-integrated,
P6,lower,hjb-primary-p6-lower-linear-systems,二元一次方程组,short-answer,Core,4,hjb-primary-p6-lower-linear-systems,hjb-primary-p6-lower-assessment-linear-systems|hjb-primary-p6-lower-assessment-final-integrated,
P6,lower,hjb-primary-p6-lower-linear-systems,二元一次方程组,fill-in,Core,2,hjb-primary-p6-lower-linear-systems,hjb-primary-p6-lower-assessment-linear-systems|hjb-primary-p6-lower-assessment-final-integrated,
P6,lower,hjb-primary-p6-lower-linear-systems,二元一次方程组,short-answer,Foundation,2,hjb-primary-p6-lower-linear-systems,hjb-primary-p6-lower-assessment-linear-systems|hjb-primary-p6-lower-assessment-final-integrated,
P6,lower,hjb-primary-p6-lower-linear-systems,二元一次方程组,multiple-choice,Core,1,hjb-primary-p6-lower-linear-systems,hjb-primary-p6-lower-assessment-linear-systems|hjb-primary-p6-lower-assessment-final-integrated,
P6,lower,hjb-primary-p6-lower-linear-systems,二元一次方程组,fill-in,Foundation,1,hjb-primary-p6-lower-linear-systems,hjb-primary-p6-lower-assessment-linear-systems|hjb-primary-p6-lower-assessment-final-integrated,
P6,lower,hjb-primary-p6-lower-probability-statistics,可能性与统计图表,multiple-choice,Foundation,6,hjb-primary-p6-lower-probability-statistics,hjb-primary-p6-lower-assessment-probability-statistics|hjb-primary-p6-lower-assessment-midterm-integrated,
P6,lower,hjb-primary-p6-lower-probability-statistics,可能性与统计图表,fill-in,Challenge,6,hjb-primary-p6-lower-probability-statistics,hjb-primary-p6-lower-assessment-probability-statistics|hjb-primary-p6-lower-assessment-midterm-integrated,
P6,lower,hjb-primary-p6-lower-probability-statistics,可能性与统计图表,short-answer,Core,6,hjb-primary-p6-lower-probability-statistics,hjb-primary-p6-lower-assessment-probability-statistics|hjb-primary-p6-lower-assessment-midterm-integrated,
P6,lower,hjb-primary-p6-lower-ratio-proportion,比与比例,multiple-choice,Foundation,6,hjb-primary-p6-lower-ratio-proportion,hjb-primary-p6-lower-assessment-ratio-proportion|hjb-primary-p6-lower-assessment-stage-integrated,
P6,lower,hjb-primary-p6-lower-ratio-proportion,比与比例,fill-in,Challenge,6,hjb-primary-p6-lower-ratio-proportion,hjb-primary-p6-lower-assessment-ratio-proportion|hjb-primary-p6-lower-assessment-stage-integrated,
P6,lower,hjb-primary-p6-lower-ratio-proportion,比与比例,short-answer,Core,6,hjb-primary-p6-lower-ratio-proportion,hjb-primary-p6-lower-assessment-ratio-proportion|hjb-primary-p6-lower-assessment-stage-integrated,
P6,lower,hjb-primary-p6-lower-rational-numbers,有理数,multiple-choice,Core,3,hjb-primary-p6-lower-rational-numbers,hjb-primary-p6-six-up-assessment-rational-numbers-unit|hjb-primary-p6-six-up-assessment-midterm-integrated,
P6,lower,hjb-primary-p6-lower-rational-numbers,有理数,fill-in,Foundation,3,hjb-primary-p6-lower-rational-numbers,hjb-primary-p6-six-up-assessment-rational-numbers-unit|hjb-primary-p6-six-up-assessment-midterm-integrated,
P6,lower,hjb-primary-p6-lower-rational-numbers,有理数,short-answer,Core,3,hjb-primary-p6-lower-rational-numbers,hjb-primary-p6-six-up-assessment-rational-numbers-unit|hjb-primary-p6-six-up-assessment-midterm-integrated,
P6,lower,hjb-primary-p6-lower-rational-numbers,有理数,multiple-choice,Foundation,3,hjb-primary-p6-lower-rational-numbers,hjb-primary-p6-six-up-assessment-rational-numbers-unit|hjb-primary-p6-six-up-assessment-midterm-integrated,
P6,lower,hjb-primary-p6-lower-rational-numbers,有理数,fill-in,Core,3,hjb-primary-p6-lower-rational-numbers,hjb-primary-p6-six-up-assessment-rational-numbers-unit|hjb-primary-p6-six-up-assessment-midterm-integrated,
P6,lower,hjb-primary-p6-lower-rational-numbers,有理数,short-answer,Foundation,3,hjb-primary-p6-lower-rational-numbers,hjb-primary-p6-six-up-assessment-rational-numbers-unit|hjb-primary-p6-six-up-assessment-midterm-integrated,
P6,lower,hjb-primary-p6-lower-segments-angles,线段与角,multiple-choice,Core,9,hjb-primary-p6-lower-segments-angles,hjb-primary-p6-six-up-assessment-segments-angles-unit|hjb-primary-p6-six-up-assessment-final-integrated,
P6,lower,hjb-primary-p6-lower-segments-angles,线段与角,fill-in,Core,8,hjb-primary-p6-lower-segments-angles,hjb-primary-p6-six-up-assessment-segments-angles-unit|hjb-primary-p6-six-up-assessment-final-integrated,
P6,lower,hjb-primary-p6-lower-simple-algebraic-expressions,简单的代数式,multiple-choice,Core,9,hjb-primary-p6-lower-simple-algebraic-expressions,hjb-primary-p6-six-up-assessment-simple-algebraic-expressions-unit|hjb-primary-p6-six-up-assessment-midterm-integrated,
P6,lower,hjb-primary-p6-lower-simple-algebraic-expressions,简单的代数式,fill-in,Foundation,4,hjb-primary-p6-lower-simple-algebraic-expressions,hjb-primary-p6-six-up-assessment-simple-algebraic-expressions-unit|hjb-primary-p6-six-up-assessment-midterm-integrated,
P6,lower,hjb-primary-p6-lower-simple-algebraic-expressions,简单的代数式,fill-in,Core,5,hjb-primary-p6-lower-simple-algebraic-expressions,hjb-primary-p6-six-up-assessment-simple-algebraic-expressions-unit|hjb-primary-p6-six-up-assessment-midterm-integrated,
P6,upper,hjb-primary-p6-upper-circle-sector,圆和扇形,multiple-choice,Challenge,2,hjb-primary-p6-upper-circle-sector,hjb-primary-p6-lower-assessment-circle-sector|hjb-primary-p4-upper-assessment-geometry-circle-lines-angles,
P6,upper,hjb-primary-p6-upper-circle-sector,圆和扇形,fill-in,Exam,2,hjb-primary-p6-upper-circle-sector,hjb-primary-p6-lower-assessment-circle-sector|hjb-primary-p4-upper-assessment-geometry-circle-lines-angles,
P6,upper,hjb-primary-p6-upper-circle-sector,圆和扇形,short-answer,Core,3,hjb-primary-p6-upper-circle-sector,hjb-primary-p6-lower-assessment-circle-sector|hjb-primary-p4-upper-assessment-geometry-circle-lines-angles,
P6,upper,hjb-primary-p6-upper-circle-sector,圆和扇形,multiple-choice,Foundation,2,hjb-primary-p6-upper-circle-sector,hjb-primary-p6-lower-assessment-circle-sector|hjb-primary-p4-upper-assessment-geometry-circle-lines-angles,
P6,upper,hjb-primary-p6-upper-circle-sector,圆和扇形,fill-in,Challenge,2,hjb-primary-p6-upper-circle-sector,hjb-primary-p6-lower-assessment-circle-sector|hjb-primary-p4-upper-assessment-geometry-circle-lines-angles,
P6,upper,hjb-primary-p6-upper-circle-sector,圆和扇形,short-answer,Exam,1,hjb-primary-p6-upper-circle-sector,hjb-primary-p6-lower-assessment-circle-sector|hjb-primary-p4-upper-assessment-geometry-circle-lines-angles,
P6,upper,hjb-primary-p6-upper-circle-sector,圆和扇形,multiple-choice,Core,1,hjb-primary-p6-upper-circle-sector,hjb-primary-p6-lower-assessment-circle-sector|hjb-primary-p4-upper-assessment-geometry-circle-lines-angles,
P6,upper,hjb-primary-p6-upper-circle-sector,圆和扇形,fill-in,Foundation,1,hjb-primary-p6-upper-circle-sector,hjb-primary-p6-lower-assessment-circle-sector|hjb-primary-p4-upper-assessment-geometry-circle-lines-angles,
P6,upper,hjb-primary-p6-upper-circle-sector,圆和扇形,short-answer,Challenge,1,hjb-primary-p6-upper-circle-sector,hjb-primary-p6-lower-assessment-circle-sector|hjb-primary-p4-upper-assessment-geometry-circle-lines-angles,
P6,upper,hjb-primary-p6-upper-circle-sector,圆和扇形,multiple-choice,Exam,1,hjb-primary-p6-upper-circle-sector,hjb-primary-p6-lower-assessment-circle-sector|hjb-primary-p4-upper-assessment-geometry-circle-lines-angles,
P6,upper,hjb-primary-p6-upper-circle-sector,圆和扇形,fill-in,Core,1,hjb-primary-p6-upper-circle-sector,hjb-primary-p6-lower-assessment-circle-sector|hjb-primary-p4-upper-assessment-geometry-circle-lines-angles,
P6,upper,hjb-primary-p6-upper-circle-sector,圆和扇形,short-answer,Foundation,1,hjb-primary-p6-upper-circle-sector,hjb-primary-p6-lower-assessment-circle-sector|hjb-primary-p4-upper-assessment-geometry-circle-lines-angles,
P6,upper,hjb-primary-p6-upper-divisibility,数的整除,multiple-choice,Core,2,hjb-primary-p6-upper-divisibility,hjb-primary-p6-lower-assessment-ratio-proportion|hjb-primary-p6-lower-assessment-circle-sector,
P6,upper,hjb-primary-p6-upper-divisibility,数的整除,fill-in,Foundation,2,hjb-primary-p6-upper-divisibility,hjb-primary-p6-lower-assessment-ratio-proportion|hjb-primary-p6-lower-assessment-circle-sector,
P6,upper,hjb-primary-p6-upper-divisibility,数的整除,short-answer,Challenge,2,hjb-primary-p6-upper-divisibility,hjb-primary-p6-lower-assessment-ratio-proportion|hjb-primary-p6-lower-assessment-circle-sector,
P6,upper,hjb-primary-p6-upper-divisibility,数的整除,multiple-choice,Exam,2,hjb-primary-p6-upper-divisibility,hjb-primary-p6-lower-assessment-ratio-proportion|hjb-primary-p6-lower-assessment-circle-sector,
P6,upper,hjb-primary-p6-upper-divisibility,数的整除,fill-in,Core,2,hjb-primary-p6-upper-divisibility,hjb-primary-p6-lower-assessment-ratio-proportion|hjb-primary-p6-lower-assessment-circle-sector,
P6,upper,hjb-primary-p6-upper-divisibility,数的整除,short-answer,Foundation,2,hjb-primary-p6-upper-divisibility,hjb-primary-p6-lower-assessment-ratio-proportion|hjb-primary-p6-lower-assessment-circle-sector,
P6,upper,hjb-primary-p6-upper-divisibility,数的整除,multiple-choice,Challenge,1,hjb-primary-p6-upper-divisibility,hjb-primary-p6-lower-assessment-ratio-proportion|hjb-primary-p6-lower-assessment-circle-sector,
P6,upper,hjb-primary-p6-upper-divisibility,数的整除,fill-in,Exam,1,hjb-primary-p6-upper-divisibility,hjb-primary-p6-lower-assessment-ratio-proportion|hjb-primary-p6-lower-assessment-circle-sector,
P6,upper,hjb-primary-p6-upper-divisibility,数的整除,short-answer,Core,1,hjb-primary-p6-upper-divisibility,hjb-primary-p6-lower-assessment-ratio-proportion|hjb-primary-p6-lower-assessment-circle-sector,
P6,upper,hjb-primary-p6-upper-divisibility,数的整除,multiple-choice,Foundation,1,hjb-primary-p6-upper-divisibility,hjb-primary-p6-lower-assessment-ratio-proportion|hjb-primary-p6-lower-assessment-circle-sector,
P6,upper,hjb-primary-p6-upper-divisibility,数的整除,fill-in,Challenge,1,hjb-primary-p6-upper-divisibility,hjb-primary-p6-lower-assessment-ratio-proportion|hjb-primary-p6-lower-assessment-circle-sector,
P6,upper,hjb-primary-p6-upper-divisibility,数的整除,short-answer,Exam,1,hjb-primary-p6-upper-divisibility,hjb-primary-p6-lower-assessment-ratio-proportion|hjb-primary-p6-lower-assessment-circle-sector,
P6,upper,hjb-primary-p6-upper-fractions,分数,multiple-choice,Challenge,2,hjb-primary-p6-upper-fractions,hjb-primary-p4-upper-assessment-review-operations-fractions|hjb-primary-p4-upper-assessment-fraction-extension,
P6,upper,hjb-primary-p6-upper-fractions,分数,fill-in,Exam,2,hjb-primary-p6-upper-fractions,hjb-primary-p4-upper-assessment-review-operations-fractions|hjb-primary-p4-upper-assessment-fraction-extension,
P6,upper,hjb-primary-p6-upper-fractions,分数,short-answer,Core,2,hjb-primary-p6-upper-fractions,hjb-primary-p4-upper-assessment-review-operations-fractions|hjb-primary-p4-upper-assessment-fraction-extension,
P6,upper,hjb-primary-p6-upper-fractions,分数,multiple-choice,Foundation,2,hjb-primary-p6-upper-fractions,hjb-primary-p4-upper-assessment-review-operations-fractions|hjb-primary-p4-upper-assessment-fraction-extension,
P6,upper,hjb-primary-p6-upper-fractions,分数,fill-in,Challenge,2,hjb-primary-p6-upper-fractions,hjb-primary-p4-upper-assessment-review-operations-fractions|hjb-primary-p4-upper-assessment-fraction-extension,
P6,upper,hjb-primary-p6-upper-fractions,分数,short-answer,Exam,2,hjb-primary-p6-upper-fractions,hjb-primary-p4-upper-assessment-review-operations-fractions|hjb-primary-p4-upper-assessment-fraction-extension,
P6,upper,hjb-primary-p6-upper-fractions,分数,multiple-choice,Core,1,hjb-primary-p6-upper-fractions,hjb-primary-p4-upper-assessment-review-operations-fractions|hjb-primary-p4-upper-assessment-fraction-extension,
P6,upper,hjb-primary-p6-upper-fractions,分数,fill-in,Foundation,1,hjb-primary-p6-upper-fractions,hjb-primary-p4-upper-assessment-review-operations-fractions|hjb-primary-p4-upper-assessment-fraction-extension,
P6,upper,hjb-primary-p6-upper-fractions,分数,short-answer,Challenge,1,hjb-primary-p6-upper-fractions,hjb-primary-p4-upper-assessment-review-operations-fractions|hjb-primary-p4-upper-assessment-fraction-extension,
P6,upper,hjb-primary-p6-upper-fractions,分数,multiple-choice,Exam,1,hjb-primary-p6-upper-fractions,hjb-primary-p4-upper-assessment-review-operations-fractions|hjb-primary-p4-upper-assessment-fraction-extension,
P6,upper,hjb-primary-p6-upper-fractions,分数,fill-in,Core,1,hjb-primary-p6-upper-fractions,hjb-primary-p4-upper-assessment-review-operations-fractions|hjb-primary-p4-upper-assessment-fraction-extension,
P6,upper,hjb-primary-p6-upper-fractions,分数,short-answer,Foundation,1,hjb-primary-p6-upper-fractions,hjb-primary-p4-upper-assessment-review-operations-fractions|hjb-primary-p4-upper-assessment-fraction-extension,
P6,upper,hjb-primary-p6-upper-ratio-proportion,比和比例,multiple-choice,Core,2,hjb-primary-p6-upper-ratio-proportion,hjb-primary-p6-lower-assessment-ratio-proportion|hjb-primary-p6-lower-assessment-stage-integrated,
P6,upper,hjb-primary-p6-upper-ratio-proportion,比和比例,fill-in,Foundation,2,hjb-primary-p6-upper-ratio-proportion,hjb-primary-p6-lower-assessment-ratio-proportion|hjb-primary-p6-lower-assessment-stage-integrated,
P6,upper,hjb-primary-p6-upper-ratio-proportion,比和比例,short-answer,Challenge,2,hjb-primary-p6-upper-ratio-proportion,hjb-primary-p6-lower-assessment-ratio-proportion|hjb-primary-p6-lower-assessment-stage-integrated,
P6,upper,hjb-primary-p6-upper-ratio-proportion,比和比例,multiple-choice,Exam,2,hjb-primary-p6-upper-ratio-proportion,hjb-primary-p6-lower-assessment-ratio-proportion|hjb-primary-p6-lower-assessment-stage-integrated,
P6,upper,hjb-primary-p6-upper-ratio-proportion,比和比例,fill-in,Core,2,hjb-primary-p6-upper-ratio-proportion,hjb-primary-p6-lower-assessment-ratio-proportion|hjb-primary-p6-lower-assessment-stage-integrated,
P6,upper,hjb-primary-p6-upper-ratio-proportion,比和比例,short-answer,Foundation,2,hjb-primary-p6-upper-ratio-proportion,hjb-primary-p6-lower-assessment-ratio-proportion|hjb-primary-p6-lower-assessment-stage-integrated,
P6,upper,hjb-primary-p6-upper-ratio-proportion,比和比例,multiple-choice,Challenge,1,hjb-primary-p6-upper-ratio-proportion,hjb-primary-p6-lower-assessment-ratio-proportion|hjb-primary-p6-lower-assessment-stage-integrated,
P6,upper,hjb-primary-p6-upper-ratio-proportion,比和比例,fill-in,Exam,1,hjb-primary-p6-upper-ratio-proportion,hjb-primary-p6-lower-assessment-ratio-proportion|hjb-primary-p6-lower-assessment-stage-integrated,
P6,upper,hjb-primary-p6-upper-ratio-proportion,比和比例,short-answer,Core,1,hjb-primary-p6-upper-ratio-proportion,hjb-primary-p6-lower-assessment-ratio-proportion|hjb-primary-p6-lower-assessment-stage-integrated,
P6,upper,hjb-primary-p6-upper-ratio-proportion,比和比例,multiple-choice,Foundation,1,hjb-primary-p6-upper-ratio-proportion,hjb-primary-p6-lower-assessment-ratio-proportion|hjb-primary-p6-lower-assessment-stage-integrated,
P6,upper,hjb-primary-p6-upper-ratio-proportion,比和比例,fill-in,Challenge,1,hjb-primary-p6-upper-ratio-proportion,hjb-primary-p6-lower-assessment-ratio-proportion|hjb-primary-p6-lower-assessment-stage-integrated,
P6,upper,hjb-primary-p6-upper-ratio-proportion,比和比例,short-answer,Exam,1,hjb-primary-p6-upper-ratio-proportion,hjb-primary-p6-lower-assessment-ratio-proportion|hjb-primary-p6-lower-assessment-stage-integrated,
