"id","grade","semester","topicId","unitTitle","type","difficulty","reviewReason","reviewStatus","reviewer","reviewNotes"
"hjb-primary-ds-v1-p1-009","P1","upper","hjb-primary-p1-upper-school-math-habits","我是小学生与数学学习习惯","short-answer","Foundation","grade-pass-sample","pending-s18-manual-review","S18","Auto gates passed; manual sample review is still pending and this package is not approved for public integration."
"hjb-primary-ds-v1-p1-012","P1","upper","hjb-primary-p1-upper-school-math-habits","我是小学生与数学学习习惯","short-answer","Exam","grade-pass-sample","pending-s18-manual-review","S18","Auto gates passed; manual sample review is still pending and this package is not approved for public integration."
"hjb-primary-ds-v1-p1-017","P1","upper","hjb-primary-p1-upper-school-math-habits","我是小学生与数学学习习惯","fill-in","Foundation","grade-pass-sample","pending-s18-manual-review","S18","Auto gates passed; manual sample review is still pending and this package is not approved for public integration."
"hjb-primary-ds-v1-p1-021","P1","upper","hjb-primary-p1-upper-solids-introduction","认识立体图形","short-answer","Foundation","grade-pass-sample","pending-s18-manual-review","S18","Auto gates passed; manual sample review is still pending and this package is not approved for public integration."
"hjb-primary-ds-v1-p1-022","P1","upper","hjb-primary-p1-upper-solids-introduction","认识立体图形","multiple-choice","Core","grade-pass-sample","pending-s18-manual-review","S18","Auto gates passed; manual sample review is still pending and this package is not approved for public integration."
"hjb-primary-ds-v1-p1-027","P1","upper","hjb-primary-p1-upper-solids-introduction","认识立体图形","short-answer","Foundation","grade-pass-sample","pending-s18-manual-review","S18","Auto gates passed; manual sample review is still pending and this package is not approved for public integration."
"hjb-primary-ds-v1-p1-032","P1","upper","hjb-primary-p1-upper-solids-introduction","认识立体图形","fill-in","Challenge","grade-pass-sample","pending-s18-manual-review","S18","Auto gates passed; manual sample review is still pending and this package is not approved for public integration."
"hjb-primary-ds-v1-p1-035","P1","upper","hjb-primary-p1-upper-solids-introduction","认识立体图形","fill-in","Challenge","grade-pass-sample","pending-s18-manual-review","S18","Auto gates passed; manual sample review is still pending and this package is not approved for public integration."
"hjb-primary-ds-v1-p1-036","P1","upper","hjb-primary-p1-upper-solids-introduction","认识立体图形","short-answer","Foundation","grade-pass-sample","pending-s18-manual-review","S18","Auto gates passed; manual sample review is still pending and this package is not approved for public integration."
"hjb-primary-ds-v1-p1-040","P1","upper","hjb-primary-p1-upper-solids-introduction","认识立体图形","multiple-choice","Core","grade-pass-sample","pending-s18-manual-review","S18","Auto gates passed; manual sample review is still pending and this package is not approved for public integration."
"hjb-primary-ds-v1-p1-042","P1","upper","hjb-primary-p1-upper-within-10-number-sense","10以内数的认识","short-answer","Foundation","grade-pass-sample","pending-s18-manual-review","S18","Auto gates passed; manual sample review is still pending and this package is not approved for public integration."
"hjb-primary-ds-v1-p1-043","P1","upper","hjb-primary-p1-upper-within-10-number-sense","10以内数的认识","multiple-choice","Core","grade-pass-sample","pending-s18-manual-review","S18","Auto gates passed; manual sample review is still pending and this package is not approved for public integration."
"hjb-primary-ds-v1-p1-044","P1","upper","hjb-primary-p1-upper-within-10-number-sense","10以内数的认识","fill-in","Challenge","grade-pass-sample","pending-s18-manual-review","S18","Auto gates passed; manual sample review is still pending and this package is not approved for public integration."
"hjb-primary-ds-v1-p1-045","P1","upper","hjb-primary-p1-upper-within-10-number-sense","10以内数的认识","short-answer","Foundation","grade-pass-sample","pending-s18-manual-review","S18","Auto gates passed; manual sample review is still pending and this package is not approved for public integration."
"hjb-primary-ds-v1-p1-048","P1","upper","hjb-primary-p1-upper-within-10-number-sense","10以内数的认识","short-answer","Foundation","grade-pass-sample","pending-s18-manual-review","S18","Auto gates passed; manual sample review is still pending and this package is not approved for public integration."
"hjb-primary-ds-v1-p1-051","P1","upper","hjb-primary-p1-upper-within-10-number-sense","10以内数的认识","short-answer","Foundation","grade-pass-sample","pending-s18-manual-review","S18","Auto gates passed; manual sample review is still pending and this package is not approved for public integration."
"hjb-primary-ds-v1-p1-053","P1","upper","hjb-primary-p1-upper-within-10-number-sense","10以内数的认识","fill-in","Challenge","grade-pass-sample","pending-s18-manual-review","S18","Auto gates passed; manual sample review is still pending and this package is not approved for public integration."
"hjb-primary-ds-v1-p1-055","P1","upper","hjb-primary-p1-upper-within-10-number-sense","10以内数的认识","multiple-choice","Core","grade-pass-sample","pending-s18-manual-review","S18","Auto gates passed; manual sample review is still pending and this package is not approved for public integration."
"hjb-primary-ds-v1-p1-064","P1","upper","hjb-primary-p1-upper-within-10-add-sub","10以内数的加减法","multiple-choice","Core","grade-pass-sample","pending-s18-manual-review","S18","Auto gates passed; manual sample review is still pending and this package is not approved for public integration."
"hjb-primary-ds-v1-p1-068","P1","upper","hjb-primary-p1-upper-within-10-add-sub","10以内数的加减法","fill-in","Foundation","grade-pass-sample","pending-s18-manual-review","S18","Auto gates passed; manual sample review is still pending and this package is not approved for public integration."
"hjb-primary-ds-v1-p1-070","P1","upper","hjb-primary-p1-upper-within-10-add-sub","10以内数的加减法","multiple-choice","Foundation","grade-pass-sample","pending-s18-manual-review","S18","Auto gates passed; manual sample review is still pending and this package is not approved for public integration."
"hjb-primary-ds-v1-p1-075","P1","upper","hjb-primary-p1-upper-within-10-add-sub","10以内数的加减法","short-answer","Core","grade-pass-sample","pending-s18-manual-review","S18","Auto gates passed; manual sample review is still pending and this package is not approved for public integration."
"hjb-primary-ds-v1-p1-079","P1","upper","hjb-primary-p1-upper-within-10-add-sub","10以内数的加减法","multiple-choice","Core","grade-pass-sample","pending-s18-manual-review","S18","Auto gates passed; manual sample review is still pending and this package is not approved for public integration."
"hjb-primary-ds-v1-p1-085","P1","upper","hjb-primary-p1-upper-within-20-number-add-sub","20以内的数与不进位不退位加减","multiple-choice","Core","grade-pass-sample","pending-s18-manual-review","S18","Auto gates passed; manual sample review is still pending and this package is not approved for public integration."
"hjb-primary-ds-v1-p1-091","P1","upper","hjb-primary-p1-upper-within-20-number-add-sub","20以内的数与不进位不退位加减","multiple-choice","Core","grade-pass-sample","pending-s18-manual-review","S18","Auto gates passed; manual sample review is still pending and this package is not approved for public integration."
"hjb-primary-ds-v1-p1-096","P1","upper","hjb-primary-p1-upper-within-20-number-add-sub","20以内的数与不进位不退位加减","short-answer","Foundation","grade-pass-sample","pending-s18-manual-review","S18","Auto gates passed; manual sample review is still pending and this package is not approved for public integration."
"hjb-primary-ds-v1-p1-110","P1","upper","hjb-primary-p1-upper-review","一年级上册整理与复习","fill-in","Foundation","grade-pass-sample","pending-s18-manual-review","S18","Auto gates passed; manual sample review is still pending and this package is not approved for public integration."
"hjb-primary-ds-v1-p1-117","P1","upper","hjb-primary-p1-upper-review","一年级上册整理与复习","short-answer","Core","grade-pass-sample","pending-s18-manual-review","S18","Auto gates passed; manual sample review is still pending and this package is not approved for public integration."
"hjb-primary-ds-v1-p1-118","P1","lower","hjb-primary-p1-lower-within-20-regrouping","20以内数的加减法（二）","multiple-choice","Foundation","grade-pass-sample","pending-s18-manual-review","S18","Auto gates passed; manual sample review is still pending and this package is not approved for public integration."
"hjb-primary-ds-v1-p1-122","P1","lower","hjb-primary-p1-lower-within-20-regrouping","20以内数的加减法（二）","fill-in","Foundation","grade-pass-sample","pending-s18-manual-review","S18","Auto gates passed; manual sample review is still pending and this package is not approved for public integration."
"hjb-primary-ds-v1-p1-125","P1","lower","hjb-primary-p1-lower-within-20-regrouping","20以内数的加减法（二）","fill-in","Core","grade-pass-sample","pending-s18-manual-review","S18","Auto gates passed; manual sample review is still pending and this package is not approved for public integration."
"hjb-primary-ds-v1-p1-129","P1","lower","hjb-primary-p1-lower-within-20-regrouping","20以内数的加减法（二）","short-answer","Core","grade-pass-sample","pending-s18-manual-review","S18","Auto gates passed; manual sample review is still pending and this package is not approved for public integration."
"hjb-primary-ds-v1-p1-133","P1","lower","hjb-primary-p1-lower-within-20-regrouping","20以内数的加减法（二）","multiple-choice","Core","grade-pass-sample","pending-s18-manual-review","S18","Auto gates passed; manual sample review is still pending and this package is not approved for public integration."
"hjb-primary-ds-v1-p1-137","P1","lower","hjb-primary-p1-lower-within-100-number-sense","100以内的数","fill-in","Core","grade-pass-sample","pending-s18-manual-review","S18","Auto gates passed; manual sample review is still pending and this package is not approved for public integration."
"hjb-primary-ds-v1-p1-146","P1","lower","hjb-primary-p1-lower-within-100-number-sense","100以内的数","fill-in","Foundation","grade-pass-sample","pending-s18-manual-review","S18","Auto gates passed; manual sample review is still pending and this package is not approved for public integration."
"hjb-primary-ds-v1-p1-151","P1","lower","hjb-primary-p1-lower-within-100-number-sense","100以内的数","multiple-choice","Core","grade-pass-sample","pending-s18-manual-review","S18","Auto gates passed; manual sample review is still pending and this package is not approved for public integration."
"hjb-primary-ds-v1-p1-160","P1","lower","hjb-primary-p1-lower-within-100-add-sub","100以内数的加减法（一）","multiple-choice","Foundation","grade-pass-sample","pending-s18-manual-review","S18","Auto gates passed; manual sample review is still pending and this package is not approved for public integration."
"hjb-primary-ds-v1-p1-165","P1","lower","hjb-primary-p1-lower-within-100-add-sub","100以内数的加减法（一）","short-answer","Core","grade-pass-sample","pending-s18-manual-review","S18","Auto gates passed; manual sample review is still pending and this package is not approved for public integration."
"hjb-primary-ds-v1-p1-176","P1","lower","hjb-primary-p1-lower-time-introduction","时间的初步认识","fill-in","Foundation","grade-pass-sample","pending-s18-manual-review","S18","Auto gates passed; manual sample review is still pending and this package is not approved for public integration."
"hjb-primary-ds-v1-p1-183","P1","lower","hjb-primary-p1-lower-time-introduction","时间的初步认识","multiple-choice","Core","grade-pass-sample","pending-s18-manual-review","S18","Auto gates passed; manual sample review is still pending and this package is not approved for public integration."
"hjb-primary-ds-v1-p1-188","P1","lower","hjb-primary-p1-lower-time-introduction","时间的初步认识","fill-in","Foundation","grade-pass-sample","pending-s18-manual-review","S18","Auto gates passed; manual sample review is still pending and this package is not approved for public integration."
"hjb-primary-ds-v1-p1-192","P1","lower","hjb-primary-p1-lower-time-introduction","时间的初步认识","fill-in","Foundation","grade-pass-sample","pending-s18-manual-review","S18","Auto gates passed; manual sample review is still pending and this package is not approved for public integration."
"hjb-primary-ds-v1-p1-199","P1","lower","hjb-primary-p1-lower-length-measurement","长度的比较与测量","multiple-choice","Core","grade-pass-sample","pending-s18-manual-review","S18","Auto gates passed; manual sample review is still pending and this package is not approved for public integration."
"hjb-primary-ds-v1-p1-200","P1","lower","hjb-primary-p1-lower-length-measurement","长度的比较与测量","fill-in","Foundation","grade-pass-sample","pending-s18-manual-review","S18","Auto gates passed; manual sample review is still pending and this package is not approved for public integration."
"hjb-primary-ds-v1-p1-205","P1","lower","hjb-primary-p1-lower-length-measurement","长度的比较与测量","multiple-choice","Foundation","grade-pass-sample","pending-s18-manual-review","S18","Auto gates passed; manual sample review is still pending and this package is not approved for public integration."
"hjb-primary-ds-v1-p1-209","P1","lower","hjb-primary-p1-lower-length-measurement","长度的比较与测量","multiple-choice","Foundation","grade-pass-sample","pending-s18-manual-review","S18","Auto gates passed; manual sample review is still pending and this package is not approved for public integration."
"hjb-primary-ds-v1-p1-220","P1","lower","hjb-primary-p1-lower-body-rulers-math-square","身体上的尺子与数学广场","fill-in","Foundation","grade-pass-sample","pending-s18-manual-review","S18","Auto gates passed; manual sample review is still pending and this package is not approved for public integration."
"hjb-primary-ds-v1-p1-223","P1","lower","hjb-primary-p1-lower-body-rulers-math-square","身体上的尺子与数学广场","multiple-choice","Foundation","grade-pass-sample","pending-s18-manual-review","S18","Auto gates passed; manual sample review is still pending and this package is not approved for public integration."
"hjb-primary-ds-v1-p1-230","P1","lower","hjb-primary-p1-lower-body-rulers-math-square","身体上的尺子与数学广场","fill-in","Foundation","grade-pass-sample","pending-s18-manual-review","S18","Auto gates passed; manual sample review is still pending and this package is not approved for public integration."
"hjb-primary-ds-v1-p1-247","P1","lower","hjb-primary-p1-lower-review","一年级下册整理与复习","multiple-choice","Foundation","grade-pass-sample","pending-s18-manual-review","S18","Auto gates passed; manual sample review is still pending and this package is not approved for public integration."
"hjb-primary-ds-v1-p2-005","P2","upper","hjb-primary-p2-upper-within-100-add-sub","100以内数的加减法（二）","fill-in","Foundation","grade-pass-sample","pending-s18-manual-review","S18","Auto gates passed; manual sample review is still pending and this package is not approved for public integration."
"hjb-primary-ds-v1-p2-009","P2","upper","hjb-primary-p2-upper-within-100-add-sub","100以内数的加减法（二）","short-answer","Foundation","grade-pass-sample","pending-s18-manual-review","S18","Auto gates passed; manual sample review is still pending and this package is not approved for public integration."
"hjb-primary-ds-v1-p2-015","P2","upper","hjb-primary-p2-upper-within-100-add-sub","100以内数的加减法（二）","short-answer","Challenge","grade-pass-sample","pending-s18-manual-review","S18","Auto gates passed; manual sample review is still pending and this package is not approved for public integration."
"hjb-primary-ds-v1-p2-019","P2","upper","hjb-primary-p2-upper-within-100-add-sub","100以内数的加减法（二）","multiple-choice","Challenge","grade-pass-sample","pending-s18-manual-review","S18","Auto gates passed; manual sample review is still pending and this package is not approved for public integration."
"hjb-primary-ds-v1-p2-024","P2","upper","hjb-primary-p2-upper-money-shopping","人民币与购物应用","short-answer","Exam","grade-pass-sample","pending-s18-manual-review","S18","Auto gates passed; manual sample review is still pending and this package is not approved for public integration."
"hjb-primary-ds-v1-p2-030","P2","upper","hjb-primary-p2-upper-money-shopping","人民币与购物应用","short-answer","Core","grade-pass-sample","pending-s18-manual-review","S18","Auto gates passed; manual sample review is still pending and this package is not approved for public integration."
"hjb-primary-ds-v1-p2-037","P2","upper","hjb-primary-p2-upper-money-shopping","人民币与购物应用","multiple-choice","Challenge","grade-pass-sample","pending-s18-manual-review","S18","Auto gates passed; manual sample review is still pending and this package is not approved for public integration."
"hjb-primary-ds-v1-p2-044","P2","upper","hjb-primary-p2-upper-money-shopping","人民币与购物应用","fill-in","Foundation","grade-pass-sample","pending-s18-manual-review","S18","Auto gates passed; manual sample review is still pending and this package is not approved for public integration."
"hjb-primary-ds-v1-p2-051","P2","upper","hjb-primary-p2-upper-school-position-direction","校园方位与位置表达","short-answer","Core","grade-pass-sample","pending-s18-manual-review","S18","Auto gates passed; manual sample review is still pending and this package is not approved for public integration."
"hjb-primary-ds-v1-p2-054","P2","upper","hjb-primary-p2-upper-school-position-direction","校园方位与位置表达","short-answer","Core","grade-pass-sample","pending-s18-manual-review","S18","Auto gates passed; manual sample review is still pending and this package is not approved for public integration."
"hjb-primary-ds-v1-p2-061","P2","upper","hjb-primary-p2-upper-school-position-direction","校园方位与位置表达","multiple-choice","Challenge","grade-pass-sample","pending-s18-manual-review","S18","Auto gates passed; manual sample review is still pending and this package is not approved for public integration."
"hjb-primary-ds-v1-p2-067","P2","upper","hjb-primary-p2-upper-school-position-direction","校园方位与位置表达","multiple-choice","Challenge","grade-pass-sample","pending-s18-manual-review","S18","Auto gates passed; manual sample review is still pending and this package is not approved for public integration."
"hjb-primary-ds-v1-p2-073","P2","upper","hjb-primary-p2-upper-multiplication-facts","表内乘法","multiple-choice","Challenge","grade-pass-sample","pending-s18-manual-review","S18","Auto gates passed; manual sample review is still pending and this package is not approved for public integration."
"hjb-primary-ds-v1-p2-075","P2","upper","hjb-primary-p2-upper-multiplication-facts","表内乘法","short-answer","Core","grade-pass-sample","pending-s18-manual-review","S18","Auto gates passed; manual sample review is still pending and this package is not approved for public integration."
"hjb-primary-ds-v1-p2-076","P2","upper","hjb-primary-p2-upper-multiplication-facts","表内乘法","multiple-choice","Challenge","grade-pass-sample","pending-s18-manual-review","S18","Auto gates passed; manual sample review is still pending and this package is not approved for public integration."
"hjb-primary-ds-v1-p2-087","P2","upper","hjb-primary-p2-upper-multiplication-facts","表内乘法","short-answer","Core","grade-pass-sample","pending-s18-manual-review","S18","Auto gates passed; manual sample review is still pending and this package is not approved for public integration."
"hjb-primary-ds-v1-p2-094","P2","upper","hjb-primary-p2-upper-classification","分类与整理","multiple-choice","Challenge","grade-pass-sample","pending-s18-manual-review","S18","Auto gates passed; manual sample review is still pending and this package is not approved for public integration."
"hjb-primary-ds-v1-p2-097","P2","upper","hjb-primary-p2-upper-classification","分类与整理","multiple-choice","Challenge","grade-pass-sample","pending-s18-manual-review","S18","Auto gates passed; manual sample review is still pending and this package is not approved for public integration."
"hjb-primary-ds-v1-p2-102","P2","upper","hjb-primary-p2-upper-classification","分类与整理","short-answer","Foundation","grade-pass-sample","pending-s18-manual-review","S18","Auto gates passed; manual sample review is still pending and this package is not approved for public integration."
"hjb-primary-ds-v1-p2-107","P2","upper","hjb-primary-p2-upper-classification","分类与整理","fill-in","Core","grade-pass-sample","pending-s18-manual-review","S18","Auto gates passed; manual sample review is still pending and this package is not approved for public integration."
"hjb-primary-ds-v1-p2-108","P2","upper","hjb-primary-p2-upper-classification","分类与整理","short-answer","Foundation","grade-pass-sample","pending-s18-manual-review","S18","Auto gates passed; manual sample review is still pending and this package is not approved for public integration."
"hjb-primary-ds-v1-p2-109","P2","upper","hjb-primary-p2-upper-classification","分类与整理","multiple-choice","Core","grade-pass-sample","pending-s18-manual-review","S18","Auto gates passed; manual sample review is still pending and this package is not approved for public integration."
"hjb-primary-ds-v1-p2-115","P2","upper","hjb-primary-p2-upper-classification","分类与整理","multiple-choice","Core","grade-pass-sample","pending-s18-manual-review","S18","Auto gates passed; manual sample review is still pending and this package is not approved for public integration."
"hjb-primary-ds-v1-p2-118","P2","upper","hjb-primary-p2-upper-math-square-review","二年级上册数学广场与整理复习","multiple-choice","Foundation","grade-pass-sample","pending-s18-manual-review","S18","Auto gates passed; manual sample review is still pending and this package is not approved for public integration."
"hjb-primary-ds-v1-p2-120","P2","upper","hjb-primary-p2-upper-math-square-review","二年级上册数学广场与整理复习","short-answer","Foundation","grade-pass-sample","pending-s18-manual-review","S18","Auto gates passed; manual sample review is still pending and this package is not approved for public integration."
"hjb-primary-ds-v1-p2-121","P2","upper","hjb-primary-p2-upper-math-square-review","二年级上册数学广场与整理复习","multiple-choice","Core","grade-pass-sample","pending-s18-manual-review","S18","Auto gates passed; manual sample review is still pending and this package is not approved for public integration."
"hjb-primary-ds-v1-p2-125","P2","upper","hjb-primary-p2-upper-math-square-review","二年级上册数学广场与整理复习","fill-in","Core","grade-pass-sample","pending-s18-manual-review","S18","Auto gates passed; manual sample review is still pending and this package is not approved for public integration."
"hjb-primary-ds-v1-p2-129","P2","upper","hjb-primary-p2-upper-math-square-review","二年级上册数学广场与整理复习","short-answer","Core","grade-pass-sample","pending-s18-manual-review","S18","Auto gates passed; manual sample review is still pending and this package is not approved for public integration."
"hjb-primary-ds-v1-p2-134","P2","upper","hjb-primary-p2-upper-math-square-review","二年级上册数学广场与整理复习","fill-in","Foundation","grade-pass-sample","pending-s18-manual-review","S18","Auto gates passed; manual sample review is still pending and this package is not approved for public integration."
"hjb-primary-ds-v1-p2-140","P2","lower","hjb-primary-p2-lower-division-facts","表内除法","fill-in","Foundation","grade-pass-sample","pending-s18-manual-review","S18","Auto gates passed; manual sample review is still pending and this package is not approved for public integration."
"hjb-primary-ds-v1-p2-147","P2","lower","hjb-primary-p2-lower-division-facts","表内除法","short-answer","Core","grade-pass-sample","pending-s18-manual-review","S18","Auto gates passed; manual sample review is still pending and this package is not approved for public integration."
"hjb-primary-ds-v1-p2-158","P2","lower","hjb-primary-p2-lower-division-facts","表内除法","fill-in","Foundation","grade-pass-sample","pending-s18-manual-review","S18","Auto gates passed; manual sample review is still pending and this package is not approved for public integration."
"hjb-primary-ds-v1-p2-159","P2","lower","hjb-primary-p2-lower-division-facts","表内除法","short-answer","Core","grade-pass-sample","pending-s18-manual-review","S18","Auto gates passed; manual sample review is still pending and this package is not approved for public integration."
"hjb-primary-ds-v1-p2-160","P2","lower","hjb-primary-p2-lower-division-facts","表内除法","multiple-choice","Foundation","grade-pass-sample","pending-s18-manual-review","S18","Auto gates passed; manual sample review is still pending and this package is not approved for public integration."
"hjb-primary-ds-v1-p2-179","P2","lower","hjb-primary-p2-lower-time","时间在哪里","fill-in","Core","grade-pass-sample","pending-s18-manual-review","S18","Auto gates passed; manual sample review is still pending and this package is not approved for public integration."
"hjb-primary-ds-v1-p2-180","P2","lower","hjb-primary-p2-lower-time","时间在哪里","short-answer","Foundation","grade-pass-sample","pending-s18-manual-review","S18","Auto gates passed; manual sample review is still pending and this package is not approved for public integration."
"hjb-primary-ds-v1-p2-195","P2","lower","hjb-primary-p2-lower-within-10000-number-sense","万以内的数","multiple-choice","Core","grade-pass-sample","pending-s18-manual-review","S18","Auto gates passed; manual sample review is still pending and this package is not approved for public integration."
"hjb-primary-ds-v1-p2-198","P2","lower","hjb-primary-p2-lower-within-10000-number-sense","万以内的数","fill-in","Foundation","grade-pass-sample","pending-s18-manual-review","S18","Auto gates passed; manual sample review is still pending and this package is not approved for public integration."
"hjb-primary-ds-v1-p2-208","P2","lower","hjb-primary-p2-lower-two-three-digit-add-sub","两位数与三位数的加减法","fill-in","Foundation","grade-pass-sample","pending-s18-manual-review","S18","Auto gates passed; manual sample review is still pending and this package is not approved for public integration."
"hjb-primary-ds-v1-p2-209","P2","lower","hjb-primary-p2-lower-two-three-digit-add-sub","两位数与三位数的加减法","multiple-choice","Core","grade-pass-sample","pending-s18-manual-review","S18","Auto gates passed; manual sample review is still pending and this package is not approved for public integration."
"hjb-primary-ds-v1-p2-212","P2","lower","hjb-primary-p2-lower-two-three-digit-add-sub","两位数与三位数的加减法","fill-in","Foundation","grade-pass-sample","pending-s18-manual-review","S18","Auto gates passed; manual sample review is still pending and this package is not approved for public integration."
"hjb-primary-ds-v1-p2-216","P2","lower","hjb-primary-p2-lower-two-three-digit-add-sub","两位数与三位数的加减法","fill-in","Foundation","grade-pass-sample","pending-s18-manual-review","S18","Auto gates passed; manual sample review is still pending and this package is not approved for public integration."
"hjb-primary-ds-v1-p2-220","P2","lower","hjb-primary-p2-lower-two-three-digit-add-sub","两位数与三位数的加减法","fill-in","Foundation","grade-pass-sample","pending-s18-manual-review","S18","Auto gates passed; manual sample review is still pending and this package is not approved for public integration."
"hjb-primary-ds-v1-p2-224","P2","lower","hjb-primary-p2-lower-two-three-digit-add-sub","两位数与三位数的加减法","fill-in","Foundation","grade-pass-sample","pending-s18-manual-review","S18","Auto gates passed; manual sample review is still pending and this package is not approved for public integration."
"hjb-primary-ds-v1-p2-227","P2","lower","hjb-primary-p2-lower-two-three-digit-add-sub","两位数与三位数的加减法","multiple-choice","Core","grade-pass-sample","pending-s18-manual-review","S18","Auto gates passed; manual sample review is still pending and this package is not approved for public integration."
"hjb-primary-ds-v1-p2-228","P2","lower","hjb-primary-p2-lower-two-three-digit-add-sub","两位数与三位数的加减法","fill-in","Foundation","grade-pass-sample","pending-s18-manual-review","S18","Auto gates passed; manual sample review is still pending and this package is not approved for public integration."
"hjb-primary-ds-v1-p2-236","P2","lower","hjb-primary-p2-lower-math-square-review","二年级下册数学广场与整理复习","fill-in","Foundation","grade-pass-sample","pending-s18-manual-review","S18","Auto gates passed; manual sample review is still pending and this package is not approved for public integration."
"hjb-primary-ds-v1-p2-246","P2","lower","hjb-primary-p2-lower-math-square-review","二年级下册数学广场与整理复习","multiple-choice","Foundation","grade-pass-sample","pending-s18-manual-review","S18","Auto gates passed; manual sample review is still pending and this package is not approved for public integration."
"hjb-primary-ds-v1-p2-247","P2","lower","hjb-primary-p2-lower-math-square-review","二年级下册数学广场与整理复习","multiple-choice","Foundation","grade-pass-sample","pending-s18-manual-review","S18","Auto gates passed; manual sample review is still pending and this package is not approved for public integration."
"hjb-primary-ds-v1-p2-249","P2","lower","hjb-primary-p2-lower-math-square-review","二年级下册数学广场与整理复习","multiple-choice","Foundation","grade-pass-sample","pending-s18-manual-review","S18","Auto gates passed; manual sample review is still pending and this package is not approved for public integration."
"hjb-primary-ds-v1-p3-006","P3","upper","hjb-primary-p3-upper-review-place-value-operations","三年级上册复习与数的运算","short-answer","Foundation","grade-pass-sample","pending-s18-manual-review","S18","Auto gates passed; manual sample review is still pending and this package is not approved for public integration."
"hjb-primary-ds-v1-p3-019","P3","upper","hjb-primary-p3-upper-review-place-value-operations","三年级上册复习与数的运算","multiple-choice","Challenge","grade-pass-sample","pending-s18-manual-review","S18","Auto gates passed; manual sample review is still pending and this package is not approved for public integration."
"hjb-primary-ds-v1-p3-025","P3","upper","hjb-primary-p3-upper-multiplication-division-extension","乘与除","multiple-choice","Core","grade-pass-sample","pending-s18-manual-review","S18","Auto gates passed; manual sample review is still pending and this package is not approved for public integration."
"hjb-primary-ds-v1-p3-031","P3","upper","hjb-primary-p3-upper-multiplication-division-extension","乘与除","multiple-choice","Challenge","grade-pass-sample","pending-s18-manual-review","S18","Auto gates passed; manual sample review is still pending and this package is not approved for public integration."
"hjb-primary-ds-v1-p3-035","P3","upper","hjb-primary-p3-upper-multiplication-division-extension","乘与除","fill-in","Challenge","grade-pass-sample","pending-s18-manual-review","S18","Auto gates passed; manual sample review is still pending and this package is not approved for public integration."
"hjb-primary-ds-v1-p3-041","P3","upper","hjb-primary-p3-upper-time-measurement","时间与日程推理","fill-in","Core","grade-pass-sample","pending-s18-manual-review","S18","Auto gates passed; manual sample review is still pending and this package is not approved for public integration."
"hjb-primary-ds-v1-p3-042","P3","upper","hjb-primary-p3-upper-time-measurement","时间与日程推理","short-answer","Foundation","grade-pass-sample","pending-s18-manual-review","S18","Auto gates passed; manual sample review is still pending and this package is not approved for public integration."
"hjb-primary-ds-v1-p3-045","P3","upper","hjb-primary-p3-upper-time-measurement","时间与日程推理","short-answer","Core","grade-pass-sample","pending-s18-manual-review","S18","Auto gates passed; manual sample review is still pending and this package is not approved for public integration."
"hjb-primary-ds-v1-p3-050","P3","upper","hjb-primary-p3-upper-time-measurement","时间与日程推理","fill-in","Foundation","grade-pass-sample","pending-s18-manual-review","S18","Auto gates passed; manual sample review is still pending and this package is not approved for public integration."
"hjb-primary-ds-v1-p3-055","P3","upper","hjb-primary-p3-upper-time-measurement","时间与日程推理","multiple-choice","Core","grade-pass-sample","pending-s18-manual-review","S18","Auto gates passed; manual sample review is still pending and this package is not approved for public integration."
"hjb-primary-ds-v1-p3-064","P3","upper","hjb-primary-p3-upper-one-digit-multiplication","用一位数乘","multiple-choice","Core","grade-pass-sample","pending-s18-manual-review","S18","Auto gates passed; manual sample review is still pending and this package is not approved for public integration."
"hjb-primary-ds-v1-p3-069","P3","upper","hjb-primary-p3-upper-one-digit-multiplication","用一位数乘","short-answer","Challenge","grade-pass-sample","pending-s18-manual-review","S18","Auto gates passed; manual sample review is still pending and this package is not approved for public integration."
"hjb-primary-ds-v1-p3-070","P3","upper","hjb-primary-p3-upper-one-digit-multiplication","用一位数乘","multiple-choice","Core","grade-pass-sample","pending-s18-manual-review","S18","Auto gates passed; manual sample review is still pending and this package is not approved for public integration."
"hjb-primary-ds-v1-p3-073","P3","upper","hjb-primary-p3-upper-one-digit-multiplication","用一位数乘","multiple-choice","Core","grade-pass-sample","pending-s18-manual-review","S18","Auto gates passed; manual sample review is still pending and this package is not approved for public integration."
"hjb-primary-ds-v1-p3-080","P3","upper","hjb-primary-p3-upper-rectangle-square-geometry","长方形与正方形","fill-in","Foundation","grade-pass-sample","pending-s18-manual-review","S18","Auto gates passed; manual sample review is still pending and this package is not approved for public integration."
"hjb-primary-ds-v1-p3-085","P3","upper","hjb-primary-p3-upper-rectangle-square-geometry","长方形与正方形","multiple-choice","Core","grade-pass-sample","pending-s18-manual-review","S18","Auto gates passed; manual sample review is still pending and this package is not approved for public integration."
"hjb-primary-ds-v1-p3-094","P3","upper","hjb-primary-p3-upper-rectangle-square-geometry","长方形与正方形","multiple-choice","Core","grade-pass-sample","pending-s18-manual-review","S18","Auto gates passed; manual sample review is still pending and this package is not approved for public integration."
"hjb-primary-ds-v1-p3-095","P3","upper","hjb-primary-p3-upper-rectangle-square-geometry","长方形与正方形","fill-in","Foundation","grade-pass-sample","pending-s18-manual-review","S18","Auto gates passed; manual sample review is still pending and this package is not approved for public integration."
"hjb-primary-ds-v1-p3-104","P3","upper","hjb-primary-p3-upper-fraction-introduction","分数的初步认识","fill-in","Foundation","grade-pass-sample","pending-s18-manual-review","S18","Auto gates passed; manual sample review is still pending and this package is not approved for public integration."
"hjb-primary-ds-v1-p3-105","P3","upper","hjb-primary-p3-upper-fraction-introduction","分数的初步认识","short-answer","Challenge","grade-pass-sample","pending-s18-manual-review","S18","Auto gates passed; manual sample review is still pending and this package is not approved for public integration."
"hjb-primary-ds-v1-p3-107","P3","upper","hjb-primary-p3-upper-fraction-introduction","分数的初步认识","fill-in","Foundation","grade-pass-sample","pending-s18-manual-review","S18","Auto gates passed; manual sample review is still pending and this package is not approved for public integration."
"hjb-primary-ds-v1-p3-111","P3","upper","hjb-primary-p3-upper-fraction-introduction","分数的初步认识","short-answer","Challenge","grade-pass-sample","pending-s18-manual-review","S18","Auto gates passed; manual sample review is still pending and this package is not approved for public integration."
"hjb-primary-ds-v1-p3-113","P3","upper","hjb-primary-p3-upper-fraction-introduction","分数的初步认识","fill-in","Foundation","grade-pass-sample","pending-s18-manual-review","S18","Auto gates passed; manual sample review is still pending and this package is not approved for public integration."
"hjb-primary-ds-v1-p3-125","P3","upper","hjb-primary-p3-upper-math-square-review","三年级上册数学广场与整理复习","fill-in","Foundation","grade-pass-sample","pending-s18-manual-review","S18","Auto gates passed; manual sample review is still pending and this package is not approved for public integration."
"hjb-primary-ds-v1-p3-127","P3","upper","hjb-primary-p3-upper-math-square-review","三年级上册数学广场与整理复习","multiple-choice","Core","grade-pass-sample","pending-s18-manual-review","S18","Auto gates passed; manual sample review is still pending and this package is not approved for public integration."
"hjb-primary-ds-v1-p3-137","P3","lower","hjb-primary-p3-lower-review-multiplication-division","三年级下册复习与乘除运算","fill-in","Core","grade-pass-sample","pending-s18-manual-review","S18","Auto gates passed; manual sample review is still pending and this package is not approved for public integration."
"hjb-primary-ds-v1-p3-146","P3","lower","hjb-primary-p3-lower-review-multiplication-division","三年级下册复习与乘除运算","fill-in","Foundation","grade-pass-sample","pending-s18-manual-review","S18","Auto gates passed; manual sample review is still pending and this package is not approved for public integration."
"hjb-primary-ds-v1-p3-156","P3","lower","hjb-primary-p3-lower-two-digit-multiplication-division","两位数乘除与问题解决","short-answer","Foundation","grade-pass-sample","pending-s18-manual-review","S18","Auto gates passed; manual sample review is still pending and this package is not approved for public integration."
"hjb-primary-ds-v1-p3-159","P3","lower","hjb-primary-p3-lower-two-digit-multiplication-division","两位数乘除与问题解决","short-answer","Core","grade-pass-sample","pending-s18-manual-review","S18","Auto gates passed; manual sample review is still pending and this package is not approved for public integration."
"hjb-primary-ds-v1-p3-161","P3","lower","hjb-primary-p3-lower-two-digit-multiplication-division","两位数乘除与问题解决","fill-in","Core","grade-pass-sample","pending-s18-manual-review","S18","Auto gates passed; manual sample review is still pending and this package is not approved for public integration."
"hjb-primary-ds-v1-p3-165","P3","lower","hjb-primary-p3-lower-two-digit-multiplication-division","两位数乘除与问题解决","short-answer","Core","grade-pass-sample","pending-s18-manual-review","S18","Auto gates passed; manual sample review is still pending and this package is not approved for public integration."
"hjb-primary-ds-v1-p3-169","P3","lower","hjb-primary-p3-lower-two-digit-multiplication-division","两位数乘除与问题解决","multiple-choice","Core","grade-pass-sample","pending-s18-manual-review","S18","Auto gates passed; manual sample review is still pending and this package is not approved for public integration."
"hjb-primary-ds-v1-p3-185","P3","lower","hjb-primary-p3-lower-decimal-introduction","小数的初步认识","multiple-choice","Core","grade-pass-sample","pending-s18-manual-review","S18","Auto gates passed; manual sample review is still pending and this package is not approved for public integration."
"hjb-primary-ds-v1-p3-191","P3","lower","hjb-primary-p3-lower-decimal-introduction","小数的初步认识","multiple-choice","Core","grade-pass-sample","pending-s18-manual-review","S18","Auto gates passed; manual sample review is still pending and this package is not approved for public integration."
"hjb-primary-ds-v1-p3-193","P3","lower","hjb-primary-p3-lower-decimal-introduction","小数的初步认识","multiple-choice","Core","grade-pass-sample","pending-s18-manual-review","S18","Auto gates passed; manual sample review is still pending and this package is not approved for public integration."
"hjb-primary-ds-v1-p3-194","P3","lower","hjb-primary-p3-lower-area-measurement","面积与周长","fill-in","Foundation","grade-pass-sample","pending-s18-manual-review","S18","Auto gates passed; manual sample review is still pending and this package is not approved for public integration."
"hjb-primary-ds-v1-p3-196","P3","lower","hjb-primary-p3-lower-area-measurement","面积与周长","fill-in","Foundation","grade-pass-sample","pending-s18-manual-review","S18","Auto gates passed; manual sample review is still pending and this package is not approved for public integration."
"hjb-primary-ds-v1-p3-202","P3","lower","hjb-primary-p3-lower-area-measurement","面积与周长","fill-in","Foundation","grade-pass-sample","pending-s18-manual-review","S18","Auto gates passed; manual sample review is still pending and this package is not approved for public integration."
"hjb-primary-ds-v1-p3-206","P3","lower","hjb-primary-p3-lower-area-measurement","面积与周长","fill-in","Foundation","grade-pass-sample","pending-s18-manual-review","S18","Auto gates passed; manual sample review is still pending and this package is not approved for public integration."
"hjb-primary-ds-v1-p3-207","P3","lower","hjb-primary-p3-lower-area-measurement","面积与周长","multiple-choice","Core","grade-pass-sample","pending-s18-manual-review","S18","Auto gates passed; manual sample review is still pending and this package is not approved for public integration."
"hjb-primary-ds-v1-p3-208","P3","lower","hjb-primary-p3-lower-area-measurement","面积与周长","fill-in","Foundation","grade-pass-sample","pending-s18-manual-review","S18","Auto gates passed; manual sample review is still pending and this package is not approved for public integration."
"hjb-primary-ds-v1-p3-210","P3","lower","hjb-primary-p3-lower-area-measurement","面积与周长","fill-in","Foundation","grade-pass-sample","pending-s18-manual-review","S18","Auto gates passed; manual sample review is still pending and this package is not approved for public integration."
"hjb-primary-ds-v1-p3-214","P3","lower","hjb-primary-p3-lower-data-statistics","数据整理与统计表达","fill-in","Foundation","grade-pass-sample","pending-s18-manual-review","S18","Auto gates passed; manual sample review is still pending and this package is not approved for public integration."
"hjb-primary-ds-v1-p3-215","P3","lower","hjb-primary-p3-lower-data-statistics","数据整理与统计表达","multiple-choice","Core","grade-pass-sample","pending-s18-manual-review","S18","Auto gates passed; manual sample review is still pending and this package is not approved for public integration."
"hjb-primary-ds-v1-p3-220","P3","lower","hjb-primary-p3-lower-data-statistics","数据整理与统计表达","fill-in","Foundation","grade-pass-sample","pending-s18-manual-review","S18","Auto gates passed; manual sample review is still pending and this package is not approved for public integration."
"hjb-primary-ds-v1-p3-221","P3","lower","hjb-primary-p3-lower-data-statistics","数据整理与统计表达","multiple-choice","Core","grade-pass-sample","pending-s18-manual-review","S18","Auto gates passed; manual sample review is still pending and this package is not approved for public integration."
"hjb-primary-ds-v1-p3-226","P3","lower","hjb-primary-p3-lower-data-statistics","数据整理与统计表达","fill-in","Foundation","grade-pass-sample","pending-s18-manual-review","S18","Auto gates passed; manual sample review is still pending and this package is not approved for public integration."
"hjb-primary-ds-v1-p3-231","P3","lower","hjb-primary-p3-lower-data-statistics","数据整理与统计表达","multiple-choice","Core","grade-pass-sample","pending-s18-manual-review","S18","Auto gates passed; manual sample review is still pending and this package is not approved for public integration."
"hjb-primary-ds-v1-p3-236","P3","lower","hjb-primary-p3-lower-math-square-review","三年级下册数学广场与整理复习","fill-in","Core","grade-pass-sample","pending-s18-manual-review","S18","Auto gates passed; manual sample review is still pending and this package is not approved for public integration."
"hjb-primary-ds-v1-p3-245","P3","lower","hjb-primary-p3-lower-math-square-review","三年级下册数学广场与整理复习","multiple-choice","Core","grade-pass-sample","pending-s18-manual-review","S18","Auto gates passed; manual sample review is still pending and this package is not approved for public integration."
"hjb-primary-ds-v1-p4-006","P4","upper","hjb-primary-p4-upper-review-operations-fractions","复习与提高","short-answer","Foundation","grade-pass-sample","pending-s18-manual-review","S18","Auto gates passed; manual sample review is still pending and this package is not approved for public integration."
"hjb-primary-ds-v1-p4-007","P4","upper","hjb-primary-p4-upper-review-operations-fractions","复习与提高","multiple-choice","Challenge","grade-pass-sample","pending-s18-manual-review","S18","Auto gates passed; manual sample review is still pending and this package is not approved for public integration."
"hjb-primary-ds-v1-p4-008","P4","upper","hjb-primary-p4-upper-review-operations-fractions","复习与提高","fill-in","Exam","grade-pass-sample","pending-s18-manual-review","S18","Auto gates passed; manual sample review is still pending and this package is not approved for public integration."
"hjb-primary-ds-v1-p4-009","P4","upper","hjb-primary-p4-upper-review-operations-fractions","复习与提高","short-answer","Core","grade-pass-sample","pending-s18-manual-review","S18","Auto gates passed; manual sample review is still pending and this package is not approved for public integration."
"hjb-primary-ds-v1-p4-022","P4","upper","hjb-primary-p4-upper-review-operations-fractions","复习与提高","multiple-choice","Foundation","grade-pass-sample","pending-s18-manual-review","S18","Auto gates passed; manual sample review is still pending and this package is not approved for public integration."
"hjb-primary-ds-v1-p4-032","P4","upper","hjb-primary-p4-upper-large-numbers-measurement","数与量","fill-in","Exam","grade-pass-sample","pending-s18-manual-review","S18","Auto gates passed; manual sample review is still pending and this package is not approved for public integration."
"hjb-primary-ds-v1-p4-037","P4","upper","hjb-primary-p4-upper-large-numbers-measurement","数与量","multiple-choice","Core","grade-pass-sample","pending-s18-manual-review","S18","Auto gates passed; manual sample review is still pending and this package is not approved for public integration."
"hjb-primary-ds-v1-p4-039","P4","upper","hjb-primary-p4-upper-large-numbers-measurement","数与量","short-answer","Challenge","grade-pass-sample","pending-s18-manual-review","S18","Auto gates passed; manual sample review is still pending and this package is not approved for public integration."
"hjb-primary-ds-v1-p4-048","P4","upper","hjb-primary-p4-upper-fraction-extension","分数的初步认识（二）","short-answer","Exam","grade-pass-sample","pending-s18-manual-review","S18","Auto gates passed; manual sample review is still pending and this package is not approved for public integration."
"hjb-primary-ds-v1-p4-054","P4","upper","hjb-primary-p4-upper-fraction-extension","分数的初步认识（二）","short-answer","Challenge","grade-pass-sample","pending-s18-manual-review","S18","Auto gates passed; manual sample review is still pending and this package is not approved for public integration."
"hjb-primary-ds-v1-p4-057","P4","upper","hjb-primary-p4-upper-fraction-extension","分数的初步认识（二）","short-answer","Challenge","grade-pass-sample","pending-s18-manual-review","S18","Auto gates passed; manual sample review is still pending and this package is not approved for public integration."
"hjb-primary-ds-v1-p4-063","P4","upper","hjb-primary-p4-upper-fraction-extension","分数的初步认识（二）","short-answer","Challenge","grade-pass-sample","pending-s18-manual-review","S18","Auto gates passed; manual sample review is still pending and this package is not approved for public integration."
"hjb-primary-ds-v1-p4-070","P4","upper","hjb-primary-p4-upper-four-operations-problem-solving","整数的四则运算","multiple-choice","Core","grade-pass-sample","pending-s18-manual-review","S18","Auto gates passed; manual sample review is still pending and this package is not approved for public integration."
"hjb-primary-ds-v1-p4-076","P4","upper","hjb-primary-p4-upper-four-operations-problem-solving","整数的四则运算","multiple-choice","Core","grade-pass-sample","pending-s18-manual-review","S18","Auto gates passed; manual sample review is still pending and this package is not approved for public integration."
"hjb-primary-ds-v1-p4-077","P4","upper","hjb-primary-p4-upper-four-operations-problem-solving","整数的四则运算","fill-in","Foundation","grade-pass-sample","pending-s18-manual-review","S18","Auto gates passed; manual sample review is still pending and this package is not approved for public integration."
"hjb-primary-ds-v1-p4-078","P4","upper","hjb-primary-p4-upper-four-operations-problem-solving","整数的四则运算","short-answer","Challenge","grade-pass-sample","pending-s18-manual-review","S18","Auto gates passed; manual sample review is still pending and this package is not approved for public integration."
"hjb-primary-ds-v1-p4-083","P4","upper","hjb-primary-p4-upper-four-operations-problem-solving","整数的四则运算","fill-in","Foundation","grade-pass-sample","pending-s18-manual-review","S18","Auto gates passed; manual sample review is still pending and this package is not approved for public integration."
"hjb-primary-ds-v1-p4-089","P4","upper","hjb-primary-p4-upper-four-operations-problem-solving","整数的四则运算","fill-in","Foundation","grade-pass-sample","pending-s18-manual-review","S18","Auto gates passed; manual sample review is still pending and this package is not approved for public integration."
"hjb-primary-ds-v1-p4-092","P4","upper","hjb-primary-p4-upper-four-operations-problem-solving","整数的四则运算","fill-in","Foundation","grade-pass-sample","pending-s18-manual-review","S18","Auto gates passed; manual sample review is still pending and this package is not approved for public integration."
"hjb-primary-ds-v1-p4-094","P4","upper","hjb-primary-p4-upper-geometry-circle-lines-angles","几何小实践","multiple-choice","Core","grade-pass-sample","pending-s18-manual-review","S18","Auto gates passed; manual sample review is still pending and this package is not approved for public integration."
"hjb-primary-ds-v1-p4-108","P4","upper","hjb-primary-p4-upper-geometry-circle-lines-angles","几何小实践","short-answer","Challenge","grade-pass-sample","pending-s18-manual-review","S18","Auto gates passed; manual sample review is still pending and this package is not approved for public integration."
"hjb-primary-ds-v1-p4-114","P4","upper","hjb-primary-p4-upper-geometry-circle-lines-angles","几何小实践","short-answer","Challenge","grade-pass-sample","pending-s18-manual-review","S18","Auto gates passed; manual sample review is still pending and this package is not approved for public integration."
"hjb-primary-ds-v1-p4-117","P4","upper","hjb-primary-p4-upper-review-integration","四年级上册整理与提高","short-answer","Challenge","grade-pass-sample","pending-s18-manual-review","S18","Auto gates passed; manual sample review is still pending and this package is not approved for public integration."
"hjb-primary-ds-v1-p4-120","P4","upper","hjb-primary-p4-upper-review-integration","四年级上册整理与提高","short-answer","Challenge","grade-pass-sample","pending-s18-manual-review","S18","Auto gates passed; manual sample review is still pending and this package is not approved for public integration."
"hjb-primary-ds-v1-p4-123","P4","upper","hjb-primary-p4-upper-review-integration","四年级上册整理与提高","short-answer","Challenge","grade-pass-sample","pending-s18-manual-review","S18","Auto gates passed; manual sample review is still pending and this package is not approved for public integration."
"hjb-primary-ds-v1-p4-134","P4","upper","hjb-primary-p4-upper-review-integration","四年级上册整理与提高","fill-in","Foundation","grade-pass-sample","pending-s18-manual-review","S18","Auto gates passed; manual sample review is still pending and this package is not approved for public integration."
"hjb-primary-ds-v1-p4-143","P4","lower","hjb-primary-p4-lower-review-operation-properties","复习与提高","fill-in","Core","grade-pass-sample","pending-s18-manual-review","S18","Auto gates passed; manual sample review is still pending and this package is not approved for public integration."
"hjb-primary-ds-v1-p4-144","P4","lower","hjb-primary-p4-lower-review-operation-properties","复习与提高","short-answer","Foundation","grade-pass-sample","pending-s18-manual-review","S18","Auto gates passed; manual sample review is still pending and this package is not approved for public integration."
"hjb-primary-ds-v1-p4-147","P4","lower","hjb-primary-p4-lower-review-operation-properties","复习与提高","short-answer","Core","grade-pass-sample","pending-s18-manual-review","S18","Auto gates passed; manual sample review is still pending and this package is not approved for public integration."
"hjb-primary-ds-v1-p4-161","P4","lower","hjb-primary-p4-lower-review-operation-properties","复习与提高","fill-in","Core","grade-pass-sample","pending-s18-manual-review","S18","Auto gates passed; manual sample review is still pending and this package is not approved for public integration."
"hjb-primary-ds-v1-p4-170","P4","lower","hjb-primary-p4-lower-decimals-meaning-add-sub","小数的认识与加减法","fill-in","Foundation","grade-pass-sample","pending-s18-manual-review","S18","Auto gates passed; manual sample review is still pending and this package is not approved for public integration."
"hjb-primary-ds-v1-p4-172","P4","lower","hjb-primary-p4-lower-decimals-meaning-add-sub","小数的认识与加减法","multiple-choice","Foundation","grade-pass-sample","pending-s18-manual-review","S18","Auto gates passed; manual sample review is still pending and this package is not approved for public integration."
"hjb-primary-ds-v1-p4-174","P4","lower","hjb-primary-p4-lower-decimals-meaning-add-sub","小数的认识与加减法","short-answer","Foundation","grade-pass-sample","pending-s18-manual-review","S18","Auto gates passed; manual sample review is still pending and this package is not approved for public integration."
"hjb-primary-ds-v1-p4-181","P4","lower","hjb-primary-p4-lower-decimals-meaning-add-sub","小数的认识与加减法","multiple-choice","Core","grade-pass-sample","pending-s18-manual-review","S18","Auto gates passed; manual sample review is still pending and this package is not approved for public integration."
"hjb-primary-ds-v1-p4-183","P4","lower","hjb-primary-p4-lower-decimals-meaning-add-sub","小数的认识与加减法","multiple-choice","Core","grade-pass-sample","pending-s18-manual-review","S18","Auto gates passed; manual sample review is still pending and this package is not approved for public integration."
"hjb-primary-ds-v1-p4-192","P4","lower","hjb-primary-p4-lower-line-statistics","统计","fill-in","Foundation","grade-pass-sample","pending-s18-manual-review","S18","Auto gates passed; manual sample review is still pending and this package is not approved for public integration."
"hjb-primary-ds-v1-p4-193","P4","lower","hjb-primary-p4-lower-line-statistics","统计","multiple-choice","Core","grade-pass-sample","pending-s18-manual-review","S18","Auto gates passed; manual sample review is still pending and this package is not approved for public integration."
"hjb-primary-ds-v1-p4-202","P4","lower","hjb-primary-p4-lower-line-statistics","统计","fill-in","Foundation","grade-pass-sample","pending-s18-manual-review","S18","Auto gates passed; manual sample review is still pending and this package is not approved for public integration."
"hjb-primary-ds-v1-p4-205","P4","lower","hjb-primary-p4-lower-line-statistics","统计","multiple-choice","Core","grade-pass-sample","pending-s18-manual-review","S18","Auto gates passed; manual sample review is still pending and this package is not approved for public integration."
"hjb-primary-ds-v1-p4-208","P4","lower","hjb-primary-p4-lower-vertical-parallel-lines","几何小实践","fill-in","Foundation","grade-pass-sample","pending-s18-manual-review","S18","Auto gates passed; manual sample review is still pending and this package is not approved for public integration."
"hjb-primary-ds-v1-p4-209","P4","lower","hjb-primary-p4-lower-vertical-parallel-lines","几何小实践","multiple-choice","Core","grade-pass-sample","pending-s18-manual-review","S18","Auto gates passed; manual sample review is still pending and this package is not approved for public integration."
"hjb-primary-ds-v1-p4-211","P4","lower","hjb-primary-p4-lower-vertical-parallel-lines","几何小实践","multiple-choice","Core","grade-pass-sample","pending-s18-manual-review","S18","Auto gates passed; manual sample review is still pending and this package is not approved for public integration."
"hjb-primary-ds-v1-p4-219","P4","lower","hjb-primary-p4-lower-vertical-parallel-lines","几何小实践","multiple-choice","Core","grade-pass-sample","pending-s18-manual-review","S18","Auto gates passed; manual sample review is still pending and this package is not approved for public integration."
"hjb-primary-ds-v1-p4-228","P4","lower","hjb-primary-p4-lower-vertical-parallel-lines","几何小实践","fill-in","Core","grade-pass-sample","pending-s18-manual-review","S18","Auto gates passed; manual sample review is still pending and this package is not approved for public integration."
"hjb-primary-ds-v1-p4-234","P4","lower","hjb-primary-p4-lower-review-integration","四年级下册整理与提高","fill-in","Core","grade-pass-sample","pending-s18-manual-review","S18","Auto gates passed; manual sample review is still pending and this package is not approved for public integration."
"hjb-primary-ds-v1-p4-237","P4","lower","hjb-primary-p4-lower-review-integration","四年级下册整理与提高","multiple-choice","Core","grade-pass-sample","pending-s18-manual-review","S18","Auto gates passed; manual sample review is still pending and this package is not approved for public integration."
"hjb-primary-ds-v1-p4-246","P4","lower","hjb-primary-p4-lower-review-integration","四年级下册整理与提高","multiple-choice","Core","grade-pass-sample","pending-s18-manual-review","S18","Auto gates passed; manual sample review is still pending and this package is not approved for public integration."
"hjb-primary-ds-v1-p4-247","P4","lower","hjb-primary-p4-lower-review-integration","四年级下册整理与提高","multiple-choice","Core","grade-pass-sample","pending-s18-manual-review","S18","Auto gates passed; manual sample review is still pending and this package is not approved for public integration."
"hjb-primary-ds-v1-p4-248","P4","lower","hjb-primary-p4-lower-review-integration","四年级下册整理与提高","multiple-choice","Core","grade-pass-sample","pending-s18-manual-review","S18","Auto gates passed; manual sample review is still pending and this package is not approved for public integration."
"hjb-primary-ds-v1-p4-250","P4","lower","hjb-primary-p4-lower-review-integration","四年级下册整理与提高","multiple-choice","Core","grade-pass-sample","pending-s18-manual-review","S18","Auto gates passed; manual sample review is still pending and this package is not approved for public integration."
"hjb-primary-ds-v1-p5-011","P5","upper","hjb-primary-p5-upper-decimal-operations","小数乘除法与估算","fill-in","Challenge","grade-pass-sample","pending-s18-manual-review","S18","Auto gates passed; manual sample review is still pending and this package is not approved for public integration."
"hjb-primary-ds-v1-p5-020","P5","upper","hjb-primary-p5-upper-decimal-operations","小数乘除法与估算","fill-in","Exam","grade-pass-sample","pending-s18-manual-review","S18","Auto gates passed; manual sample review is still pending and this package is not approved for public integration."
"hjb-primary-ds-v1-p5-027","P5","upper","hjb-primary-p5-upper-decimal-operations","小数乘除法与估算","short-answer","Challenge","grade-pass-sample","pending-s18-manual-review","S18","Auto gates passed; manual sample review is still pending and this package is not approved for public integration."
"hjb-primary-ds-v1-p5-040","P5","upper","hjb-primary-p5-upper-equations-relationships","用字母表示数与简易方程","multiple-choice","Exam","grade-pass-sample","pending-s18-manual-review","S18","Auto gates passed; manual sample review is still pending and this package is not approved for public integration."
"hjb-primary-ds-v1-p5-041","P5","upper","hjb-primary-p5-upper-equations-relationships","用字母表示数与简易方程","fill-in","Core","grade-pass-sample","pending-s18-manual-review","S18","Auto gates passed; manual sample review is still pending and this package is not approved for public integration."
"hjb-primary-ds-v1-p5-044","P5","upper","hjb-primary-p5-upper-equations-relationships","用字母表示数与简易方程","fill-in","Exam","grade-pass-sample","pending-s18-manual-review","S18","Auto gates passed; manual sample review is still pending and this package is not approved for public integration."
"hjb-primary-ds-v1-p5-045","P5","upper","hjb-primary-p5-upper-equations-relationships","用字母表示数与简易方程","short-answer","Core","grade-pass-sample","pending-s18-manual-review","S18","Auto gates passed; manual sample review is still pending and this package is not approved for public integration."
"hjb-primary-ds-v1-p5-047","P5","upper","hjb-primary-p5-upper-equations-relationships","用字母表示数与简易方程","fill-in","Challenge","grade-pass-sample","pending-s18-manual-review","S18","Auto gates passed; manual sample review is still pending and this package is not approved for public integration."
"hjb-primary-ds-v1-p5-049","P5","upper","hjb-primary-p5-upper-equations-relationships","用字母表示数与简易方程","multiple-choice","Core","grade-pass-sample","pending-s18-manual-review","S18","Auto gates passed; manual sample review is still pending and this package is not approved for public integration."
"hjb-primary-ds-v1-p5-051","P5","upper","hjb-primary-p5-upper-equations-relationships","用字母表示数与简易方程","short-answer","Challenge","grade-pass-sample","pending-s18-manual-review","S18","Auto gates passed; manual sample review is still pending and this package is not approved for public integration."
"hjb-primary-ds-v1-p5-067","P5","upper","hjb-primary-p5-upper-plane-figure-area","平面图形面积","multiple-choice","Challenge","grade-pass-sample","pending-s18-manual-review","S18","Auto gates passed; manual sample review is still pending and this package is not approved for public integration."
"hjb-primary-ds-v1-p5-070","P5","upper","hjb-primary-p5-upper-plane-figure-area","平面图形面积","multiple-choice","Foundation","grade-pass-sample","pending-s18-manual-review","S18","Auto gates passed; manual sample review is still pending and this package is not approved for public integration."
"hjb-primary-ds-v1-p5-071","P5","upper","hjb-primary-p5-upper-plane-figure-area","平面图形面积","fill-in","Challenge","grade-pass-sample","pending-s18-manual-review","S18","Auto gates passed; manual sample review is still pending and this package is not approved for public integration."
"hjb-primary-ds-v1-p5-073","P5","upper","hjb-primary-p5-upper-plane-figure-area","平面图形面积","multiple-choice","Foundation","grade-pass-sample","pending-s18-manual-review","S18","Auto gates passed; manual sample review is still pending and this package is not approved for public integration."
"hjb-primary-ds-v1-p5-075","P5","upper","hjb-primary-p5-upper-plane-figure-area","平面图形面积","short-answer","Core","grade-pass-sample","pending-s18-manual-review","S18","Auto gates passed; manual sample review is still pending and this package is not approved for public integration."
"hjb-primary-ds-v1-p5-077","P5","upper","hjb-primary-p5-upper-plane-figure-area","平面图形面积","fill-in","Challenge","grade-pass-sample","pending-s18-manual-review","S18","Auto gates passed; manual sample review is still pending and this package is not approved for public integration."
"hjb-primary-ds-v1-p5-084","P5","upper","hjb-primary-p5-upper-plane-figure-area","平面图形面积","short-answer","Core","grade-pass-sample","pending-s18-manual-review","S18","Auto gates passed; manual sample review is still pending and this package is not approved for public integration."
"hjb-primary-ds-v1-p5-085","P5","upper","hjb-primary-p5-upper-plane-figure-area","平面图形面积","multiple-choice","Foundation","grade-pass-sample","pending-s18-manual-review","S18","Auto gates passed; manual sample review is still pending and this package is not approved for public integration."
"hjb-primary-ds-v1-p5-086","P5","upper","hjb-primary-p5-upper-plane-figure-area","平面图形面积","fill-in","Challenge","grade-pass-sample","pending-s18-manual-review","S18","Auto gates passed; manual sample review is still pending and this package is not approved for public integration."
"hjb-primary-ds-v1-p5-090","P5","upper","hjb-primary-p5-upper-plane-figure-area","平面图形面积","short-answer","Core","grade-pass-sample","pending-s18-manual-review","S18","Auto gates passed; manual sample review is still pending and this package is not approved for public integration."
"hjb-primary-ds-v1-p5-091","P5","upper","hjb-primary-p5-upper-plane-figure-area","平面图形面积","multiple-choice","Foundation","grade-pass-sample","pending-s18-manual-review","S18","Auto gates passed; manual sample review is still pending and this package is not approved for public integration."
"hjb-primary-ds-v1-p5-092","P5","upper","hjb-primary-p5-upper-plane-figure-area","平面图形面积","fill-in","Challenge","grade-pass-sample","pending-s18-manual-review","S18","Auto gates passed; manual sample review is still pending and this package is not approved for public integration."
"hjb-primary-ds-v1-p5-099","P5","upper","hjb-primary-p5-upper-data-average","数据整理与平均数","short-answer","Core","grade-pass-sample","pending-s18-manual-review","S18","Auto gates passed; manual sample review is still pending and this package is not approved for public integration."
"hjb-primary-ds-v1-p5-114","P5","upper","hjb-primary-p5-upper-data-average","数据整理与平均数","short-answer","Core","grade-pass-sample","pending-s18-manual-review","S18","Auto gates passed; manual sample review is still pending and this package is not approved for public integration."
"hjb-primary-ds-v1-p5-126","P5","upper","hjb-primary-p5-upper-data-average","数据整理与平均数","short-answer","Core","grade-pass-sample","pending-s18-manual-review","S18","Auto gates passed; manual sample review is still pending and this package is not approved for public integration."
"hjb-primary-ds-v1-p5-128","P5","lower","hjb-primary-p5-lower-factors-multiples","因数、倍数与数的结构","fill-in","Challenge","grade-pass-sample","pending-s18-manual-review","S18","Auto gates passed; manual sample review is still pending and this package is not approved for public integration."
"hjb-primary-ds-v1-p5-130","P5","lower","hjb-primary-p5-lower-factors-multiples","因数、倍数与数的结构","multiple-choice","Foundation","grade-pass-sample","pending-s18-manual-review","S18","Auto gates passed; manual sample review is still pending and this package is not approved for public integration."
"hjb-primary-ds-v1-p5-137","P5","lower","hjb-primary-p5-lower-factors-multiples","因数、倍数与数的结构","fill-in","Challenge","grade-pass-sample","pending-s18-manual-review","S18","Auto gates passed; manual sample review is still pending and this package is not approved for public integration."
"hjb-primary-ds-v1-p5-140","P5","lower","hjb-primary-p5-lower-factors-multiples","因数、倍数与数的结构","fill-in","Challenge","grade-pass-sample","pending-s18-manual-review","S18","Auto gates passed; manual sample review is still pending and this package is not approved for public integration."
"hjb-primary-ds-v1-p5-141","P5","lower","hjb-primary-p5-lower-factors-multiples","因数、倍数与数的结构","short-answer","Core","grade-pass-sample","pending-s18-manual-review","S18","Auto gates passed; manual sample review is still pending and this package is not approved for public integration."
"hjb-primary-ds-v1-p5-146","P5","lower","hjb-primary-p5-lower-factors-multiples","因数、倍数与数的结构","fill-in","Challenge","grade-pass-sample","pending-s18-manual-review","S18","Auto gates passed; manual sample review is still pending and this package is not approved for public integration."
"hjb-primary-ds-v1-p5-155","P5","lower","hjb-primary-p5-lower-factors-multiples","因数、倍数与数的结构","fill-in","Core","grade-pass-sample","pending-s18-manual-review","S18","Auto gates passed; manual sample review is still pending and this package is not approved for public integration."
"hjb-primary-ds-v1-p5-160","P5","lower","hjb-primary-p5-lower-fractions-equivalence-operations","分数意义、性质与加减","multiple-choice","Foundation","grade-pass-sample","pending-s18-manual-review","S18","Auto gates passed; manual sample review is still pending and this package is not approved for public integration."
"hjb-primary-ds-v1-p5-164","P5","lower","hjb-primary-p5-lower-fractions-equivalence-operations","分数意义、性质与加减","fill-in","Foundation","grade-pass-sample","pending-s18-manual-review","S18","Auto gates passed; manual sample review is still pending and this package is not approved for public integration."
"hjb-primary-ds-v1-p5-166","P5","lower","hjb-primary-p5-lower-fractions-equivalence-operations","分数意义、性质与加减","multiple-choice","Foundation","grade-pass-sample","pending-s18-manual-review","S18","Auto gates passed; manual sample review is still pending and this package is not approved for public integration."
"hjb-primary-ds-v1-p5-170","P5","lower","hjb-primary-p5-lower-fractions-equivalence-operations","分数意义、性质与加减","fill-in","Foundation","grade-pass-sample","pending-s18-manual-review","S18","Auto gates passed; manual sample review is still pending and this package is not approved for public integration."
"hjb-primary-ds-v1-p5-181","P5","lower","hjb-primary-p5-lower-fractions-equivalence-operations","分数意义、性质与加减","multiple-choice","Core","grade-pass-sample","pending-s18-manual-review","S18","Auto gates passed; manual sample review is still pending and this package is not approved for public integration."
"hjb-primary-ds-v1-p5-184","P5","lower","hjb-primary-p5-lower-fractions-equivalence-operations","分数意义、性质与加减","fill-in","Foundation","grade-pass-sample","pending-s18-manual-review","S18","Auto gates passed; manual sample review is still pending and this package is not approved for public integration."
"hjb-primary-ds-v1-p5-186","P5","lower","hjb-primary-p5-lower-fractions-equivalence-operations","分数意义、性质与加减","fill-in","Foundation","grade-pass-sample","pending-s18-manual-review","S18","Auto gates passed; manual sample review is still pending and this package is not approved for public integration."
"hjb-primary-ds-v1-p5-189","P5","lower","hjb-primary-p5-lower-cuboid-cube","长方体、正方体与体积","multiple-choice","Core","grade-pass-sample","pending-s18-manual-review","S18","Auto gates passed; manual sample review is still pending and this package is not approved for public integration."
"hjb-primary-ds-v1-p5-200","P5","lower","hjb-primary-p5-lower-cuboid-cube","长方体、正方体与体积","fill-in","Core","grade-pass-sample","pending-s18-manual-review","S18","Auto gates passed; manual sample review is still pending and this package is not approved for public integration."
"hjb-primary-ds-v1-p5-202","P5","lower","hjb-primary-p5-lower-cuboid-cube","长方体、正方体与体积","fill-in","Core","grade-pass-sample","pending-s18-manual-review","S18","Auto gates passed; manual sample review is still pending and this package is not approved for public integration."
"hjb-primary-ds-v1-p5-209","P5","lower","hjb-primary-p5-lower-cuboid-cube","长方体、正方体与体积","multiple-choice","Core","grade-pass-sample","pending-s18-manual-review","S18","Auto gates passed; manual sample review is still pending and this package is not approved for public integration."
"hjb-primary-ds-v1-p5-210","P5","lower","hjb-primary-p5-lower-cuboid-cube","长方体、正方体与体积","fill-in","Core","grade-pass-sample","pending-s18-manual-review","S18","Auto gates passed; manual sample review is still pending and this package is not approved for public integration."
"hjb-primary-ds-v1-p5-213","P5","lower","hjb-primary-p5-lower-cuboid-cube","长方体、正方体与体积","multiple-choice","Core","grade-pass-sample","pending-s18-manual-review","S18","Auto gates passed; manual sample review is still pending and this package is not approved for public integration."
"hjb-primary-ds-v1-p5-223","P5","lower","hjb-primary-p5-lower-statistics-review","统计表达与综合应用","multiple-choice","Core","grade-pass-sample","pending-s18-manual-review","S18","Auto gates passed; manual sample review is still pending and this package is not approved for public integration."
"hjb-primary-ds-v1-p5-225","P5","lower","hjb-primary-p5-lower-statistics-review","统计表达与综合应用","multiple-choice","Core","grade-pass-sample","pending-s18-manual-review","S18","Auto gates passed; manual sample review is still pending and this package is not approved for public integration."
"hjb-primary-ds-v1-p5-232","P5","lower","hjb-primary-p5-lower-statistics-review","统计表达与综合应用","fill-in","Core","grade-pass-sample","pending-s18-manual-review","S18","Auto gates passed; manual sample review is still pending and this package is not approved for public integration."
"hjb-primary-ds-v1-p5-237","P5","lower","hjb-primary-p5-lower-statistics-review","统计表达与综合应用","multiple-choice","Core","grade-pass-sample","pending-s18-manual-review","S18","Auto gates passed; manual sample review is still pending and this package is not approved for public integration."
"hjb-primary-ds-v1-p5-243","P5","lower","hjb-primary-p5-lower-statistics-review","统计表达与综合应用","multiple-choice","Core","grade-pass-sample","pending-s18-manual-review","S18","Auto gates passed; manual sample review is still pending and this package is not approved for public integration."
"hjb-primary-ds-v1-p6-006","P6","upper","hjb-primary-p6-upper-divisibility","数的整除","short-answer","Foundation","grade-pass-sample","pending-s18-manual-review","S18","Auto gates passed; manual sample review is still pending and this package is not approved for public integration."
"hjb-primary-ds-v1-p6-012","P6","upper","hjb-primary-p6-upper-divisibility","数的整除","short-answer","Exam","grade-pass-sample","pending-s18-manual-review","S18","Auto gates passed; manual sample review is still pending and this package is not approved for public integration."
"hjb-primary-ds-v1-p6-016","P6","upper","hjb-primary-p6-upper-divisibility","数的整除","multiple-choice","Exam","grade-pass-sample","pending-s18-manual-review","S18","Auto gates passed; manual sample review is still pending and this package is not approved for public integration."
"hjb-primary-ds-v1-p6-024","P6","upper","hjb-primary-p6-upper-fractions","分数","short-answer","Exam","grade-pass-sample","pending-s18-manual-review","S18","Auto gates passed; manual sample review is still pending and this package is not approved for public integration."
"hjb-primary-ds-v1-p6-026","P6","upper","hjb-primary-p6-upper-fractions","分数","fill-in","Foundation","grade-pass-sample","pending-s18-manual-review","S18","Auto gates passed; manual sample review is still pending and this package is not approved for public integration."
"hjb-primary-ds-v1-p6-028","P6","upper","hjb-primary-p6-upper-fractions","分数","multiple-choice","Exam","grade-pass-sample","pending-s18-manual-review","S18","Auto gates passed; manual sample review is still pending and this package is not approved for public integration."
"hjb-primary-ds-v1-p6-034","P6","upper","hjb-primary-p6-upper-fractions","分数","multiple-choice","Foundation","grade-pass-sample","pending-s18-manual-review","S18","Auto gates passed; manual sample review is still pending and this package is not approved for public integration."
"hjb-primary-ds-v1-p6-036","P6","upper","hjb-primary-p6-upper-fractions","分数","short-answer","Exam","grade-pass-sample","pending-s18-manual-review","S18","Auto gates passed; manual sample review is still pending and this package is not approved for public integration."
"hjb-primary-ds-v1-p6-037","P6","upper","hjb-primary-p6-upper-ratio-proportion","比和比例","multiple-choice","Core","grade-pass-sample","pending-s18-manual-review","S18","Auto gates passed; manual sample review is still pending and this package is not approved for public integration."
"hjb-primary-ds-v1-p6-039","P6","upper","hjb-primary-p6-upper-ratio-proportion","比和比例","short-answer","Challenge","grade-pass-sample","pending-s18-manual-review","S18","Auto gates passed; manual sample review is still pending and this package is not approved for public integration."
"hjb-primary-ds-v1-p6-040","P6","upper","hjb-primary-p6-upper-ratio-proportion","比和比例","multiple-choice","Exam","grade-pass-sample","pending-s18-manual-review","S18","Auto gates passed; manual sample review is still pending and this package is not approved for public integration."
"hjb-primary-ds-v1-p6-041","P6","upper","hjb-primary-p6-upper-ratio-proportion","比和比例","fill-in","Core","grade-pass-sample","pending-s18-manual-review","S18","Auto gates passed; manual sample review is still pending and this package is not approved for public integration."
"hjb-primary-ds-v1-p6-047","P6","upper","hjb-primary-p6-upper-ratio-proportion","比和比例","fill-in","Challenge","grade-pass-sample","pending-s18-manual-review","S18","Auto gates passed; manual sample review is still pending and this package is not approved for public integration."
"hjb-primary-ds-v1-p6-050","P6","upper","hjb-primary-p6-upper-ratio-proportion","比和比例","fill-in","Foundation","grade-pass-sample","pending-s18-manual-review","S18","Auto gates passed; manual sample review is still pending and this package is not approved for public integration."
"hjb-primary-ds-v1-p6-057","P6","upper","hjb-primary-p6-upper-circle-sector","圆和扇形","short-answer","Core","grade-pass-sample","pending-s18-manual-review","S18","Auto gates passed; manual sample review is still pending and this package is not approved for public integration."
"hjb-primary-ds-v1-p6-060","P6","upper","hjb-primary-p6-upper-circle-sector","圆和扇形","short-answer","Exam","grade-pass-sample","pending-s18-manual-review","S18","Auto gates passed; manual sample review is still pending and this package is not approved for public integration."
"hjb-primary-ds-v1-p6-063","P6","upper","hjb-primary-p6-upper-circle-sector","圆和扇形","short-answer","Challenge","grade-pass-sample","pending-s18-manual-review","S18","Auto gates passed; manual sample review is still pending and this package is not approved for public integration."
"hjb-primary-ds-v1-p6-078","P6","lower","hjb-primary-p6-lower-ratio-proportion","比与比例","short-answer","Core","grade-pass-sample","pending-s18-manual-review","S18","Auto gates passed; manual sample review is still pending and this package is not approved for public integration."
"hjb-primary-ds-v1-p6-082","P6","lower","hjb-primary-p6-lower-ratio-proportion","比与比例","multiple-choice","Foundation","grade-pass-sample","pending-s18-manual-review","S18","Auto gates passed; manual sample review is still pending and this package is not approved for public integration."
"hjb-primary-ds-v1-p6-091","P6","lower","hjb-primary-p6-lower-circle-sector","圆与扇形","multiple-choice","Foundation","grade-pass-sample","pending-s18-manual-review","S18","Auto gates passed; manual sample review is still pending and this package is not approved for public integration."
"hjb-primary-ds-v1-p6-096","P6","lower","hjb-primary-p6-lower-circle-sector","圆与扇形","short-answer","Core","grade-pass-sample","pending-s18-manual-review","S18","Auto gates passed; manual sample review is still pending and this package is not approved for public integration."
"hjb-primary-ds-v1-p6-108","P6","lower","hjb-primary-p6-lower-circle-sector","圆与扇形","short-answer","Core","grade-pass-sample","pending-s18-manual-review","S18","Auto gates passed; manual sample review is still pending and this package is not approved for public integration."
"hjb-primary-ds-v1-p6-112","P6","lower","hjb-primary-p6-lower-probability-statistics","可能性与统计图表","multiple-choice","Foundation","grade-pass-sample","pending-s18-manual-review","S18","Auto gates passed; manual sample review is still pending and this package is not approved for public integration."
"hjb-primary-ds-v1-p6-125","P6","lower","hjb-primary-p6-lower-probability-statistics","可能性与统计图表","fill-in","Challenge","grade-pass-sample","pending-s18-manual-review","S18","Auto gates passed; manual sample review is still pending and this package is not approved for public integration."
"hjb-primary-ds-v1-p6-130","P6","lower","hjb-primary-p6-lower-cylinder-cone","圆柱与圆锥","multiple-choice","Foundation","grade-pass-sample","pending-s18-manual-review","S18","Auto gates passed; manual sample review is still pending and this package is not approved for public integration."
"hjb-primary-ds-v1-p6-135","P6","lower","hjb-primary-p6-lower-cylinder-cone","圆柱与圆锥","short-answer","Core","grade-pass-sample","pending-s18-manual-review","S18","Auto gates passed; manual sample review is still pending and this package is not approved for public integration."
"hjb-primary-ds-v1-p6-140","P6","lower","hjb-primary-p6-lower-cylinder-cone","圆柱与圆锥","fill-in","Challenge","grade-pass-sample","pending-s18-manual-review","S18","Auto gates passed; manual sample review is still pending and this package is not approved for public integration."
"hjb-primary-ds-v1-p6-153","P6","lower","hjb-primary-p6-lower-linear-systems","二元一次方程组","short-answer","Core","grade-pass-sample","pending-s18-manual-review","S18","Auto gates passed; manual sample review is still pending and this package is not approved for public integration."
"hjb-primary-ds-v1-p6-154","P6","lower","hjb-primary-p6-lower-linear-systems","二元一次方程组","multiple-choice","Foundation","grade-pass-sample","pending-s18-manual-review","S18","Auto gates passed; manual sample review is still pending and this package is not approved for public integration."
"hjb-primary-ds-v1-p6-160","P6","lower","hjb-primary-p6-lower-linear-systems","二元一次方程组","multiple-choice","Foundation","grade-pass-sample","pending-s18-manual-review","S18","Auto gates passed; manual sample review is still pending and this package is not approved for public integration."
"hjb-primary-ds-v1-p6-162","P6","lower","hjb-primary-p6-lower-linear-systems","二元一次方程组","short-answer","Foundation","grade-pass-sample","pending-s18-manual-review","S18","Auto gates passed; manual sample review is still pending and this package is not approved for public integration."
"hjb-primary-ds-v1-p6-168","P6","lower","hjb-primary-p6-lower-rational-numbers","有理数","short-answer","Foundation","grade-pass-sample","pending-s18-manual-review","S18","Auto gates passed; manual sample review is still pending and this package is not approved for public integration."
"hjb-primary-ds-v1-p6-177","P6","lower","hjb-primary-p6-lower-rational-numbers","有理数","short-answer","Core","grade-pass-sample","pending-s18-manual-review","S18","Auto gates passed; manual sample review is still pending and this package is not approved for public integration."
"hjb-primary-ds-v1-p6-183","P6","lower","hjb-primary-p6-lower-simple-algebraic-expressions","简单的代数式","multiple-choice","Core","grade-pass-sample","pending-s18-manual-review","S18","Auto gates passed; manual sample review is still pending and this package is not approved for public integration."
"hjb-primary-ds-v1-p6-195","P6","lower","hjb-primary-p6-lower-simple-algebraic-expressions","简单的代数式","multiple-choice","Core","grade-pass-sample","pending-s18-manual-review","S18","Auto gates passed; manual sample review is still pending and this package is not approved for public integration."
"hjb-primary-ds-v1-p6-201","P6","lower","hjb-primary-p6-lower-linear-equations-inequalities","一元一次方程","multiple-choice","Core","grade-pass-sample","pending-s18-manual-review","S18","Auto gates passed; manual sample review is still pending and this package is not approved for public integration."
"hjb-primary-ds-v1-p6-206","P6","lower","hjb-primary-p6-lower-linear-equations-inequalities","一元一次方程","fill-in","Core","grade-pass-sample","pending-s18-manual-review","S18","Auto gates passed; manual sample review is still pending and this package is not approved for public integration."
"hjb-primary-ds-v1-p6-209","P6","lower","hjb-primary-p6-lower-linear-equations-inequalities","一元一次方程","multiple-choice","Core","grade-pass-sample","pending-s18-manual-review","S18","Auto gates passed; manual sample review is still pending and this package is not approved for public integration."
"hjb-primary-ds-v1-p6-223","P6","lower","hjb-primary-p6-lower-segments-angles","线段与角","multiple-choice","Core","grade-pass-sample","pending-s18-manual-review","S18","Auto gates passed; manual sample review is still pending and this package is not approved for public integration."
"hjb-primary-ds-v1-p6-224","P6","lower","hjb-primary-p6-lower-segments-angles","线段与角","fill-in","Core","grade-pass-sample","pending-s18-manual-review","S18","Auto gates passed; manual sample review is still pending and this package is not approved for public integration."
"hjb-primary-ds-v1-p6-225","P6","lower","hjb-primary-p6-lower-segments-angles","线段与角","multiple-choice","Core","grade-pass-sample","pending-s18-manual-review","S18","Auto gates passed; manual sample review is still pending and this package is not approved for public integration."
"hjb-primary-ds-v1-p6-229","P6","lower","hjb-primary-p6-lower-segments-angles","线段与角","multiple-choice","Core","grade-pass-sample","pending-s18-manual-review","S18","Auto gates passed; manual sample review is still pending and this package is not approved for public integration."
"hjb-primary-ds-v1-p6-236","P6","lower","hjb-primary-p6-lower-cuboid","长方体","fill-in","Core","grade-pass-sample","pending-s18-manual-review","S18","Auto gates passed; manual sample review is still pending and this package is not approved for public integration."
"hjb-primary-ds-v1-p6-237","P6","lower","hjb-primary-p6-lower-cuboid","长方体","multiple-choice","Core","grade-pass-sample","pending-s18-manual-review","S18","Auto gates passed; manual sample review is still pending and this package is not approved for public integration."
"hjb-primary-ds-v1-p6-240","P6","lower","hjb-primary-p6-lower-cuboid","长方体","fill-in","Core","grade-pass-sample","pending-s18-manual-review","S18","Auto gates passed; manual sample review is still pending and this package is not approved for public integration."
"hjb-primary-ds-v1-p6-242","P6","lower","hjb-primary-p6-lower-cuboid","长方体","multiple-choice","Core","grade-pass-sample","pending-s18-manual-review","S18","Auto gates passed; manual sample review is still pending and this package is not approved for public integration."
"hjb-primary-ds-v1-p6-243","P6","lower","hjb-primary-p6-lower-cuboid","长方体","multiple-choice","Core","grade-pass-sample","pending-s18-manual-review","S18","Auto gates passed; manual sample review is still pending and this package is not approved for public integration."
"hjb-primary-ds-v1-p6-244","P6","lower","hjb-primary-p6-lower-cuboid","长方体","multiple-choice","Core","grade-pass-sample","pending-s18-manual-review","S18","Auto gates passed; manual sample review is still pending and this package is not approved for public integration."
"hjb-primary-ds-v1-p6-245","P6","lower","hjb-primary-p6-lower-cuboid","长方体","multiple-choice","Core","grade-pass-sample","pending-s18-manual-review","S18","Auto gates passed; manual sample review is still pending and this package is not approved for public integration."
"hjb-primary-ds-v1-p6-246","P6","lower","hjb-primary-p6-lower-cuboid","长方体","multiple-choice","Core","grade-pass-sample","pending-s18-manual-review","S18","Auto gates passed; manual sample review is still pending and this package is not approved for public integration."
