sampleOrder,questionId,grade,semester,knowledgePointId,unitTitle,type,difficulty,promptZhHans,answer,explanationZhHans,sampleReason,curriculumFit,mathCorrectness,sourceDistance,terminology,reviewStatus,reviewer,reviewNotes
1,pep-junior-v2-s1-k01-mc-001,S1,upper,pep-junior-s1-upper-rational-numbers,有理数与数轴基础,multiple-choice,Foundation,某地清晨气温为-13℃，中午上升17℃，傍晚又下降4℃。傍晚气温是多少？,0,按正负变化计算：-13+17-4=0，所以傍晚气温是0℃。,fixed-cell-first-middle-last,pass,pass,pass,pass,pass,S18,"Sample row passes deterministic S18 rubric: grade/topic fit, answer/explanation consistency, source-distance scan, and Mainland terminology."
2,pep-junior-v2-s1-k01-mc-012,S1,upper,pep-junior-s1-upper-rational-numbers,有理数与数轴基础,multiple-choice,Foundation,某地清晨气温为-15℃，中午上升17℃，傍晚又下降3℃。傍晚气温是多少？,-1,按正负变化计算：-15+17-3=-1，所以傍晚气温是-1℃。,fixed-cell-first-middle-last,pass,pass,pass,pass,pass,S18,"Sample row passes deterministic S18 rubric: grade/topic fit, answer/explanation consistency, source-distance scan, and Mainland terminology."
3,pep-junior-v2-s1-k01-mc-023,S1,upper,pep-junior-s1-upper-rational-numbers,有理数与数轴基础,multiple-choice,Foundation,某地清晨气温为-17℃，中午上升17℃，傍晚又下降8℃。傍晚气温是多少？,-8,按正负变化计算：-17+17-8=-8，所以傍晚气温是-8℃。,fixed-cell-first-middle-last,pass,pass,pass,pass,pass,S18,"Sample row passes deterministic S18 rubric: grade/topic fit, answer/explanation consistency, source-distance scan, and Mainland terminology."
4,pep-junior-v2-s1-k01-mc-022,S1,upper,pep-junior-s1-upper-rational-numbers,有理数与数轴基础,multiple-choice,Foundation,某地清晨气温为-16℃，中午上升15℃，傍晚又下降7℃。傍晚气温是多少？,-8,按正负变化计算：-16+15-7=-8，所以傍晚气温是-8℃。,cell-highest-risk-or-backfill,pass,pass,pass,pass,pass,S18,"Sample row passes deterministic S18 rubric: grade/topic fit, answer/explanation consistency, source-distance scan, and Mainland terminology."
1,pep-junior-v2-s1-k01-fi-001,S1,upper,pep-junior-s1-upper-rational-numbers,有理数与数轴基础,fill-in,Foundation,数轴上点A表示-6，点B表示2。A、B两点之间的距离是____。,8,两点距离为2-(-6)=8，所以距离是8。,fixed-cell-first-middle-last,pass,pass,pass,pass,pass,S18,"Sample row passes deterministic S18 rubric: grade/topic fit, answer/explanation consistency, source-distance scan, and Mainland terminology."
2,pep-junior-v2-s1-k01-fi-012,S1,upper,pep-junior-s1-upper-rational-numbers,有理数与数轴基础,fill-in,Foundation,数轴上点A表示-9，点B表示7。A、B两点之间的距离是____。,16,两点距离为7-(-9)=16，所以距离是16。,fixed-cell-first-middle-last,pass,pass,pass,pass,pass,S18,"Sample row passes deterministic S18 rubric: grade/topic fit, answer/explanation consistency, source-distance scan, and Mainland terminology."
3,pep-junior-v2-s1-k01-fi-023,S1,upper,pep-junior-s1-upper-rational-numbers,有理数与数轴基础,fill-in,Foundation,数轴上点A表示-12，点B表示5。A、B两点之间的距离是____。,17,两点距离为5-(-12)=17，所以距离是17。,fixed-cell-first-middle-last,pass,pass,pass,pass,pass,S18,"Sample row passes deterministic S18 rubric: grade/topic fit, answer/explanation consistency, source-distance scan, and Mainland terminology."
4,pep-junior-v2-s1-k01-fi-022,S1,upper,pep-junior-s1-upper-rational-numbers,有理数与数轴基础,fill-in,Foundation,数轴上点A表示-11，点B表示2。A、B两点之间的距离是____。,13,两点距离为2-(-11)=13，所以距离是13。,cell-highest-risk-or-backfill,pass,pass,pass,pass,pass,S18,"Sample row passes deterministic S18 rubric: grade/topic fit, answer/explanation consistency, source-distance scan, and Mainland terminology."
1,pep-junior-v2-s1-k01-sa-001,S1,upper,pep-junior-s1-upper-rational-numbers,有理数与数轴基础,short-answer,Foundation,计算：-35+7-4。,-32,先合并正负变化，-35+7-4=-32，结果为负数。,fixed-cell-first-middle-last,pass,pass,pass,pass,pass,S18,"Sample row passes deterministic S18 rubric: grade/topic fit, answer/explanation consistency, source-distance scan, and Mainland terminology."
2,pep-junior-v2-s1-k01-sa-012,S1,upper,pep-junior-s1-upper-rational-numbers,有理数与数轴基础,short-answer,Foundation,计算：-46+29-15。,-32,先合并正负变化，-46+29-15=-32，结果为负数。,fixed-cell-first-middle-last,pass,pass,pass,pass,pass,S18,"Sample row passes deterministic S18 rubric: grade/topic fit, answer/explanation consistency, source-distance scan, and Mainland terminology."
3,pep-junior-v2-s1-k01-sa-022,S1,upper,pep-junior-s1-upper-rational-numbers,有理数与数轴基础,short-answer,Foundation,计算：-25+20-25。,-30,先合并正负变化，-25+20-25=-30，结果为负数。,fixed-cell-first-middle-last,pass,pass,pass,pass,pass,S18,"Sample row passes deterministic S18 rubric: grade/topic fit, answer/explanation consistency, source-distance scan, and Mainland terminology."
4,pep-junior-v2-s1-k01-sa-021,S1,upper,pep-junior-s1-upper-rational-numbers,有理数与数轴基础,short-answer,Foundation,计算：-24+18-24。,-30,先合并正负变化，-24+18-24=-30，结果为负数。,cell-highest-risk-or-backfill,pass,pass,pass,pass,pass,S18,"Sample row passes deterministic S18 rubric: grade/topic fit, answer/explanation consistency, source-distance scan, and Mainland terminology."
1,pep-junior-v2-s1-k02-mc-001,S1,upper,pep-junior-s1-upper-expressions-linear-equations,整式初步与一元一次方程,multiple-choice,Foundation,化简：(3x+9)+(3x-4)。,6x+5,同类项合并得(3+3)x+(9-4)=6x+5。,fixed-cell-first-middle-last,pass,pass,pass,pass,pass,S18,"Sample row passes deterministic S18 rubric: grade/topic fit, answer/explanation consistency, source-distance scan, and Mainland terminology."
2,pep-junior-v2-s1-k02-mc-012,S1,upper,pep-junior-s1-upper-expressions-linear-equations,整式初步与一元一次方程,multiple-choice,Foundation,化简：(4x+6)+(1x-2)。,5x+4,同类项合并得(4+1)x+(6-2)=5x+4。,fixed-cell-first-middle-last,pass,pass,pass,pass,pass,S18,"Sample row passes deterministic S18 rubric: grade/topic fit, answer/explanation consistency, source-distance scan, and Mainland terminology."
3,pep-junior-v2-s1-k02-mc-022,S1,upper,pep-junior-s1-upper-expressions-linear-equations,整式初步与一元一次方程,multiple-choice,Foundation,化简：(4x+9)+(1x-2)。,5x+7,同类项合并得(4+1)x+(9-2)=5x+7。,fixed-cell-first-middle-last,pass,pass,pass,pass,pass,S18,"Sample row passes deterministic S18 rubric: grade/topic fit, answer/explanation consistency, source-distance scan, and Mainland terminology."
4,pep-junior-v2-s1-k02-mc-021,S1,upper,pep-junior-s1-upper-expressions-linear-equations,整式初步与一元一次方程,multiple-choice,Foundation,化简：(3x+8)+(3x-4)。,6x+4,同类项合并得(3+3)x+(8-4)=6x+4。,cell-highest-risk-or-backfill,pass,pass,pass,pass,pass,S18,"Sample row passes deterministic S18 rubric: grade/topic fit, answer/explanation consistency, source-distance scan, and Mainland terminology."
1,pep-junior-v2-s1-k02-fi-001,S1,upper,pep-junior-s1-upper-expressions-linear-equations,整式初步与一元一次方程,fill-in,Foundation,解方程：3x+8=23。x=____。,5,两边减8得3x=15，再除以3，x=5。,fixed-cell-first-middle-last,pass,pass,pass,pass,pass,S18,"Sample row passes deterministic S18 rubric: grade/topic fit, answer/explanation consistency, source-distance scan, and Mainland terminology."
2,pep-junior-v2-s1-k02-fi-012,S1,upper,pep-junior-s1-upper-expressions-linear-equations,整式初步与一元一次方程,fill-in,Foundation,解方程：2x+9=23。x=____。,7,两边减9得2x=14，再除以2，x=7。,fixed-cell-first-middle-last,pass,pass,pass,pass,pass,S18,"Sample row passes deterministic S18 rubric: grade/topic fit, answer/explanation consistency, source-distance scan, and Mainland terminology."
3,pep-junior-v2-s1-k02-fi-022,S1,upper,pep-junior-s1-upper-expressions-linear-equations,整式初步与一元一次方程,fill-in,Foundation,解方程：4x+7=39。x=____。,8,两边减7得4x=32，再除以4，x=8。,fixed-cell-first-middle-last,pass,pass,pass,pass,pass,S18,"Sample row passes deterministic S18 rubric: grade/topic fit, answer/explanation consistency, source-distance scan, and Mainland terminology."
4,pep-junior-v2-s1-k02-fi-021,S1,upper,pep-junior-s1-upper-expressions-linear-equations,整式初步与一元一次方程,fill-in,Foundation,解方程：3x+12=33。x=____。,7,两边减12得3x=21，再除以3，x=7。,cell-highest-risk-or-backfill,pass,pass,pass,pass,pass,S18,"Sample row passes deterministic S18 rubric: grade/topic fit, answer/explanation consistency, source-distance scan, and Mainland terminology."
1,pep-junior-v2-s1-k02-sa-001,S1,upper,pep-junior-s1-upper-expressions-linear-equations,整式初步与一元一次方程,short-answer,Foundation,每本练习本x元，买4本后又花8元买笔，共用24元。写出求x的方程。,4x+8=24,4本练习本花4x元，加上8元等于24元，方程是4x+8=24。,fixed-cell-first-middle-last,pass,pass,pass,pass,pass,S18,"Sample row passes deterministic S18 rubric: grade/topic fit, answer/explanation consistency, source-distance scan, and Mainland terminology."
2,pep-junior-v2-s1-k02-sa-012,S1,upper,pep-junior-s1-upper-expressions-linear-equations,整式初步与一元一次方程,short-answer,Foundation,每本练习本x元，买5本后又花5元买笔，共用15元。写出求x的方程。,5x+5=15,5本练习本花5x元，加上5元等于15元，方程是5x+5=15。,fixed-cell-first-middle-last,pass,pass,pass,pass,pass,S18,"Sample row passes deterministic S18 rubric: grade/topic fit, answer/explanation consistency, source-distance scan, and Mainland terminology."
3,pep-junior-v2-s1-k02-sa-022,S1,upper,pep-junior-s1-upper-expressions-linear-equations,整式初步与一元一次方程,short-answer,Core,每本练习本x元，买5本后又花8元买笔，共用28元。写出求x的方程。,5x+8=28,5本练习本花5x元，加上8元等于28元，方程是5x+8=28。,fixed-cell-first-middle-last,pass,pass,pass,pass,pass,S18,"Sample row passes deterministic S18 rubric: grade/topic fit, answer/explanation consistency, source-distance scan, and Mainland terminology."
4,pep-junior-v2-s1-k02-sa-021,S1,upper,pep-junior-s1-upper-expressions-linear-equations,整式初步与一元一次方程,short-answer,Core,每本练习本x元，买4本后又花7元买笔，共用15元。写出求x的方程。,4x+7=15,4本练习本花4x元，加上7元等于15元，方程是4x+7=15。,cell-highest-risk-or-backfill,pass,pass,pass,pass,pass,S18,"Sample row passes deterministic S18 rubric: grade/topic fit, answer/explanation consistency, source-distance scan, and Mainland terminology."
1,pep-junior-v2-s1-k03-mc-001,S1,upper,pep-junior-s1-upper-geometric-figures,几何图形初步,multiple-choice,Core,两个角组成平角，其中一个角是42°，另一个角是多少？,138°,平角为180°，另一个角是180°-42°=138°。,fixed-cell-first-middle-last,pass,pass,pass,pass,pass,S18,"Sample row passes deterministic S18 rubric: grade/topic fit, answer/explanation consistency, source-distance scan, and Mainland terminology."
2,pep-junior-v2-s1-k03-mc-012,S1,upper,pep-junior-s1-upper-geometric-figures,几何图形初步,multiple-choice,Core,两个角组成平角，其中一个角是119°，另一个角是多少？,61°,平角为180°，另一个角是180°-119°=61°。,fixed-cell-first-middle-last,pass,pass,pass,pass,pass,S18,"Sample row passes deterministic S18 rubric: grade/topic fit, answer/explanation consistency, source-distance scan, and Mainland terminology."
3,pep-junior-v2-s1-k03-mc-022,S1,upper,pep-junior-s1-upper-geometric-figures,几何图形初步,multiple-choice,Core,两个角组成平角，其中一个角是89°，另一个角是多少？,91°,平角为180°，另一个角是180°-89°=91°。,fixed-cell-first-middle-last,pass,pass,pass,pass,pass,S18,"Sample row passes deterministic S18 rubric: grade/topic fit, answer/explanation consistency, source-distance scan, and Mainland terminology."
4,pep-junior-v2-s1-k03-mc-021,S1,upper,pep-junior-s1-upper-geometric-figures,几何图形初步,multiple-choice,Core,两个角组成平角，其中一个角是82°，另一个角是多少？,98°,平角为180°，另一个角是180°-82°=98°。,cell-highest-risk-or-backfill,pass,pass,pass,pass,pass,S18,"Sample row passes deterministic S18 rubric: grade/topic fit, answer/explanation consistency, source-distance scan, and Mainland terminology."
1,pep-junior-v2-s1-k03-fi-001,S1,upper,pep-junior-s1-upper-geometric-figures,几何图形初步,fill-in,Core,线段AB长14厘米，点C是AB的中点。AC=____。,7厘米,中点把线段平均分成两段，AC=14÷2=7厘米。,fixed-cell-first-middle-last,pass,pass,pass,pass,pass,S18,"Sample row passes deterministic S18 rubric: grade/topic fit, answer/explanation consistency, source-distance scan, and Mainland terminology."
2,pep-junior-v2-s1-k03-fi-012,S1,upper,pep-junior-s1-upper-geometric-figures,几何图形初步,fill-in,Core,线段AB长36厘米，点C是AB的中点。AC=____。,18厘米,中点把线段平均分成两段，AC=36÷2=18厘米。,fixed-cell-first-middle-last,pass,pass,pass,pass,pass,S18,"Sample row passes deterministic S18 rubric: grade/topic fit, answer/explanation consistency, source-distance scan, and Mainland terminology."
3,pep-junior-v2-s1-k03-fi-022,S1,upper,pep-junior-s1-upper-geometric-figures,几何图形初步,fill-in,Core,线段AB长56厘米，点C是AB的中点。AC=____。,28厘米,中点把线段平均分成两段，AC=56÷2=28厘米。,fixed-cell-first-middle-last,pass,pass,pass,pass,pass,S18,"Sample row passes deterministic S18 rubric: grade/topic fit, answer/explanation consistency, source-distance scan, and Mainland terminology."
4,pep-junior-v2-s1-k03-fi-021,S1,upper,pep-junior-s1-upper-geometric-figures,几何图形初步,fill-in,Core,线段AB长54厘米，点C是AB的中点。AC=____。,27厘米,中点把线段平均分成两段，AC=54÷2=27厘米。,cell-highest-risk-or-backfill,pass,pass,pass,pass,pass,S18,"Sample row passes deterministic S18 rubric: grade/topic fit, answer/explanation consistency, source-distance scan, and Mainland terminology."
1,pep-junior-v2-s1-k03-sa-001,S1,upper,pep-junior-s1-upper-geometric-figures,几何图形初步,short-answer,Core,两个角互余，其中一个角是79°。求另一个角的度数，并写出理由。,11°,互余两角和为90°，所以另一个角是90°-79°=11°。,fixed-cell-first-middle-last,pass,pass,pass,pass,pass,S18,"Sample row passes deterministic S18 rubric: grade/topic fit, answer/explanation consistency, source-distance scan, and Mainland terminology."
2,pep-junior-v2-s1-k03-sa-012,S1,upper,pep-junior-s1-upper-geometric-figures,几何图形初步,short-answer,Core,两个角互余，其中一个角是87°。求另一个角的度数，并写出理由。,3°,互余两角和为90°，所以另一个角是90°-87°=3°。,fixed-cell-first-middle-last,pass,pass,pass,pass,pass,S18,"Sample row passes deterministic S18 rubric: grade/topic fit, answer/explanation consistency, source-distance scan, and Mainland terminology."
3,pep-junior-v2-s1-k03-sa-022,S1,upper,pep-junior-s1-upper-geometric-figures,几何图形初步,short-answer,Core,两个角互余，其中一个角是88°。求另一个角的度数，并写出理由。,2°,互余两角和为90°，所以另一个角是90°-88°=2°。,fixed-cell-first-middle-last,pass,pass,pass,pass,pass,S18,"Sample row passes deterministic S18 rubric: grade/topic fit, answer/explanation consistency, source-distance scan, and Mainland terminology."
4,pep-junior-v2-s1-k03-sa-021,S1,upper,pep-junior-s1-upper-geometric-figures,几何图形初步,short-answer,Core,两个角互余，其中一个角是81°。求另一个角的度数，并写出理由。,9°,互余两角和为90°，所以另一个角是90°-81°=9°。,cell-highest-risk-or-backfill,pass,pass,pass,pass,pass,S18,"Sample row passes deterministic S18 rubric: grade/topic fit, answer/explanation consistency, source-distance scan, and Mainland terminology."
1,pep-junior-v2-s1-k04-mc-001,S1,lower,pep-junior-s1-lower-lines-coordinates,相交线、平行线与平面直角坐标系,multiple-choice,Core,"点P(4,-6)先向右平移3个单位，再向下平移3个单位，所得点的坐标是？","(7,-9)","向右使x加3，向下使y减3，所以坐标为(7,-9)。",fixed-cell-first-middle-last,pass,pass,pass,pass,pass,S18,"Sample row passes deterministic S18 rubric: grade/topic fit, answer/explanation consistency, source-distance scan, and Mainland terminology."
2,pep-junior-v2-s1-k04-mc-018,S1,lower,pep-junior-s1-lower-lines-coordinates,相交线、平行线与平面直角坐标系,multiple-choice,Core,"点P(-1,6)先向右平移5个单位，再向下平移1个单位，所得点的坐标是？","(4,5)","向右使x加5，向下使y减1，所以坐标为(4,5)。",fixed-cell-first-middle-last,pass,pass,pass,pass,pass,S18,"Sample row passes deterministic S18 rubric: grade/topic fit, answer/explanation consistency, source-distance scan, and Mainland terminology."
3,pep-junior-v2-s1-k04-mc-034,S1,lower,pep-junior-s1-lower-lines-coordinates,相交线、平行线与平面直角坐标系,multiple-choice,Core,"点P(4,2)先向右平移6个单位，再向下平移1个单位，所得点的坐标是？","(10,1)","向右使x加6，向下使y减1，所以坐标为(10,1)。",fixed-cell-first-middle-last,pass,pass,pass,pass,pass,S18,"Sample row passes deterministic S18 rubric: grade/topic fit, answer/explanation consistency, source-distance scan, and Mainland terminology."
4,pep-junior-v2-s1-k04-mc-033,S1,lower,pep-junior-s1-lower-lines-coordinates,相交线、平行线与平面直角坐标系,multiple-choice,Core,"点P(3,-1)先向右平移5个单位，再向下平移3个单位，所得点的坐标是？","(8,-4)","向右使x加5，向下使y减3，所以坐标为(8,-4)。",cell-highest-risk-or-backfill,pass,pass,pass,pass,pass,S18,"Sample row passes deterministic S18 rubric: grade/topic fit, answer/explanation consistency, source-distance scan, and Mainland terminology."
1,pep-junior-v2-s1-k04-fi-001,S1,lower,pep-junior-s1-lower-lines-coordinates,相交线、平行线与平面直角坐标系,fill-in,Core,两条平行直线被一条截线所截，一组同位角中一个角为89°，另一个同位角为____。,89°,两直线平行，同位角相等，所以另一个同位角也是89°。,fixed-cell-first-middle-last,pass,pass,pass,pass,pass,S18,"Sample row passes deterministic S18 rubric: grade/topic fit, answer/explanation consistency, source-distance scan, and Mainland terminology."
2,pep-junior-v2-s1-k04-fi-017,S1,lower,pep-junior-s1-lower-lines-coordinates,相交线、平行线与平面直角坐标系,fill-in,Core,两条平行直线被一条截线所截，一组同位角中一个角为73°，另一个同位角为____。,73°,两直线平行，同位角相等，所以另一个同位角也是73°。,fixed-cell-first-middle-last,pass,pass,pass,pass,pass,S18,"Sample row passes deterministic S18 rubric: grade/topic fit, answer/explanation consistency, source-distance scan, and Mainland terminology."
3,pep-junior-v2-s1-k04-fi-033,S1,lower,pep-junior-s1-lower-lines-coordinates,相交线、平行线与平面直角坐标系,fill-in,Core,两条平行直线被一条截线所截，一组同位角中一个角为57°，另一个同位角为____。,57°,两直线平行，同位角相等，所以另一个同位角也是57°。,fixed-cell-first-middle-last,pass,pass,pass,pass,pass,S18,"Sample row passes deterministic S18 rubric: grade/topic fit, answer/explanation consistency, source-distance scan, and Mainland terminology."
4,pep-junior-v2-s1-k04-fi-032,S1,lower,pep-junior-s1-lower-lines-coordinates,相交线、平行线与平面直角坐标系,fill-in,Core,两条平行直线被一条截线所截，一组同位角中一个角为48°，另一个同位角为____。,48°,两直线平行，同位角相等，所以另一个同位角也是48°。,cell-highest-risk-or-backfill,pass,pass,pass,pass,pass,S18,"Sample row passes deterministic S18 rubric: grade/topic fit, answer/explanation consistency, source-distance scan, and Mainland terminology."
1,pep-junior-v2-s1-k04-sa-001,S1,lower,pep-junior-s1-lower-lines-coordinates,相交线、平行线与平面直角坐标系,short-answer,Core,"点Q(26,-32)位于哪个象限？说明判断依据。",第四象限,横坐标为正、纵坐标为负，点Q位于第四象限。,fixed-cell-first-middle-last,pass,pass,pass,pass,pass,S18,"Sample row passes deterministic S18 rubric: grade/topic fit, answer/explanation consistency, source-distance scan, and Mainland terminology."
2,pep-junior-v2-s1-k04-sa-018,S1,lower,pep-junior-s1-lower-lines-coordinates,相交线、平行线与平面直角坐标系,short-answer,Core,"点Q(14,-4)位于哪个象限？说明判断依据。",第四象限,横坐标为正、纵坐标为负，点Q位于第四象限。,fixed-cell-first-middle-last,pass,pass,pass,pass,pass,S18,"Sample row passes deterministic S18 rubric: grade/topic fit, answer/explanation consistency, source-distance scan, and Mainland terminology."
3,pep-junior-v2-s1-k04-sa-034,S1,lower,pep-junior-s1-lower-lines-coordinates,相交线、平行线与平面直角坐标系,short-answer,Core,"点Q(30,-5)位于哪个象限？说明判断依据。",第四象限,横坐标为正、纵坐标为负，点Q位于第四象限。,fixed-cell-first-middle-last,pass,pass,pass,pass,pass,S18,"Sample row passes deterministic S18 rubric: grade/topic fit, answer/explanation consistency, source-distance scan, and Mainland terminology."
4,pep-junior-v2-s1-k04-sa-033,S1,lower,pep-junior-s1-lower-lines-coordinates,相交线、平行线与平面直角坐标系,short-answer,Core,"点Q(29,-3)位于哪个象限？说明判断依据。",第四象限,横坐标为正、纵坐标为负，点Q位于第四象限。,cell-highest-risk-or-backfill,pass,pass,pass,pass,pass,S18,"Sample row passes deterministic S18 rubric: grade/topic fit, answer/explanation consistency, source-distance scan, and Mainland terminology."
1,pep-junior-v2-s1-k05-mc-001,S1,lower,pep-junior-s1-lower-equations-inequalities-data,二元一次方程组、不等式与数据初步,multiple-choice,Core,解不等式：2x-34 > 34。,x>34,2x-34>34，得2x>68，所以x>34。,fixed-cell-first-middle-last,pass,pass,pass,pass,pass,S18,"Sample row passes deterministic S18 rubric: grade/topic fit, answer/explanation consistency, source-distance scan, and Mainland terminology."
2,pep-junior-v2-s1-k05-mc-017,S1,lower,pep-junior-s1-lower-equations-inequalities-data,二元一次方程组、不等式与数据初步,multiple-choice,Core,解不等式：2x-13 > 13。,x>13,2x-13>13，得2x>26，所以x>13。,fixed-cell-first-middle-last,pass,pass,pass,pass,pass,S18,"Sample row passes deterministic S18 rubric: grade/topic fit, answer/explanation consistency, source-distance scan, and Mainland terminology."
3,pep-junior-v2-s1-k05-mc-033,S1,lower,pep-junior-s1-lower-equations-inequalities-data,二元一次方程组、不等式与数据初步,multiple-choice,Core,解不等式：2x-29 > 29。,x>29,2x-29>29，得2x>58，所以x>29。,fixed-cell-first-middle-last,pass,pass,pass,pass,pass,S18,"Sample row passes deterministic S18 rubric: grade/topic fit, answer/explanation consistency, source-distance scan, and Mainland terminology."
4,pep-junior-v2-s1-k05-mc-032,S1,lower,pep-junior-s1-lower-equations-inequalities-data,二元一次方程组、不等式与数据初步,multiple-choice,Core,解不等式：2x-28 > 28。,x>28,2x-28>28，得2x>56，所以x>28。,cell-highest-risk-or-backfill,pass,pass,pass,pass,pass,S18,"Sample row passes deterministic S18 rubric: grade/topic fit, answer/explanation consistency, source-distance scan, and Mainland terminology."
1,pep-junior-v2-s1-k05-fi-001,S1,lower,pep-junior-s1-lower-equations-inequalities-data,二元一次方程组、不等式与数据初步,fill-in,Core,方程组x+y=23，x-y=19的解是____。,"(21,2)","两式相加得2x=42，x=21；代回得y=2，解为(21,2)。",fixed-cell-first-middle-last,pass,pass,pass,pass,pass,S18,"Sample row passes deterministic S18 rubric: grade/topic fit, answer/explanation consistency, source-distance scan, and Mainland terminology."
2,pep-junior-v2-s1-k05-fi-017,S1,lower,pep-junior-s1-lower-equations-inequalities-data,二元一次方程组、不等式与数据初步,fill-in,Exam,方程组x+y=17，x-y=11的解是____。,"(14,3)","两式相加得2x=28，x=14；代回得y=3，解为(14,3)。",fixed-cell-first-middle-last,pass,pass,pass,pass,pass,S18,"Sample row passes deterministic S18 rubric: grade/topic fit, answer/explanation consistency, source-distance scan, and Mainland terminology."
3,pep-junior-v2-s1-k05-fi-033,S1,lower,pep-junior-s1-lower-equations-inequalities-data,二元一次方程组、不等式与数据初步,fill-in,Exam,方程组x+y=11，x-y=3的解是____。,"(7,4)","两式相加得2x=14，x=7；代回得y=4，解为(7,4)。",fixed-cell-first-middle-last,pass,pass,pass,pass,pass,S18,"Sample row passes deterministic S18 rubric: grade/topic fit, answer/explanation consistency, source-distance scan, and Mainland terminology."
4,pep-junior-v2-s1-k05-fi-007,S1,lower,pep-junior-s1-lower-equations-inequalities-data,二元一次方程组、不等式与数据初步,fill-in,Exam,方程组x+y=18，x-y=-10的解是____。,"(4,14)","两式相加得2x=8，x=4；代回得y=14，解为(4,14)。",cell-highest-risk-or-backfill,pass,pass,pass,pass,pass,S18,"Sample row passes deterministic S18 rubric: grade/topic fit, answer/explanation consistency, source-distance scan, and Mainland terminology."
1,pep-junior-v2-s1-k05-sa-001,S1,lower,pep-junior-s1-lower-equations-inequalities-data,二元一次方程组、不等式与数据初步,short-answer,Exam,某小组三次测量的数据分别是41、44、47。求这三次数据的平均数。,44,平均数=(41+44+47)÷3=44。,fixed-cell-first-middle-last,pass,pass,pass,pass,pass,S18,"Sample row passes deterministic S18 rubric: grade/topic fit, answer/explanation consistency, source-distance scan, and Mainland terminology."
2,pep-junior-v2-s1-k05-sa-017,S1,lower,pep-junior-s1-lower-equations-inequalities-data,二元一次方程组、不等式与数据初步,short-answer,Exam,某小组三次测量的数据分别是20、23、26。求这三次数据的平均数。,23,平均数=(20+23+26)÷3=23。,fixed-cell-first-middle-last,pass,pass,pass,pass,pass,S18,"Sample row passes deterministic S18 rubric: grade/topic fit, answer/explanation consistency, source-distance scan, and Mainland terminology."
3,pep-junior-v2-s1-k05-sa-033,S1,lower,pep-junior-s1-lower-equations-inequalities-data,二元一次方程组、不等式与数据初步,short-answer,Challenge,某小组三次测量的数据分别是36、39、42。求这三次数据的平均数。,39,平均数=(36+39+42)÷3=39。,fixed-cell-first-middle-last,pass,pass,pass,pass,pass,S18,"Sample row passes deterministic S18 rubric: grade/topic fit, answer/explanation consistency, source-distance scan, and Mainland terminology."
4,pep-junior-v2-s1-k05-sa-024,S1,lower,pep-junior-s1-lower-equations-inequalities-data,二元一次方程组、不等式与数据初步,short-answer,Challenge,某小组三次测量的数据分别是27、30、33。求这三次数据的平均数。,30,平均数=(27+30+33)÷3=30。,cell-highest-risk-or-backfill,pass,pass,pass,pass,pass,S18,"Sample row passes deterministic S18 rubric: grade/topic fit, answer/explanation consistency, source-distance scan, and Mainland terminology."
1,pep-junior-v2-s2-k06-mc-001,S2,upper,pep-junior-s2-upper-triangles-congruence,三角形、全等与轴对称,multiple-choice,Foundation,三角形的两个内角分别为65°和67°，第三个内角是多少？,48°,三角形内角和为180°，第三个角是180°-65°-67°=48°。,fixed-cell-first-middle-last,pass,pass,pass,pass,pass,S18,"Sample row passes deterministic S18 rubric: grade/topic fit, answer/explanation consistency, source-distance scan, and Mainland terminology."
2,pep-junior-v2-s2-k06-mc-018,S2,upper,pep-junior-s2-upper-triangles-congruence,三角形、全等与轴对称,multiple-choice,Foundation,三角形的两个内角分别为60°和76°，第三个内角是多少？,44°,三角形内角和为180°，第三个角是180°-60°-76°=44°。,fixed-cell-first-middle-last,pass,pass,pass,pass,pass,S18,"Sample row passes deterministic S18 rubric: grade/topic fit, answer/explanation consistency, source-distance scan, and Mainland terminology."
3,pep-junior-v2-s2-k06-mc-034,S2,upper,pep-junior-s2-upper-triangles-congruence,三角形、全等与轴对称,multiple-choice,Foundation,三角形的两个内角分别为50°和78°，第三个内角是多少？,52°,三角形内角和为180°，第三个角是180°-50°-78°=52°。,fixed-cell-first-middle-last,pass,pass,pass,pass,pass,S18,"Sample row passes deterministic S18 rubric: grade/topic fit, answer/explanation consistency, source-distance scan, and Mainland terminology."
4,pep-junior-v2-s2-k06-mc-033,S2,upper,pep-junior-s2-upper-triangles-congruence,三角形、全等与轴对称,multiple-choice,Foundation,三角形的两个内角分别为45°和71°，第三个内角是多少？,64°,三角形内角和为180°，第三个角是180°-45°-71°=64°。,cell-highest-risk-or-backfill,pass,pass,pass,pass,pass,S18,"Sample row passes deterministic S18 rubric: grade/topic fit, answer/explanation consistency, source-distance scan, and Mainland terminology."
1,pep-junior-v2-s2-k06-fi-001,S2,upper,pep-junior-s2-upper-triangles-congruence,三角形、全等与轴对称,fill-in,Foundation,等腰三角形的顶角为72°，每个底角为____。,54°,两个底角相等，每个底角=(180°-72°)÷2=54°。,fixed-cell-first-middle-last,pass,pass,pass,pass,pass,S18,"Sample row passes deterministic S18 rubric: grade/topic fit, answer/explanation consistency, source-distance scan, and Mainland terminology."
2,pep-junior-v2-s2-k06-fi-018,S2,upper,pep-junior-s2-upper-triangles-congruence,三角形、全等与轴对称,fill-in,Foundation,等腰三角形的顶角为106°，每个底角为____。,37°,两个底角相等，每个底角=(180°-106°)÷2=37°。,fixed-cell-first-middle-last,pass,pass,pass,pass,pass,S18,"Sample row passes deterministic S18 rubric: grade/topic fit, answer/explanation consistency, source-distance scan, and Mainland terminology."
3,pep-junior-v2-s2-k06-fi-034,S2,upper,pep-junior-s2-upper-triangles-congruence,三角形、全等与轴对称,fill-in,Foundation,等腰三角形的顶角为48°，每个底角为____。,66°,两个底角相等，每个底角=(180°-48°)÷2=66°。,fixed-cell-first-middle-last,pass,pass,pass,pass,pass,S18,"Sample row passes deterministic S18 rubric: grade/topic fit, answer/explanation consistency, source-distance scan, and Mainland terminology."
4,pep-junior-v2-s2-k06-fi-033,S2,upper,pep-junior-s2-upper-triangles-congruence,三角形、全等与轴对称,fill-in,Foundation,等腰三角形的顶角为46°，每个底角为____。,67°,两个底角相等，每个底角=(180°-46°)÷2=67°。,cell-highest-risk-or-backfill,pass,pass,pass,pass,pass,S18,"Sample row passes deterministic S18 rubric: grade/topic fit, answer/explanation consistency, source-distance scan, and Mainland terminology."
1,pep-junior-v2-s2-k06-sa-001,S2,upper,pep-junior-s2-upper-triangles-congruence,三角形、全等与轴对称,short-answer,Foundation,在△ABC和△DEF中，AB=DE=6厘米，BC=EF=12厘米，AC=DF=12厘米。可用哪一种判定说明两个三角形全等？,SSS,三组对应边分别相等，可用边边边判定，即SSS。,fixed-cell-first-middle-last,pass,pass,pass,pass,pass,S18,"Sample row passes deterministic S18 rubric: grade/topic fit, answer/explanation consistency, source-distance scan, and Mainland terminology."
2,pep-junior-v2-s2-k06-sa-017,S2,upper,pep-junior-s2-upper-triangles-congruence,三角形、全等与轴对称,short-answer,Core,在△ABC和△DEF中，AB=DE=22厘米，BC=EF=21厘米，AC=DF=31厘米。可用哪一种判定说明两个三角形全等？,SSS,三组对应边分别相等，可用边边边判定，即SSS。,fixed-cell-first-middle-last,pass,pass,pass,pass,pass,S18,"Sample row passes deterministic S18 rubric: grade/topic fit, answer/explanation consistency, source-distance scan, and Mainland terminology."
3,pep-junior-v2-s2-k06-sa-033,S2,upper,pep-junior-s2-upper-triangles-congruence,三角形、全等与轴对称,short-answer,Core,在△ABC和△DEF中，AB=DE=19厘米，BC=EF=7厘米，AC=DF=21厘米。可用哪一种判定说明两个三角形全等？,SSS,三组对应边分别相等，可用边边边判定，即SSS。,fixed-cell-first-middle-last,pass,pass,pass,pass,pass,S18,"Sample row passes deterministic S18 rubric: grade/topic fit, answer/explanation consistency, source-distance scan, and Mainland terminology."
4,pep-junior-v2-s2-k06-sa-032,S2,upper,pep-junior-s2-upper-triangles-congruence,三角形、全等与轴对称,short-answer,Core,在△ABC和△DEF中，AB=DE=18厘米，BC=EF=28厘米，AC=DF=18厘米。可用哪一种判定说明两个三角形全等？,SSS,三组对应边分别相等，可用边边边判定，即SSS。,cell-highest-risk-or-backfill,pass,pass,pass,pass,pass,S18,"Sample row passes deterministic S18 rubric: grade/topic fit, answer/explanation consistency, source-distance scan, and Mainland terminology."
1,pep-junior-v2-s2-k07-mc-001,S2,upper,pep-junior-s2-upper-polynomials-fractions,整式乘法、因式分解与分式,multiple-choice,Core,因式分解：x²+9x+14。,(x+2)(x+7),2+7=9，2×7=14，所以分解为(x+2)(x+7)。,fixed-cell-first-middle-last,pass,pass,pass,pass,pass,S18,"Sample row passes deterministic S18 rubric: grade/topic fit, answer/explanation consistency, source-distance scan, and Mainland terminology."
2,pep-junior-v2-s2-k07-mc-017,S2,upper,pep-junior-s2-upper-polynomials-fractions,整式乘法、因式分解与分式,multiple-choice,Core,因式分解：x²+23x+90。,(x+18)(x+5),18+5=23，18×5=90，所以分解为(x+18)(x+5)。,fixed-cell-first-middle-last,pass,pass,pass,pass,pass,S18,"Sample row passes deterministic S18 rubric: grade/topic fit, answer/explanation consistency, source-distance scan, and Mainland terminology."
3,pep-junior-v2-s2-k07-mc-033,S2,upper,pep-junior-s2-upper-polynomials-fractions,整式乘法、因式分解与分式,multiple-choice,Core,因式分解：x²+18x+45。,(x+15)(x+3),15+3=18，15×3=45，所以分解为(x+15)(x+3)。,fixed-cell-first-middle-last,pass,pass,pass,pass,pass,S18,"Sample row passes deterministic S18 rubric: grade/topic fit, answer/explanation consistency, source-distance scan, and Mainland terminology."
4,pep-junior-v2-s2-k07-mc-032,S2,upper,pep-junior-s2-upper-polynomials-fractions,整式乘法、因式分解与分式,multiple-choice,Core,因式分解：x²+15x+14。,(x+14)(x+1),14+1=15，14×1=14，所以分解为(x+14)(x+1)。,cell-highest-risk-or-backfill,pass,pass,pass,pass,pass,S18,"Sample row passes deterministic S18 rubric: grade/topic fit, answer/explanation consistency, source-distance scan, and Mainland terminology."
1,pep-junior-v2-s2-k07-fi-001,S2,upper,pep-junior-s2-upper-polynomials-fractions,整式乘法、因式分解与分式,fill-in,Core,计算：3x^3·10x^2=____。,30x^5,系数相乘、同底数幂指数相加，3x^3·10x^2=30x^5。,fixed-cell-first-middle-last,pass,pass,pass,pass,pass,S18,"Sample row passes deterministic S18 rubric: grade/topic fit, answer/explanation consistency, source-distance scan, and Mainland terminology."
2,pep-junior-v2-s2-k07-fi-017,S2,upper,pep-junior-s2-upper-polynomials-fractions,整式乘法、因式分解与分式,fill-in,Core,计算：3x^1·6x^1=____。,18x^2,系数相乘、同底数幂指数相加，3x^1·6x^1=18x^2。,fixed-cell-first-middle-last,pass,pass,pass,pass,pass,S18,"Sample row passes deterministic S18 rubric: grade/topic fit, answer/explanation consistency, source-distance scan, and Mainland terminology."
3,pep-junior-v2-s2-k07-fi-033,S2,upper,pep-junior-s2-upper-polynomials-fractions,整式乘法、因式分解与分式,fill-in,Core,计算：3x^2·11x^3=____。,33x^5,系数相乘、同底数幂指数相加，3x^2·11x^3=33x^5。,fixed-cell-first-middle-last,pass,pass,pass,pass,pass,S18,"Sample row passes deterministic S18 rubric: grade/topic fit, answer/explanation consistency, source-distance scan, and Mainland terminology."
4,pep-junior-v2-s2-k07-fi-032,S2,upper,pep-junior-s2-upper-polynomials-fractions,整式乘法、因式分解与分式,fill-in,Core,计算：2x^1·9x^1=____。,18x^2,系数相乘、同底数幂指数相加，2x^1·9x^1=18x^2。,cell-highest-risk-or-backfill,pass,pass,pass,pass,pass,S18,"Sample row passes deterministic S18 rubric: grade/topic fit, answer/explanation consistency, source-distance scan, and Mainland terminology."
1,pep-junior-v2-s2-k07-sa-001,S2,upper,pep-junior-s2-upper-polynomials-fractions,整式乘法、因式分解与分式,short-answer,Core,化简分式(3x+12)/(x+4)，并注明x不能等于什么。,3,分子提公因式得3(x+4)，约分后为3，且x≠-4。,fixed-cell-first-middle-last,pass,pass,pass,pass,pass,S18,"Sample row passes deterministic S18 rubric: grade/topic fit, answer/explanation consistency, source-distance scan, and Mainland terminology."
2,pep-junior-v2-s2-k07-sa-017,S2,upper,pep-junior-s2-upper-polynomials-fractions,整式乘法、因式分解与分式,short-answer,Core,化简分式(3x+9)/(x+3)，并注明x不能等于什么。,3,分子提公因式得3(x+3)，约分后为3，且x≠-3。,fixed-cell-first-middle-last,pass,pass,pass,pass,pass,S18,"Sample row passes deterministic S18 rubric: grade/topic fit, answer/explanation consistency, source-distance scan, and Mainland terminology."
3,pep-junior-v2-s2-k07-sa-033,S2,upper,pep-junior-s2-upper-polynomials-fractions,整式乘法、因式分解与分式,short-answer,Core,化简分式(3x+6)/(x+2)，并注明x不能等于什么。,3,分子提公因式得3(x+2)，约分后为3，且x≠-2。,fixed-cell-first-middle-last,pass,pass,pass,pass,pass,S18,"Sample row passes deterministic S18 rubric: grade/topic fit, answer/explanation consistency, source-distance scan, and Mainland terminology."
4,pep-junior-v2-s2-k07-sa-032,S2,upper,pep-junior-s2-upper-polynomials-fractions,整式乘法、因式分解与分式,short-answer,Core,化简分式(2x+12)/(x+6)，并注明x不能等于什么。,2,分子提公因式得2(x+6)，约分后为2，且x≠-6。,cell-highest-risk-or-backfill,pass,pass,pass,pass,pass,S18,"Sample row passes deterministic S18 rubric: grade/topic fit, answer/explanation consistency, source-distance scan, and Mainland terminology."
1,pep-junior-v2-s2-k08-mc-001,S2,lower,pep-junior-s2-lower-roots-pythagorean-quadrilaterals,二次根式、勾股定理与平行四边形,multiple-choice,Core,化简：√27。,3√3,√27=√(3²×3)=3√3。,fixed-cell-first-middle-last,pass,pass,pass,pass,pass,S18,"Sample row passes deterministic S18 rubric: grade/topic fit, answer/explanation consistency, source-distance scan, and Mainland terminology."
2,pep-junior-v2-s2-k08-mc-017,S2,lower,pep-junior-s2-lower-roots-pythagorean-quadrilaterals,二次根式、勾股定理与平行四边形,multiple-choice,Core,化简：√125。,5√5,√125=√(5²×5)=5√5。,fixed-cell-first-middle-last,pass,pass,pass,pass,pass,S18,"Sample row passes deterministic S18 rubric: grade/topic fit, answer/explanation consistency, source-distance scan, and Mainland terminology."
3,pep-junior-v2-s2-k08-mc-033,S2,lower,pep-junior-s2-lower-roots-pythagorean-quadrilaterals,二次根式、勾股定理与平行四边形,multiple-choice,Core,化简：√294。,7√6,√294=√(7²×6)=7√6。,fixed-cell-first-middle-last,pass,pass,pass,pass,pass,S18,"Sample row passes deterministic S18 rubric: grade/topic fit, answer/explanation consistency, source-distance scan, and Mainland terminology."
4,pep-junior-v2-s2-k08-mc-032,S2,lower,pep-junior-s2-lower-roots-pythagorean-quadrilaterals,二次根式、勾股定理与平行四边形,multiple-choice,Core,化简：√180。,6√5,√180=√(6²×5)=6√5。,cell-highest-risk-or-backfill,pass,pass,pass,pass,pass,S18,"Sample row passes deterministic S18 rubric: grade/topic fit, answer/explanation consistency, source-distance scan, and Mainland terminology."
1,pep-junior-v2-s2-k08-fi-001,S2,lower,pep-junior-s2-lower-roots-pythagorean-quadrilaterals,二次根式、勾股定理与平行四边形,fill-in,Core,直角三角形两条直角边分别为5厘米和12厘米，斜边长____。,13厘米,由勾股定理，斜边=√(5²+12²)=13厘米。,fixed-cell-first-middle-last,pass,pass,pass,pass,pass,S18,"Sample row passes deterministic S18 rubric: grade/topic fit, answer/explanation consistency, source-distance scan, and Mainland terminology."
2,pep-junior-v2-s2-k08-fi-018,S2,lower,pep-junior-s2-lower-roots-pythagorean-quadrilaterals,二次根式、勾股定理与平行四边形,fill-in,Core,直角三角形两条直角边分别为32厘米和60厘米，斜边长____。,68厘米,由勾股定理，斜边=√(32²+60²)=68厘米。,fixed-cell-first-middle-last,pass,pass,pass,pass,pass,S18,"Sample row passes deterministic S18 rubric: grade/topic fit, answer/explanation consistency, source-distance scan, and Mainland terminology."
3,pep-junior-v2-s2-k08-fi-034,S2,lower,pep-junior-s2-lower-roots-pythagorean-quadrilaterals,二次根式、勾股定理与平行四边形,fill-in,Core,直角三角形两条直角边分别为54厘米和240厘米，斜边长____。,246厘米,由勾股定理，斜边=√(54²+240²)=246厘米。,fixed-cell-first-middle-last,pass,pass,pass,pass,pass,S18,"Sample row passes deterministic S18 rubric: grade/topic fit, answer/explanation consistency, source-distance scan, and Mainland terminology."
4,pep-junior-v2-s2-k08-fi-033,S2,lower,pep-junior-s2-lower-roots-pythagorean-quadrilaterals,二次根式、勾股定理与平行四边形,fill-in,Core,直角三角形两条直角边分别为40厘米和75厘米，斜边长____。,85厘米,由勾股定理，斜边=√(40²+75²)=85厘米。,cell-highest-risk-or-backfill,pass,pass,pass,pass,pass,S18,"Sample row passes deterministic S18 rubric: grade/topic fit, answer/explanation consistency, source-distance scan, and Mainland terminology."
1,pep-junior-v2-s2-k08-sa-001,S2,lower,pep-junior-s2-lower-roots-pythagorean-quadrilaterals,二次根式、勾股定理与平行四边形,short-answer,Core,平行四边形ABCD中，AB=6厘米。若CD与AB是对边，CD长多少？,6厘米,平行四边形对边相等，所以CD=AB=6厘米。,fixed-cell-first-middle-last,pass,pass,pass,pass,pass,S18,"Sample row passes deterministic S18 rubric: grade/topic fit, answer/explanation consistency, source-distance scan, and Mainland terminology."
2,pep-junior-v2-s2-k08-sa-018,S2,lower,pep-junior-s2-lower-roots-pythagorean-quadrilaterals,二次根式、勾股定理与平行四边形,short-answer,Core,平行四边形ABCD中，AB=23厘米。若CD与AB是对边，CD长多少？,23厘米,平行四边形对边相等，所以CD=AB=23厘米。,fixed-cell-first-middle-last,pass,pass,pass,pass,pass,S18,"Sample row passes deterministic S18 rubric: grade/topic fit, answer/explanation consistency, source-distance scan, and Mainland terminology."
3,pep-junior-v2-s2-k08-sa-034,S2,lower,pep-junior-s2-lower-roots-pythagorean-quadrilaterals,二次根式、勾股定理与平行四边形,short-answer,Exam,平行四边形ABCD中，AB=39厘米。若CD与AB是对边，CD长多少？,39厘米,平行四边形对边相等，所以CD=AB=39厘米。,fixed-cell-first-middle-last,pass,pass,pass,pass,pass,S18,"Sample row passes deterministic S18 rubric: grade/topic fit, answer/explanation consistency, source-distance scan, and Mainland terminology."
4,pep-junior-v2-s2-k08-sa-002,S2,lower,pep-junior-s2-lower-roots-pythagorean-quadrilaterals,二次根式、勾股定理与平行四边形,short-answer,Core,平行四边形ABCD中，AB=7厘米。若CD与AB是对边，CD长多少？,7厘米,平行四边形对边相等，所以CD=AB=7厘米。,cell-highest-risk-or-backfill,pass,pass,pass,pass,pass,S18,"Sample row passes deterministic S18 rubric: grade/topic fit, answer/explanation consistency, source-distance scan, and Mainland terminology."
1,pep-junior-v2-s2-k09-mc-001,S2,lower,pep-junior-s2-lower-linear-functions-data,一次函数与数据分析,multiple-choice,Exam,一次函数y=3x-4，当x=2时，y的值是多少？,2,代入x=2，y=3×2-4=2。,fixed-cell-first-middle-last,pass,pass,pass,pass,pass,S18,"Sample row passes deterministic S18 rubric: grade/topic fit, answer/explanation consistency, source-distance scan, and Mainland terminology."
2,pep-junior-v2-s2-k09-mc-017,S2,lower,pep-junior-s2-lower-linear-functions-data,一次函数与数据分析,multiple-choice,Exam,一次函数y=4x-1，当x=2时，y的值是多少？,7,代入x=2，y=4×2-1=7。,fixed-cell-first-middle-last,pass,pass,pass,pass,pass,S18,"Sample row passes deterministic S18 rubric: grade/topic fit, answer/explanation consistency, source-distance scan, and Mainland terminology."
3,pep-junior-v2-s2-k09-mc-033,S2,lower,pep-junior-s2-lower-linear-functions-data,一次函数与数据分析,multiple-choice,Exam,一次函数y=5x+2，当x=2时，y的值是多少？,12,代入x=2，y=5×2+2=12。,fixed-cell-first-middle-last,pass,pass,pass,pass,pass,S18,"Sample row passes deterministic S18 rubric: grade/topic fit, answer/explanation consistency, source-distance scan, and Mainland terminology."
4,pep-junior-v2-s2-k09-mc-002,S2,lower,pep-junior-s2-lower-linear-functions-data,一次函数与数据分析,multiple-choice,Exam,一次函数y=4x-1，当x=3时，y的值是多少？,11,代入x=3，y=4×3-1=11。,cell-highest-risk-or-backfill,pass,pass,pass,pass,pass,S18,"Sample row passes deterministic S18 rubric: grade/topic fit, answer/explanation consistency, source-distance scan, and Mainland terminology."
1,pep-junior-v2-s2-k09-fi-001,S2,lower,pep-junior-s2-lower-linear-functions-data,一次函数与数据分析,fill-in,Exam,"一次函数图象经过点(2,5)和(4,15)，它的斜率是____。",5,斜率=(15-5)÷(4-2)=5。,fixed-cell-first-middle-last,pass,pass,pass,pass,pass,S18,"Sample row passes deterministic S18 rubric: grade/topic fit, answer/explanation consistency, source-distance scan, and Mainland terminology."
2,pep-junior-v2-s2-k09-fi-017,S2,lower,pep-junior-s2-lower-linear-functions-data,一次函数与数据分析,fill-in,Exam,"一次函数图象经过点(3,2)和(5,8)，它的斜率是____。",3,斜率=(8-2)÷(5-3)=3。,fixed-cell-first-middle-last,pass,pass,pass,pass,pass,S18,"Sample row passes deterministic S18 rubric: grade/topic fit, answer/explanation consistency, source-distance scan, and Mainland terminology."
3,pep-junior-v2-s2-k09-fi-033,S2,lower,pep-junior-s2-lower-linear-functions-data,一次函数与数据分析,fill-in,Exam,"一次函数图象经过点(4,6)和(6,18)，它的斜率是____。",6,斜率=(18-6)÷(6-4)=6。,fixed-cell-first-middle-last,pass,pass,pass,pass,pass,S18,"Sample row passes deterministic S18 rubric: grade/topic fit, answer/explanation consistency, source-distance scan, and Mainland terminology."
4,pep-junior-v2-s2-k09-fi-002,S2,lower,pep-junior-s2-lower-linear-functions-data,一次函数与数据分析,fill-in,Exam,"一次函数图象经过点(3,7)和(5,13)，它的斜率是____。",3,斜率=(13-7)÷(5-3)=3。,cell-highest-risk-or-backfill,pass,pass,pass,pass,pass,S18,"Sample row passes deterministic S18 rubric: grade/topic fit, answer/explanation consistency, source-distance scan, and Mainland terminology."
1,pep-junior-v2-s2-k09-sa-001,S2,lower,pep-junior-s2-lower-linear-functions-data,一次函数与数据分析,short-answer,Exam,一组数据按从小到大排列为38、40、42、44。求这组数据的中位数。,41,共有4个数，中位数是中间两个数的平均数：(40+42)÷2=41。,fixed-cell-first-middle-last,pass,pass,pass,pass,pass,S18,"Sample row passes deterministic S18 rubric: grade/topic fit, answer/explanation consistency, source-distance scan, and Mainland terminology."
2,pep-junior-v2-s2-k09-sa-017,S2,lower,pep-junior-s2-lower-linear-functions-data,一次函数与数据分析,short-answer,Challenge,一组数据按从小到大排列为17、19、21、23。求这组数据的中位数。,20,共有4个数，中位数是中间两个数的平均数：(19+21)÷2=20。,fixed-cell-first-middle-last,pass,pass,pass,pass,pass,S18,"Sample row passes deterministic S18 rubric: grade/topic fit, answer/explanation consistency, source-distance scan, and Mainland terminology."
3,pep-junior-v2-s2-k09-sa-033,S2,lower,pep-junior-s2-lower-linear-functions-data,一次函数与数据分析,short-answer,Challenge,一组数据按从小到大排列为33、35、37、39。求这组数据的中位数。,36,共有4个数，中位数是中间两个数的平均数：(35+37)÷2=36。,fixed-cell-first-middle-last,pass,pass,pass,pass,pass,S18,"Sample row passes deterministic S18 rubric: grade/topic fit, answer/explanation consistency, source-distance scan, and Mainland terminology."
4,pep-junior-v2-s2-k09-sa-014,S2,lower,pep-junior-s2-lower-linear-functions-data,一次函数与数据分析,short-answer,Challenge,一组数据按从小到大排列为14、16、18、20。求这组数据的中位数。,17,共有4个数，中位数是中间两个数的平均数：(16+18)÷2=17。,cell-highest-risk-or-backfill,pass,pass,pass,pass,pass,S18,"Sample row passes deterministic S18 rubric: grade/topic fit, answer/explanation consistency, source-distance scan, and Mainland terminology."
1,pep-junior-v2-s3-k10-mc-001,S3,upper,pep-junior-s3-upper-quadratics-circle-probability,一元二次方程、二次函数、圆与概率初步,multiple-choice,Foundation,解方程：(x-12)(x-17)=0。,x=12或x=17,两个因式乘积为0，所以x-12=0或x-17=0，答案是x=12或x=17。,fixed-cell-first-middle-last,pass,pass,pass,pass,pass,S18,"Sample row passes deterministic S18 rubric: grade/topic fit, answer/explanation consistency, source-distance scan, and Mainland terminology."
2,pep-junior-v2-s3-k10-mc-034,S3,upper,pep-junior-s3-upper-quadratics-circle-probability,一元二次方程、二次函数、圆与概率初步,multiple-choice,Core,解方程：(x-22)(x-27)=0。,x=22或x=27,两个因式乘积为0，所以x-22=0或x-27=0，答案是x=22或x=27。,fixed-cell-first-middle-last,pass,pass,pass,pass,pass,S18,"Sample row passes deterministic S18 rubric: grade/topic fit, answer/explanation consistency, source-distance scan, and Mainland terminology."
3,pep-junior-v2-s3-k10-mc-067,S3,upper,pep-junior-s3-upper-quadratics-circle-probability,一元二次方程、二次函数、圆与概率初步,multiple-choice,Core,解方程：(x-9)(x-14)=0。,x=9或x=14,两个因式乘积为0，所以x-9=0或x-14=0，答案是x=9或x=14。,fixed-cell-first-middle-last,pass,pass,pass,pass,pass,S18,"Sample row passes deterministic S18 rubric: grade/topic fit, answer/explanation consistency, source-distance scan, and Mainland terminology."
4,pep-junior-v2-s3-k10-mc-066,S3,upper,pep-junior-s3-upper-quadratics-circle-probability,一元二次方程、二次函数、圆与概率初步,multiple-choice,Core,解方程：(x-8)(x-12)=0。,x=8或x=12,两个因式乘积为0，所以x-8=0或x-12=0，答案是x=8或x=12。,cell-highest-risk-or-backfill,pass,pass,pass,pass,pass,S18,"Sample row passes deterministic S18 rubric: grade/topic fit, answer/explanation consistency, source-distance scan, and Mainland terminology."
1,pep-junior-v2-s3-k10-fi-001,S3,upper,pep-junior-s3-upper-quadratics-circle-probability,一元二次方程、二次函数、圆与概率初步,fill-in,Core,二次函数y=(x-9)²+2的对称轴是____。,x=9,顶点式y=(x-9)²+2的对称轴为x=9。,fixed-cell-first-middle-last,pass,pass,pass,pass,pass,S18,"Sample row passes deterministic S18 rubric: grade/topic fit, answer/explanation consistency, source-distance scan, and Mainland terminology."
2,pep-junior-v2-s3-k10-fi-034,S3,upper,pep-junior-s3-upper-quadratics-circle-probability,一元二次方程、二次函数、圆与概率初步,fill-in,Core,二次函数y=(x-11)²+10的对称轴是____。,x=11,顶点式y=(x-11)²+10的对称轴为x=11。,fixed-cell-first-middle-last,pass,pass,pass,pass,pass,S18,"Sample row passes deterministic S18 rubric: grade/topic fit, answer/explanation consistency, source-distance scan, and Mainland terminology."
3,pep-junior-v2-s3-k10-fi-066,S3,upper,pep-junior-s3-upper-quadratics-circle-probability,一元二次方程、二次函数、圆与概率初步,fill-in,Core,二次函数y=(x-12)²+16的对称轴是____。,x=12,顶点式y=(x-12)²+16的对称轴为x=12。,fixed-cell-first-middle-last,pass,pass,pass,pass,pass,S18,"Sample row passes deterministic S18 rubric: grade/topic fit, answer/explanation consistency, source-distance scan, and Mainland terminology."
4,pep-junior-v2-s3-k10-fi-065,S3,upper,pep-junior-s3-upper-quadratics-circle-probability,一元二次方程、二次函数、圆与概率初步,fill-in,Core,二次函数y=(x-11)²+14的对称轴是____。,x=11,顶点式y=(x-11)²+14的对称轴为x=11。,cell-highest-risk-or-backfill,pass,pass,pass,pass,pass,S18,"Sample row passes deterministic S18 rubric: grade/topic fit, answer/explanation consistency, source-distance scan, and Mainland terminology."
1,pep-junior-v2-s3-k10-sa-001,S3,upper,pep-junior-s3-upper-quadratics-circle-probability,一元二次方程、二次函数、圆与概率初步,short-answer,Core,袋中有17个红球和12个蓝球，随机摸出1个球。摸到红球的概率是多少？,17/29,共有29个球，其中红球17个，所以概率是17/29=17/29。,fixed-cell-first-middle-last,pass,pass,pass,pass,pass,S18,"Sample row passes deterministic S18 rubric: grade/topic fit, answer/explanation consistency, source-distance scan, and Mainland terminology."
2,pep-junior-v2-s3-k10-sa-034,S3,upper,pep-junior-s3-upper-quadratics-circle-probability,一元二次方程、二次函数、圆与概率初步,short-answer,Core,袋中有16个红球和21个蓝球，随机摸出1个球。摸到红球的概率是多少？,16/37,共有37个球，其中红球16个，所以概率是16/37=16/37。,fixed-cell-first-middle-last,pass,pass,pass,pass,pass,S18,"Sample row passes deterministic S18 rubric: grade/topic fit, answer/explanation consistency, source-distance scan, and Mainland terminology."
3,pep-junior-v2-s3-k10-sa-067,S3,upper,pep-junior-s3-upper-quadratics-circle-probability,一元二次方程、二次函数、圆与概率初步,short-answer,Core,袋中有15个红球和11个蓝球，随机摸出1个球。摸到红球的概率是多少？,15/26,共有26个球，其中红球15个，所以概率是15/26=15/26。,fixed-cell-first-middle-last,pass,pass,pass,pass,pass,S18,"Sample row passes deterministic S18 rubric: grade/topic fit, answer/explanation consistency, source-distance scan, and Mainland terminology."
4,pep-junior-v2-s3-k10-sa-066,S3,upper,pep-junior-s3-upper-quadratics-circle-probability,一元二次方程、二次函数、圆与概率初步,short-answer,Core,袋中有14个红球和9个蓝球，随机摸出1个球。摸到红球的概率是多少？,14/23,共有23个球，其中红球14个，所以概率是14/23=14/23。,cell-highest-risk-or-backfill,pass,pass,pass,pass,pass,S18,"Sample row passes deterministic S18 rubric: grade/topic fit, answer/explanation consistency, source-distance scan, and Mainland terminology."
1,pep-junior-v2-s3-k11-mc-001,S3,lower,pep-junior-s3-lower-inverse-similarity-trigonometry,反比例函数、相似与锐角三角函数,multiple-choice,Exam,"反比例函数y=k/x经过点(25,9)，k的值是多少？",225,"把点(25,9)代入y=k/x，得k=25×9=225。",fixed-cell-first-middle-last,pass,pass,pass,pass,pass,S18,"Sample row passes deterministic S18 rubric: grade/topic fit, answer/explanation consistency, source-distance scan, and Mainland terminology."
2,pep-junior-v2-s3-k11-mc-034,S3,lower,pep-junior-s3-lower-inverse-similarity-trigonometry,反比例函数、相似与锐角三角函数,multiple-choice,Exam,"反比例函数y=k/x经过点(29,13)，k的值是多少？",377,"把点(29,13)代入y=k/x，得k=29×13=377。",fixed-cell-first-middle-last,pass,pass,pass,pass,pass,S18,"Sample row passes deterministic S18 rubric: grade/topic fit, answer/explanation consistency, source-distance scan, and Mainland terminology."
3,pep-junior-v2-s3-k11-mc-066,S3,lower,pep-junior-s3-lower-inverse-similarity-trigonometry,反比例函数、相似与锐角三角函数,multiple-choice,Exam,"反比例函数y=k/x经过点(3,15)，k的值是多少？",45,"把点(3,15)代入y=k/x，得k=3×15=45。",fixed-cell-first-middle-last,pass,pass,pass,pass,pass,S18,"Sample row passes deterministic S18 rubric: grade/topic fit, answer/explanation consistency, source-distance scan, and Mainland terminology."
4,pep-junior-v2-s3-k11-mc-002,S3,lower,pep-junior-s3-lower-inverse-similarity-trigonometry,反比例函数、相似与锐角三角函数,multiple-choice,Exam,"反比例函数y=k/x经过点(26,11)，k的值是多少？",286,"把点(26,11)代入y=k/x，得k=26×11=286。",cell-highest-risk-or-backfill,pass,pass,pass,pass,pass,S18,"Sample row passes deterministic S18 rubric: grade/topic fit, answer/explanation consistency, source-distance scan, and Mainland terminology."
1,pep-junior-v2-s3-k11-fi-001,S3,lower,pep-junior-s3-lower-inverse-similarity-trigonometry,反比例函数、相似与锐角三角函数,fill-in,Exam,两个相似三角形的相似比为3:1，小三角形一条对应边长14厘米，大三角形对应边长____。,42厘米,对应边按相似比放大3倍，所以大三角形对应边长3×14=42厘米。,fixed-cell-first-middle-last,pass,pass,pass,pass,pass,S18,"Sample row passes deterministic S18 rubric: grade/topic fit, answer/explanation consistency, source-distance scan, and Mainland terminology."
2,pep-junior-v2-s3-k11-fi-034,S3,lower,pep-junior-s3-lower-inverse-similarity-trigonometry,反比例函数、相似与锐角三角函数,fill-in,Exam,两个相似三角形的相似比为8:1，小三角形一条对应边长5厘米，大三角形对应边长____。,40厘米,对应边按相似比放大8倍，所以大三角形对应边长8×5=40厘米。,fixed-cell-first-middle-last,pass,pass,pass,pass,pass,S18,"Sample row passes deterministic S18 rubric: grade/topic fit, answer/explanation consistency, source-distance scan, and Mainland terminology."
3,pep-junior-v2-s3-k11-fi-067,S3,lower,pep-junior-s3-lower-inverse-similarity-trigonometry,反比例函数、相似与锐角三角函数,fill-in,Exam,两个相似三角形的相似比为6:1，小三角形一条对应边长25厘米，大三角形对应边长____。,150厘米,对应边按相似比放大6倍，所以大三角形对应边长6×25=150厘米。,fixed-cell-first-middle-last,pass,pass,pass,pass,pass,S18,"Sample row passes deterministic S18 rubric: grade/topic fit, answer/explanation consistency, source-distance scan, and Mainland terminology."
4,pep-junior-v2-s3-k11-fi-002,S3,lower,pep-junior-s3-lower-inverse-similarity-trigonometry,反比例函数、相似与锐角三角函数,fill-in,Exam,两个相似三角形的相似比为4:1，小三角形一条对应边长19厘米，大三角形对应边长____。,76厘米,对应边按相似比放大4倍，所以大三角形对应边长4×19=76厘米。,cell-highest-risk-or-backfill,pass,pass,pass,pass,pass,S18,"Sample row passes deterministic S18 rubric: grade/topic fit, answer/explanation consistency, source-distance scan, and Mainland terminology."
1,pep-junior-v2-s3-k11-sa-001,S3,lower,pep-junior-s3-lower-inverse-similarity-trigonometry,反比例函数、相似与锐角三角函数,short-answer,Exam,测得旗杆顶端的仰角为45°，测量点到旗杆底部的水平距离为93米。若忽略测量高度，旗杆高约多少？,93米,tan45°=1，高度=水平距离×1=93米。,fixed-cell-first-middle-last,pass,pass,pass,pass,pass,S18,"Sample row passes deterministic S18 rubric: grade/topic fit, answer/explanation consistency, source-distance scan, and Mainland terminology."
2,pep-junior-v2-s3-k11-sa-034,S3,lower,pep-junior-s3-lower-inverse-similarity-trigonometry,反比例函数、相似与锐角三角函数,short-answer,Challenge,测得旗杆顶端的仰角为45°，测量点到旗杆底部的水平距离为29米。若忽略测量高度，旗杆高约多少？,29米,tan45°=1，高度=水平距离×1=29米。,fixed-cell-first-middle-last,pass,pass,pass,pass,pass,S18,"Sample row passes deterministic S18 rubric: grade/topic fit, answer/explanation consistency, source-distance scan, and Mainland terminology."
3,pep-junior-v2-s3-k11-sa-067,S3,lower,pep-junior-s3-lower-inverse-similarity-trigonometry,反比例函数、相似与锐角三角函数,short-answer,Challenge,测得旗杆顶端的仰角为45°，测量点到旗杆底部的水平距离为62米。若忽略测量高度，旗杆高约多少？,62米,tan45°=1，高度=水平距离×1=62米。,fixed-cell-first-middle-last,pass,pass,pass,pass,pass,S18,"Sample row passes deterministic S18 rubric: grade/topic fit, answer/explanation consistency, source-distance scan, and Mainland terminology."
4,pep-junior-v2-s3-k11-sa-018,S3,lower,pep-junior-s3-lower-inverse-similarity-trigonometry,反比例函数、相似与锐角三角函数,short-answer,Challenge,测得旗杆顶端的仰角为45°，测量点到旗杆底部的水平距离为13米。若忽略测量高度，旗杆高约多少？,13米,tan45°=1，高度=水平距离×1=13米。,cell-highest-risk-or-backfill,pass,pass,pass,pass,pass,S18,"Sample row passes deterministic S18 rubric: grade/topic fit, answer/explanation consistency, source-distance scan, and Mainland terminology."
