"id","topicId","slot","reviewStatus","decision","candidatePath","srcAfterApproval","grade","semester","volume","ragCardIds","altZhHans","captionZhHans","reviewerNotes"
"hjb-primary-p1-upper-school-math-habits-concept","hjb-primary-p1-upper-school-math-habits","concept","approved","approved","coordination/content-qa/mainland-hjb-primary-illustrations-v1/candidates/hjb-primary-p1-upper-school-math-habits/concept.png","/lesson-illustrations/mainland-hjb-primary/hjb-primary-p1-upper-school-math-habits/concept.png","P1","upper","一年级上册","hjb-primary-p1-upper-school-math-habits","整洁的数学学习场景展示计数片、工具卡片、检查箭头和观察线索。主题对应沪教版《我是小学生与数学学习习惯》。","良好的数学习惯从观察、表达、检查和使用工具开始。","Review 我是小学生与数学学习习惯 concept illustration for math correctness, source distance, age fit, and absence of readable in-image text."
"hjb-primary-p1-upper-school-math-habits-worked-example","hjb-primary-p1-upper-school-math-habits","worked-example","approved","approved","coordination/content-qa/mainland-hjb-primary-illustrations-v1/candidates/hjb-primary-p1-upper-school-math-habits/worked-example.png","/lesson-illustrations/mainland-hjb-primary/hjb-primary-p1-upper-school-math-habits/worked-example.png","P1","upper","一年级上册","hjb-primary-p1-upper-school-math-habits","整洁的数学学习场景展示计数片、工具卡片、检查箭头和观察线索。画面以例题工作区方式对应沪教版《我是小学生与数学学习习惯》。","良好的数学习惯从观察、表达、检查和使用工具开始。例题中要把模型、步骤和检查连起来。","Review 我是小学生与数学学习习惯 worked-example illustration for math correctness, source distance, age fit, and absence of readable in-image text."
"hjb-primary-p1-upper-solids-introduction-concept","hjb-primary-p1-upper-solids-introduction","concept","approved","approved","coordination/content-qa/mainland-hjb-primary-illustrations-v1/candidates/hjb-primary-p1-upper-solids-introduction/concept.png","/lesson-illustrations/mainland-hjb-primary/hjb-primary-p1-upper-solids-introduction/concept.png","P1","upper","一年级上册","hjb-primary-p1-upper-solids-introduction","长方体、正方体、圆柱、圆锥、展开图、单位立方体和阴影面展示空间推理。主题对应沪教版《认识立体图形》。","立体图形要分清结构、表面积和体积。","Review 认识立体图形 concept illustration for math correctness, source distance, age fit, and absence of readable in-image text."
"hjb-primary-p1-upper-solids-introduction-worked-example","hjb-primary-p1-upper-solids-introduction","worked-example","approved","approved","coordination/content-qa/mainland-hjb-primary-illustrations-v1/candidates/hjb-primary-p1-upper-solids-introduction/worked-example.png","/lesson-illustrations/mainland-hjb-primary/hjb-primary-p1-upper-solids-introduction/worked-example.png","P1","upper","一年级上册","hjb-primary-p1-upper-solids-introduction","长方体、正方体、圆柱、圆锥、展开图、单位立方体和阴影面展示空间推理。画面以例题工作区方式对应沪教版《认识立体图形》。","立体图形要分清结构、表面积和体积。例题中要把模型、步骤和检查连起来。","Review 认识立体图形 worked-example illustration for math correctness, source distance, age fit, and absence of readable in-image text."
"hjb-primary-p1-upper-within-10-number-sense-concept","hjb-primary-p1-upper-within-10-number-sense","concept","approved","approved","coordination/content-qa/mainland-hjb-primary-illustrations-v1/candidates/hjb-primary-p1-upper-within-10-number-sense/concept.png","/lesson-illustrations/mainland-hjb-primary/hjb-primary-p1-upper-within-10-number-sense/concept.png","P1","upper","一年级上册","hjb-primary-p1-upper-within-10-number-sense","位值块、计数片、十格结构和数线路径帮助理解数感。主题对应沪教版《10以内数的认识》。","先看清数量结构，再把数的组成和位置说清楚。","Review 10以内数的认识 concept illustration for math correctness, source distance, age fit, and absence of readable in-image text."
"hjb-primary-p1-upper-within-10-number-sense-worked-example","hjb-primary-p1-upper-within-10-number-sense","worked-example","approved","approved","coordination/content-qa/mainland-hjb-primary-illustrations-v1/candidates/hjb-primary-p1-upper-within-10-number-sense/worked-example.png","/lesson-illustrations/mainland-hjb-primary/hjb-primary-p1-upper-within-10-number-sense/worked-example.png","P1","upper","一年级上册","hjb-primary-p1-upper-within-10-number-sense","位值块、计数片、十格结构和数线路径帮助理解数感。画面以例题工作区方式对应沪教版《10以内数的认识》。","先看清数量结构，再把数的组成和位置说清楚。例题中要把模型、步骤和检查连起来。","Review 10以内数的认识 worked-example illustration for math correctness, source distance, age fit, and absence of readable in-image text."
"hjb-primary-p1-upper-within-10-add-sub-concept","hjb-primary-p1-upper-within-10-add-sub","concept","approved","approved","coordination/content-qa/mainland-hjb-primary-illustrations-v1/candidates/hjb-primary-p1-upper-within-10-add-sub/concept.png","/lesson-illustrations/mainland-hjb-primary/hjb-primary-p1-upper-within-10-add-sub/concept.png","P1","upper","一年级上册","hjb-primary-p1-upper-within-10-add-sub","分组计数片、重组托盘、部分整体条和进退路径展示运算思路。主题对应沪教版《10以内数的加减法》。","运算前先判断数量关系，再用模型检查结果是否合理。","Review 10以内数的加减法 concept illustration for math correctness, source distance, age fit, and absence of readable in-image text."
"hjb-primary-p1-upper-within-10-add-sub-worked-example","hjb-primary-p1-upper-within-10-add-sub","worked-example","approved","approved","coordination/content-qa/mainland-hjb-primary-illustrations-v1/candidates/hjb-primary-p1-upper-within-10-add-sub/worked-example.png","/lesson-illustrations/mainland-hjb-primary/hjb-primary-p1-upper-within-10-add-sub/worked-example.png","P1","upper","一年级上册","hjb-primary-p1-upper-within-10-add-sub","分组计数片、重组托盘、部分整体条和进退路径展示运算思路。画面以例题工作区方式对应沪教版《10以内数的加减法》。","运算前先判断数量关系，再用模型检查结果是否合理。例题中要把模型、步骤和检查连起来。","Review 10以内数的加减法 worked-example illustration for math correctness, source distance, age fit, and absence of readable in-image text."
"hjb-primary-p1-upper-within-20-number-add-sub-concept","hjb-primary-p1-upper-within-20-number-add-sub","concept","approved","approved","coordination/content-qa/mainland-hjb-primary-illustrations-v1/candidates/hjb-primary-p1-upper-within-20-number-add-sub/concept.png","/lesson-illustrations/mainland-hjb-primary/hjb-primary-p1-upper-within-20-number-add-sub/concept.png","P1","upper","一年级上册","hjb-primary-p1-upper-within-20-number-add-sub","分组计数片、重组托盘、部分整体条和进退路径展示运算思路。主题对应沪教版《20以内的数与不进位不退位加减》。","运算前先判断数量关系，再用模型检查结果是否合理。","Review 20以内的数与不进位不退位加减 concept illustration for math correctness, source distance, age fit, and absence of readable in-image text."
"hjb-primary-p1-upper-within-20-number-add-sub-worked-example","hjb-primary-p1-upper-within-20-number-add-sub","worked-example","approved","approved","coordination/content-qa/mainland-hjb-primary-illustrations-v1/candidates/hjb-primary-p1-upper-within-20-number-add-sub/worked-example.png","/lesson-illustrations/mainland-hjb-primary/hjb-primary-p1-upper-within-20-number-add-sub/worked-example.png","P1","upper","一年级上册","hjb-primary-p1-upper-within-20-number-add-sub","分组计数片、重组托盘、部分整体条和进退路径展示运算思路。画面以例题工作区方式对应沪教版《20以内的数与不进位不退位加减》。","运算前先判断数量关系，再用模型检查结果是否合理。例题中要把模型、步骤和检查连起来。","Review 20以内的数与不进位不退位加减 worked-example illustration for math correctness, source distance, age fit, and absence of readable in-image text."
"hjb-primary-p1-upper-review-concept","hjb-primary-p1-upper-review","concept","approved","approved","coordination/content-qa/mainland-hjb-primary-illustrations-v1/candidates/hjb-primary-p1-upper-review/concept.png","/lesson-illustrations/mainland-hjb-primary/hjb-primary-p1-upper-review/concept.png","P1","upper","一年级上册","hjb-primary-p1-upper-review","长方体、正方体、圆柱、圆锥、展开图、单位立方体和阴影面展示空间推理。主题对应沪教版《一年级上册整理与复习》。","立体图形要分清结构、表面积和体积。","Review 一年级上册整理与复习 concept illustration for math correctness, source distance, age fit, and absence of readable in-image text."
"hjb-primary-p1-upper-review-worked-example","hjb-primary-p1-upper-review","worked-example","approved","approved","coordination/content-qa/mainland-hjb-primary-illustrations-v1/candidates/hjb-primary-p1-upper-review/worked-example.png","/lesson-illustrations/mainland-hjb-primary/hjb-primary-p1-upper-review/worked-example.png","P1","upper","一年级上册","hjb-primary-p1-upper-review","长方体、正方体、圆柱、圆锥、展开图、单位立方体和阴影面展示空间推理。画面以例题工作区方式对应沪教版《一年级上册整理与复习》。","立体图形要分清结构、表面积和体积。例题中要把模型、步骤和检查连起来。","Review 一年级上册整理与复习 worked-example illustration for math correctness, source distance, age fit, and absence of readable in-image text."
"hjb-primary-p1-lower-within-20-regrouping-concept","hjb-primary-p1-lower-within-20-regrouping","concept","approved","approved","coordination/content-qa/mainland-hjb-primary-illustrations-v1/candidates/hjb-primary-p1-lower-within-20-regrouping/concept.png","/lesson-illustrations/mainland-hjb-primary/hjb-primary-p1-lower-within-20-regrouping/concept.png","P1","lower","一年级下册","hjb-primary-p1-lower-within-20-regrouping","分组计数片、重组托盘、部分整体条和进退路径展示运算思路。主题对应沪教版《20以内数的加减法（二）》。","运算前先判断数量关系，再用模型检查结果是否合理。","Review 20以内数的加减法（二） concept illustration for math correctness, source distance, age fit, and absence of readable in-image text."
"hjb-primary-p1-lower-within-20-regrouping-worked-example","hjb-primary-p1-lower-within-20-regrouping","worked-example","approved","approved","coordination/content-qa/mainland-hjb-primary-illustrations-v1/candidates/hjb-primary-p1-lower-within-20-regrouping/worked-example.png","/lesson-illustrations/mainland-hjb-primary/hjb-primary-p1-lower-within-20-regrouping/worked-example.png","P1","lower","一年级下册","hjb-primary-p1-lower-within-20-regrouping","分组计数片、重组托盘、部分整体条和进退路径展示运算思路。画面以例题工作区方式对应沪教版《20以内数的加减法（二）》。","运算前先判断数量关系，再用模型检查结果是否合理。例题中要把模型、步骤和检查连起来。","Review 20以内数的加减法（二） worked-example illustration for math correctness, source distance, age fit, and absence of readable in-image text."
"hjb-primary-p1-lower-within-100-number-sense-concept","hjb-primary-p1-lower-within-100-number-sense","concept","approved","approved","coordination/content-qa/mainland-hjb-primary-illustrations-v1/candidates/hjb-primary-p1-lower-within-100-number-sense/concept.png","/lesson-illustrations/mainland-hjb-primary/hjb-primary-p1-lower-within-100-number-sense/concept.png","P1","lower","一年级下册","hjb-primary-p1-lower-within-100-number-sense","位值块、计数片、十格结构和数线路径帮助理解数感。主题对应沪教版《100以内的数》。","先看清数量结构，再把数的组成和位置说清楚。","Review 100以内的数 concept illustration for math correctness, source distance, age fit, and absence of readable in-image text."
"hjb-primary-p1-lower-within-100-number-sense-worked-example","hjb-primary-p1-lower-within-100-number-sense","worked-example","approved","approved","coordination/content-qa/mainland-hjb-primary-illustrations-v1/candidates/hjb-primary-p1-lower-within-100-number-sense/worked-example.png","/lesson-illustrations/mainland-hjb-primary/hjb-primary-p1-lower-within-100-number-sense/worked-example.png","P1","lower","一年级下册","hjb-primary-p1-lower-within-100-number-sense","位值块、计数片、十格结构和数线路径帮助理解数感。画面以例题工作区方式对应沪教版《100以内的数》。","先看清数量结构，再把数的组成和位置说清楚。例题中要把模型、步骤和检查连起来。","Review 100以内的数 worked-example illustration for math correctness, source distance, age fit, and absence of readable in-image text."
"hjb-primary-p1-lower-within-100-add-sub-concept","hjb-primary-p1-lower-within-100-add-sub","concept","approved","approved","coordination/content-qa/mainland-hjb-primary-illustrations-v1/candidates/hjb-primary-p1-lower-within-100-add-sub/concept.png","/lesson-illustrations/mainland-hjb-primary/hjb-primary-p1-lower-within-100-add-sub/concept.png","P1","lower","一年级下册","hjb-primary-p1-lower-within-100-add-sub","分组计数片、重组托盘、部分整体条和进退路径展示运算思路。主题对应沪教版《100以内数的加减法（一）》。","运算前先判断数量关系，再用模型检查结果是否合理。","Review 100以内数的加减法（一） concept illustration for math correctness, source distance, age fit, and absence of readable in-image text."
"hjb-primary-p1-lower-within-100-add-sub-worked-example","hjb-primary-p1-lower-within-100-add-sub","worked-example","approved","approved","coordination/content-qa/mainland-hjb-primary-illustrations-v1/candidates/hjb-primary-p1-lower-within-100-add-sub/worked-example.png","/lesson-illustrations/mainland-hjb-primary/hjb-primary-p1-lower-within-100-add-sub/worked-example.png","P1","lower","一年级下册","hjb-primary-p1-lower-within-100-add-sub","分组计数片、重组托盘、部分整体条和进退路径展示运算思路。画面以例题工作区方式对应沪教版《100以内数的加减法（一）》。","运算前先判断数量关系，再用模型检查结果是否合理。例题中要把模型、步骤和检查连起来。","Review 100以内数的加减法（一） worked-example illustration for math correctness, source distance, age fit, and absence of readable in-image text."
"hjb-primary-p1-lower-time-introduction-concept","hjb-primary-p1-lower-time-introduction","concept","approved","approved","coordination/content-qa/mainland-hjb-primary-illustrations-v1/candidates/hjb-primary-p1-lower-time-introduction/concept.png","/lesson-illustrations/mainland-hjb-primary/hjb-primary-p1-lower-time-introduction/concept.png","P1","lower","一年级下册","hjb-primary-p1-lower-time-introduction","尺子、测量条、比较条、单位块和钟面弧线展示测量推理。主题对应沪教版《时间的初步认识》。","测量时要看清单位、起点和比较对象。","Review 时间的初步认识 concept illustration for math correctness, source distance, age fit, and absence of readable in-image text."
"hjb-primary-p1-lower-time-introduction-worked-example","hjb-primary-p1-lower-time-introduction","worked-example","approved","approved","coordination/content-qa/mainland-hjb-primary-illustrations-v1/candidates/hjb-primary-p1-lower-time-introduction/worked-example.png","/lesson-illustrations/mainland-hjb-primary/hjb-primary-p1-lower-time-introduction/worked-example.png","P1","lower","一年级下册","hjb-primary-p1-lower-time-introduction","尺子、测量条、比较条、单位块和钟面弧线展示测量推理。画面以例题工作区方式对应沪教版《时间的初步认识》。","测量时要看清单位、起点和比较对象。例题中要把模型、步骤和检查连起来。","Review 时间的初步认识 worked-example illustration for math correctness, source distance, age fit, and absence of readable in-image text."
"hjb-primary-p1-lower-length-measurement-concept","hjb-primary-p1-lower-length-measurement","concept","approved","approved","coordination/content-qa/mainland-hjb-primary-illustrations-v1/candidates/hjb-primary-p1-lower-length-measurement/concept.png","/lesson-illustrations/mainland-hjb-primary/hjb-primary-p1-lower-length-measurement/concept.png","P1","lower","一年级下册","hjb-primary-p1-lower-length-measurement","配对条、比例尺、比例网格和对应箭头展示比与比例关系。主题对应沪教版《长度的比较与测量》。","比例推理要保持对应量同步变化。","Review 长度的比较与测量 concept illustration for math correctness, source distance, age fit, and absence of readable in-image text."
"hjb-primary-p1-lower-length-measurement-worked-example","hjb-primary-p1-lower-length-measurement","worked-example","approved","approved","coordination/content-qa/mainland-hjb-primary-illustrations-v1/candidates/hjb-primary-p1-lower-length-measurement/worked-example.png","/lesson-illustrations/mainland-hjb-primary/hjb-primary-p1-lower-length-measurement/worked-example.png","P1","lower","一年级下册","hjb-primary-p1-lower-length-measurement","配对条、比例尺、比例网格和对应箭头展示比与比例关系。画面以例题工作区方式对应沪教版《长度的比较与测量》。","比例推理要保持对应量同步变化。例题中要把模型、步骤和检查连起来。","Review 长度的比较与测量 worked-example illustration for math correctness, source distance, age fit, and absence of readable in-image text."
"hjb-primary-p1-lower-body-rulers-math-square-concept","hjb-primary-p1-lower-body-rulers-math-square","concept","approved","approved","coordination/content-qa/mainland-hjb-primary-illustrations-v1/candidates/hjb-primary-p1-lower-body-rulers-math-square/concept.png","/lesson-illustrations/mainland-hjb-primary/hjb-primary-p1-lower-body-rulers-math-square/concept.png","P1","lower","一年级下册","hjb-primary-p1-lower-body-rulers-math-square","配对条、比例尺、比例网格和对应箭头展示比与比例关系。主题对应沪教版《身体上的尺子与数学广场》。","比例推理要保持对应量同步变化。","Review 身体上的尺子与数学广场 concept illustration for math correctness, source distance, age fit, and absence of readable in-image text."
"hjb-primary-p1-lower-body-rulers-math-square-worked-example","hjb-primary-p1-lower-body-rulers-math-square","worked-example","approved","approved","coordination/content-qa/mainland-hjb-primary-illustrations-v1/candidates/hjb-primary-p1-lower-body-rulers-math-square/worked-example.png","/lesson-illustrations/mainland-hjb-primary/hjb-primary-p1-lower-body-rulers-math-square/worked-example.png","P1","lower","一年级下册","hjb-primary-p1-lower-body-rulers-math-square","配对条、比例尺、比例网格和对应箭头展示比与比例关系。画面以例题工作区方式对应沪教版《身体上的尺子与数学广场》。","比例推理要保持对应量同步变化。例题中要把模型、步骤和检查连起来。","Review 身体上的尺子与数学广场 worked-example illustration for math correctness, source distance, age fit, and absence of readable in-image text."
"hjb-primary-p1-lower-review-concept","hjb-primary-p1-lower-review","concept","approved","approved","coordination/content-qa/mainland-hjb-primary-illustrations-v1/candidates/hjb-primary-p1-lower-review/concept.png","/lesson-illustrations/mainland-hjb-primary/hjb-primary-p1-lower-review/concept.png","P1","lower","一年级下册","hjb-primary-p1-lower-review","配对条、比例尺、比例网格和对应箭头展示比与比例关系。主题对应沪教版《一年级下册整理与复习》。","比例推理要保持对应量同步变化。","Review 一年级下册整理与复习 concept illustration for math correctness, source distance, age fit, and absence of readable in-image text."
"hjb-primary-p1-lower-review-worked-example","hjb-primary-p1-lower-review","worked-example","approved","approved","coordination/content-qa/mainland-hjb-primary-illustrations-v1/candidates/hjb-primary-p1-lower-review/worked-example.png","/lesson-illustrations/mainland-hjb-primary/hjb-primary-p1-lower-review/worked-example.png","P1","lower","一年级下册","hjb-primary-p1-lower-review","配对条、比例尺、比例网格和对应箭头展示比与比例关系。画面以例题工作区方式对应沪教版《一年级下册整理与复习》。","比例推理要保持对应量同步变化。例题中要把模型、步骤和检查连起来。","Review 一年级下册整理与复习 worked-example illustration for math correctness, source distance, age fit, and absence of readable in-image text."
"hjb-primary-p2-upper-within-100-add-sub-concept","hjb-primary-p2-upper-within-100-add-sub","concept","approved","approved","coordination/content-qa/mainland-hjb-primary-illustrations-v1/candidates/hjb-primary-p2-upper-within-100-add-sub/concept.png","/lesson-illustrations/mainland-hjb-primary/hjb-primary-p2-upper-within-100-add-sub/concept.png","P2","upper","二年级上册","hjb-primary-p2-upper-within-100-add-sub","配对条、比例尺、比例网格和对应箭头展示比与比例关系。主题对应沪教版《100以内数的加减法（二）》。","比例推理要保持对应量同步变化。","Review 100以内数的加减法（二） concept illustration for math correctness, source distance, age fit, and absence of readable in-image text."
"hjb-primary-p2-upper-within-100-add-sub-worked-example","hjb-primary-p2-upper-within-100-add-sub","worked-example","approved","approved","coordination/content-qa/mainland-hjb-primary-illustrations-v1/candidates/hjb-primary-p2-upper-within-100-add-sub/worked-example.png","/lesson-illustrations/mainland-hjb-primary/hjb-primary-p2-upper-within-100-add-sub/worked-example.png","P2","upper","二年级上册","hjb-primary-p2-upper-within-100-add-sub","配对条、比例尺、比例网格和对应箭头展示比与比例关系。画面以例题工作区方式对应沪教版《100以内数的加减法（二）》。","比例推理要保持对应量同步变化。例题中要把模型、步骤和检查连起来。","Review 100以内数的加减法（二） worked-example illustration for math correctness, source distance, age fit, and absence of readable in-image text."
"hjb-primary-p2-upper-money-shopping-concept","hjb-primary-p2-upper-money-shopping","concept","approved","approved","coordination/content-qa/mainland-hjb-primary-illustrations-v1/candidates/hjb-primary-p2-upper-money-shopping/concept.png","/lesson-illustrations/mainland-hjb-primary/hjb-primary-p2-upper-money-shopping/concept.png","P2","upper","二年级上册","hjb-primary-p2-upper-money-shopping","玩具硬币、购物托盘、方向箭头和位置方块展示生活数量关系。主题对应沪教版《人民币与购物应用》。","生活数学要先认清单位和位置，再解释数量变化。","Review 人民币与购物应用 concept illustration for math correctness, source distance, age fit, and absence of readable in-image text."
"hjb-primary-p2-upper-money-shopping-worked-example","hjb-primary-p2-upper-money-shopping","worked-example","approved","approved","coordination/content-qa/mainland-hjb-primary-illustrations-v1/candidates/hjb-primary-p2-upper-money-shopping/worked-example.png","/lesson-illustrations/mainland-hjb-primary/hjb-primary-p2-upper-money-shopping/worked-example.png","P2","upper","二年级上册","hjb-primary-p2-upper-money-shopping","玩具硬币、购物托盘、方向箭头和位置方块展示生活数量关系。画面以例题工作区方式对应沪教版《人民币与购物应用》。","生活数学要先认清单位和位置，再解释数量变化。例题中要把模型、步骤和检查连起来。","Review 人民币与购物应用 worked-example illustration for math correctness, source distance, age fit, and absence of readable in-image text."
"hjb-primary-p2-upper-school-position-direction-concept","hjb-primary-p2-upper-school-position-direction","concept","approved","approved","coordination/content-qa/mainland-hjb-primary-illustrations-v1/candidates/hjb-primary-p2-upper-school-position-direction/concept.png","/lesson-illustrations/mainland-hjb-primary/hjb-primary-p2-upper-school-position-direction/concept.png","P2","upper","二年级上册","hjb-primary-p2-upper-school-position-direction","平面图形、线段、角的两边、平行垂直线组和移动箭头展示几何关系。主题对应沪教版《校园方位与位置表达》。","几何判断要同时看形状特征、位置关系和测量线索。","Review 校园方位与位置表达 concept illustration for math correctness, source distance, age fit, and absence of readable in-image text."
"hjb-primary-p2-upper-school-position-direction-worked-example","hjb-primary-p2-upper-school-position-direction","worked-example","approved","approved","coordination/content-qa/mainland-hjb-primary-illustrations-v1/candidates/hjb-primary-p2-upper-school-position-direction/worked-example.png","/lesson-illustrations/mainland-hjb-primary/hjb-primary-p2-upper-school-position-direction/worked-example.png","P2","upper","二年级上册","hjb-primary-p2-upper-school-position-direction","平面图形、线段、角的两边、平行垂直线组和移动箭头展示几何关系。画面以例题工作区方式对应沪教版《校园方位与位置表达》。","几何判断要同时看形状特征、位置关系和测量线索。例题中要把模型、步骤和检查连起来。","Review 校园方位与位置表达 worked-example illustration for math correctness, source distance, age fit, and absence of readable in-image text."
"hjb-primary-p2-upper-multiplication-facts-concept","hjb-primary-p2-upper-multiplication-facts","concept","approved","approved","coordination/content-qa/mainland-hjb-primary-illustrations-v1/candidates/hjb-primary-p2-upper-multiplication-facts/concept.png","/lesson-illustrations/mainland-hjb-primary/hjb-primary-p2-upper-multiplication-facts/concept.png","P2","upper","二年级上册","hjb-primary-p2-upper-multiplication-facts","相同小组转化为阵列、行列和部分矩形。主题对应沪教版《表内乘法》。","乘除法模型要先保证每组数量相同。","Review 表内乘法 concept illustration for math correctness, source distance, age fit, and absence of readable in-image text."
"hjb-primary-p2-upper-multiplication-facts-worked-example","hjb-primary-p2-upper-multiplication-facts","worked-example","approved","approved","coordination/content-qa/mainland-hjb-primary-illustrations-v1/candidates/hjb-primary-p2-upper-multiplication-facts/worked-example.png","/lesson-illustrations/mainland-hjb-primary/hjb-primary-p2-upper-multiplication-facts/worked-example.png","P2","upper","二年级上册","hjb-primary-p2-upper-multiplication-facts","相同小组转化为阵列、行列和部分矩形。画面以例题工作区方式对应沪教版《表内乘法》。","乘除法模型要先保证每组数量相同。例题中要把模型、步骤和检查连起来。","Review 表内乘法 worked-example illustration for math correctness, source distance, age fit, and absence of readable in-image text."
"hjb-primary-p2-upper-classification-concept","hjb-primary-p2-upper-classification","concept","approved","approved","coordination/content-qa/mainland-hjb-primary-illustrations-v1/candidates/hjb-primary-p2-upper-classification/concept.png","/lesson-illustrations/mainland-hjb-primary/hjb-primary-p2-upper-classification/concept.png","P2","upper","二年级上册","hjb-primary-p2-upper-classification","原创条形图、点图、分类标记、平均数天平和可能性方块展示统计思路。主题对应沪教版《分类与整理》。","读数据要先配对类别与数值，再比较和解释结论。","Review 分类与整理 concept illustration for math correctness, source distance, age fit, and absence of readable in-image text."
"hjb-primary-p2-upper-classification-worked-example","hjb-primary-p2-upper-classification","worked-example","approved","approved","coordination/content-qa/mainland-hjb-primary-illustrations-v1/candidates/hjb-primary-p2-upper-classification/worked-example.png","/lesson-illustrations/mainland-hjb-primary/hjb-primary-p2-upper-classification/worked-example.png","P2","upper","二年级上册","hjb-primary-p2-upper-classification","原创条形图、点图、分类标记、平均数天平和可能性方块展示统计思路。画面以例题工作区方式对应沪教版《分类与整理》。","读数据要先配对类别与数值，再比较和解释结论。例题中要把模型、步骤和检查连起来。","Review 分类与整理 worked-example illustration for math correctness, source distance, age fit, and absence of readable in-image text."
"hjb-primary-p2-upper-math-square-review-concept","hjb-primary-p2-upper-math-square-review","concept","approved","approved","coordination/content-qa/mainland-hjb-primary-illustrations-v1/candidates/hjb-primary-p2-upper-math-square-review/concept.png","/lesson-illustrations/mainland-hjb-primary/hjb-primary-p2-upper-math-square-review/concept.png","P2","upper","二年级上册","hjb-primary-p2-upper-math-square-review","配对条、比例尺、比例网格和对应箭头展示比与比例关系。主题对应沪教版《二年级上册数学广场与整理复习》。","比例推理要保持对应量同步变化。","Review 二年级上册数学广场与整理复习 concept illustration for math correctness, source distance, age fit, and absence of readable in-image text."
"hjb-primary-p2-upper-math-square-review-worked-example","hjb-primary-p2-upper-math-square-review","worked-example","approved","approved","coordination/content-qa/mainland-hjb-primary-illustrations-v1/candidates/hjb-primary-p2-upper-math-square-review/worked-example.png","/lesson-illustrations/mainland-hjb-primary/hjb-primary-p2-upper-math-square-review/worked-example.png","P2","upper","二年级上册","hjb-primary-p2-upper-math-square-review","配对条、比例尺、比例网格和对应箭头展示比与比例关系。画面以例题工作区方式对应沪教版《二年级上册数学广场与整理复习》。","比例推理要保持对应量同步变化。例题中要把模型、步骤和检查连起来。","Review 二年级上册数学广场与整理复习 worked-example illustration for math correctness, source distance, age fit, and absence of readable in-image text."
"hjb-primary-p2-lower-division-facts-concept","hjb-primary-p2-lower-division-facts","concept","approved","approved","coordination/content-qa/mainland-hjb-primary-illustrations-v1/candidates/hjb-primary-p2-lower-division-facts/concept.png","/lesson-illustrations/mainland-hjb-primary/hjb-primary-p2-lower-division-facts/concept.png","P2","lower","二年级下册","hjb-primary-p2-lower-division-facts","相同小组转化为阵列、行列和部分矩形。主题对应沪教版《表内除法》。","乘除法模型要先保证每组数量相同。","Review 表内除法 concept illustration for math correctness, source distance, age fit, and absence of readable in-image text."
"hjb-primary-p2-lower-division-facts-worked-example","hjb-primary-p2-lower-division-facts","worked-example","approved","approved","coordination/content-qa/mainland-hjb-primary-illustrations-v1/candidates/hjb-primary-p2-lower-division-facts/worked-example.png","/lesson-illustrations/mainland-hjb-primary/hjb-primary-p2-lower-division-facts/worked-example.png","P2","lower","二年级下册","hjb-primary-p2-lower-division-facts","相同小组转化为阵列、行列和部分矩形。画面以例题工作区方式对应沪教版《表内除法》。","乘除法模型要先保证每组数量相同。例题中要把模型、步骤和检查连起来。","Review 表内除法 worked-example illustration for math correctness, source distance, age fit, and absence of readable in-image text."
"hjb-primary-p2-lower-time-concept","hjb-primary-p2-lower-time","concept","approved","approved","coordination/content-qa/mainland-hjb-primary-illustrations-v1/candidates/hjb-primary-p2-lower-time/concept.png","/lesson-illustrations/mainland-hjb-primary/hjb-primary-p2-lower-time/concept.png","P2","lower","二年级下册","hjb-primary-p2-lower-time","尺子、测量条、比较条、单位块和钟面弧线展示测量推理。主题对应沪教版《时间在哪里》。","测量时要看清单位、起点和比较对象。","Review 时间在哪里 concept illustration for math correctness, source distance, age fit, and absence of readable in-image text."
"hjb-primary-p2-lower-time-worked-example","hjb-primary-p2-lower-time","worked-example","approved","approved","coordination/content-qa/mainland-hjb-primary-illustrations-v1/candidates/hjb-primary-p2-lower-time/worked-example.png","/lesson-illustrations/mainland-hjb-primary/hjb-primary-p2-lower-time/worked-example.png","P2","lower","二年级下册","hjb-primary-p2-lower-time","尺子、测量条、比较条、单位块和钟面弧线展示测量推理。画面以例题工作区方式对应沪教版《时间在哪里》。","测量时要看清单位、起点和比较对象。例题中要把模型、步骤和检查连起来。","Review 时间在哪里 worked-example illustration for math correctness, source distance, age fit, and absence of readable in-image text."
"hjb-primary-p2-lower-within-10000-number-sense-concept","hjb-primary-p2-lower-within-10000-number-sense","concept","approved","approved","coordination/content-qa/mainland-hjb-primary-illustrations-v1/candidates/hjb-primary-p2-lower-within-10000-number-sense/concept.png","/lesson-illustrations/mainland-hjb-primary/hjb-primary-p2-lower-within-10000-number-sense/concept.png","P2","lower","二年级下册","hjb-primary-p2-lower-within-10000-number-sense","位值块、计数片、十格结构和数线路径帮助理解数感。主题对应沪教版《万以内的数》。","先看清数量结构，再把数的组成和位置说清楚。","Review 万以内的数 concept illustration for math correctness, source distance, age fit, and absence of readable in-image text."
"hjb-primary-p2-lower-within-10000-number-sense-worked-example","hjb-primary-p2-lower-within-10000-number-sense","worked-example","approved","approved","coordination/content-qa/mainland-hjb-primary-illustrations-v1/candidates/hjb-primary-p2-lower-within-10000-number-sense/worked-example.png","/lesson-illustrations/mainland-hjb-primary/hjb-primary-p2-lower-within-10000-number-sense/worked-example.png","P2","lower","二年级下册","hjb-primary-p2-lower-within-10000-number-sense","位值块、计数片、十格结构和数线路径帮助理解数感。画面以例题工作区方式对应沪教版《万以内的数》。","先看清数量结构，再把数的组成和位置说清楚。例题中要把模型、步骤和检查连起来。","Review 万以内的数 worked-example illustration for math correctness, source distance, age fit, and absence of readable in-image text."
"hjb-primary-p2-lower-two-three-digit-add-sub-concept","hjb-primary-p2-lower-two-three-digit-add-sub","concept","approved","approved","coordination/content-qa/mainland-hjb-primary-illustrations-v1/candidates/hjb-primary-p2-lower-two-three-digit-add-sub/concept.png","/lesson-illustrations/mainland-hjb-primary/hjb-primary-p2-lower-two-three-digit-add-sub/concept.png","P2","lower","二年级下册","hjb-primary-p2-lower-two-three-digit-add-sub","分组计数片、重组托盘、部分整体条和进退路径展示运算思路。主题对应沪教版《两位数与三位数的加减法》。","运算前先判断数量关系，再用模型检查结果是否合理。","Review 两位数与三位数的加减法 concept illustration for math correctness, source distance, age fit, and absence of readable in-image text."
"hjb-primary-p2-lower-two-three-digit-add-sub-worked-example","hjb-primary-p2-lower-two-three-digit-add-sub","worked-example","approved","approved","coordination/content-qa/mainland-hjb-primary-illustrations-v1/candidates/hjb-primary-p2-lower-two-three-digit-add-sub/worked-example.png","/lesson-illustrations/mainland-hjb-primary/hjb-primary-p2-lower-two-three-digit-add-sub/worked-example.png","P2","lower","二年级下册","hjb-primary-p2-lower-two-three-digit-add-sub","分组计数片、重组托盘、部分整体条和进退路径展示运算思路。画面以例题工作区方式对应沪教版《两位数与三位数的加减法》。","运算前先判断数量关系，再用模型检查结果是否合理。例题中要把模型、步骤和检查连起来。","Review 两位数与三位数的加减法 worked-example illustration for math correctness, source distance, age fit, and absence of readable in-image text."
"hjb-primary-p2-lower-math-square-review-concept","hjb-primary-p2-lower-math-square-review","concept","approved","approved","coordination/content-qa/mainland-hjb-primary-illustrations-v1/candidates/hjb-primary-p2-lower-math-square-review/concept.png","/lesson-illustrations/mainland-hjb-primary/hjb-primary-p2-lower-math-square-review/concept.png","P2","lower","二年级下册","hjb-primary-p2-lower-math-square-review","配对条、比例尺、比例网格和对应箭头展示比与比例关系。主题对应沪教版《二年级下册数学广场与整理复习》。","比例推理要保持对应量同步变化。","Review 二年级下册数学广场与整理复习 concept illustration for math correctness, source distance, age fit, and absence of readable in-image text."
"hjb-primary-p2-lower-math-square-review-worked-example","hjb-primary-p2-lower-math-square-review","worked-example","approved","approved","coordination/content-qa/mainland-hjb-primary-illustrations-v1/candidates/hjb-primary-p2-lower-math-square-review/worked-example.png","/lesson-illustrations/mainland-hjb-primary/hjb-primary-p2-lower-math-square-review/worked-example.png","P2","lower","二年级下册","hjb-primary-p2-lower-math-square-review","配对条、比例尺、比例网格和对应箭头展示比与比例关系。画面以例题工作区方式对应沪教版《二年级下册数学广场与整理复习》。","比例推理要保持对应量同步变化。例题中要把模型、步骤和检查连起来。","Review 二年级下册数学广场与整理复习 worked-example illustration for math correctness, source distance, age fit, and absence of readable in-image text."
"hjb-primary-p3-upper-review-place-value-operations-concept","hjb-primary-p3-upper-review-place-value-operations","concept","approved","approved","coordination/content-qa/mainland-hjb-primary-illustrations-v1/candidates/hjb-primary-p3-upper-review-place-value-operations/concept.png","/lesson-illustrations/mainland-hjb-primary/hjb-primary-p3-upper-review-place-value-operations/concept.png","P3","upper","三年级上册（老课本暂用）","hjb-primary-p3-upper-review-place-value-operations","配对条、比例尺、比例网格和对应箭头展示比与比例关系。主题对应沪教版《三年级上册复习与数的运算》。","比例推理要保持对应量同步变化。","Review 三年级上册复习与数的运算 concept illustration for math correctness, source distance, age fit, and absence of readable in-image text."
"hjb-primary-p3-upper-review-place-value-operations-worked-example","hjb-primary-p3-upper-review-place-value-operations","worked-example","approved","approved","coordination/content-qa/mainland-hjb-primary-illustrations-v1/candidates/hjb-primary-p3-upper-review-place-value-operations/worked-example.png","/lesson-illustrations/mainland-hjb-primary/hjb-primary-p3-upper-review-place-value-operations/worked-example.png","P3","upper","三年级上册（老课本暂用）","hjb-primary-p3-upper-review-place-value-operations","配对条、比例尺、比例网格和对应箭头展示比与比例关系。画面以例题工作区方式对应沪教版《三年级上册复习与数的运算》。","比例推理要保持对应量同步变化。例题中要把模型、步骤和检查连起来。","Review 三年级上册复习与数的运算 worked-example illustration for math correctness, source distance, age fit, and absence of readable in-image text."
"hjb-primary-p3-upper-multiplication-division-extension-concept","hjb-primary-p3-upper-multiplication-division-extension","concept","approved","approved","coordination/content-qa/mainland-hjb-primary-illustrations-v1/candidates/hjb-primary-p3-upper-multiplication-division-extension/concept.png","/lesson-illustrations/mainland-hjb-primary/hjb-primary-p3-upper-multiplication-division-extension/concept.png","P3","upper","三年级上册（老课本暂用）","hjb-primary-p3-upper-multiplication-division-extension","相同小组转化为阵列、行列和部分矩形。主题对应沪教版《乘与除》。","乘除法模型要先保证每组数量相同。","Review 乘与除 concept illustration for math correctness, source distance, age fit, and absence of readable in-image text."
"hjb-primary-p3-upper-multiplication-division-extension-worked-example","hjb-primary-p3-upper-multiplication-division-extension","worked-example","approved","approved","coordination/content-qa/mainland-hjb-primary-illustrations-v1/candidates/hjb-primary-p3-upper-multiplication-division-extension/worked-example.png","/lesson-illustrations/mainland-hjb-primary/hjb-primary-p3-upper-multiplication-division-extension/worked-example.png","P3","upper","三年级上册（老课本暂用）","hjb-primary-p3-upper-multiplication-division-extension","相同小组转化为阵列、行列和部分矩形。画面以例题工作区方式对应沪教版《乘与除》。","乘除法模型要先保证每组数量相同。例题中要把模型、步骤和检查连起来。","Review 乘与除 worked-example illustration for math correctness, source distance, age fit, and absence of readable in-image text."
"hjb-primary-p3-upper-time-measurement-concept","hjb-primary-p3-upper-time-measurement","concept","approved","approved","coordination/content-qa/mainland-hjb-primary-illustrations-v1/candidates/hjb-primary-p3-upper-time-measurement/concept.png","/lesson-illustrations/mainland-hjb-primary/hjb-primary-p3-upper-time-measurement/concept.png","P3","upper","三年级上册（老课本暂用）","hjb-primary-p3-upper-time-measurement","配对条、比例尺、比例网格和对应箭头展示比与比例关系。主题对应沪教版《时间与日程推理》。","比例推理要保持对应量同步变化。","Review 时间与日程推理 concept illustration for math correctness, source distance, age fit, and absence of readable in-image text."
"hjb-primary-p3-upper-time-measurement-worked-example","hjb-primary-p3-upper-time-measurement","worked-example","approved","approved","coordination/content-qa/mainland-hjb-primary-illustrations-v1/candidates/hjb-primary-p3-upper-time-measurement/worked-example.png","/lesson-illustrations/mainland-hjb-primary/hjb-primary-p3-upper-time-measurement/worked-example.png","P3","upper","三年级上册（老课本暂用）","hjb-primary-p3-upper-time-measurement","配对条、比例尺、比例网格和对应箭头展示比与比例关系。画面以例题工作区方式对应沪教版《时间与日程推理》。","比例推理要保持对应量同步变化。例题中要把模型、步骤和检查连起来。","Review 时间与日程推理 worked-example illustration for math correctness, source distance, age fit, and absence of readable in-image text."
"hjb-primary-p3-upper-one-digit-multiplication-concept","hjb-primary-p3-upper-one-digit-multiplication","concept","approved","approved","coordination/content-qa/mainland-hjb-primary-illustrations-v1/candidates/hjb-primary-p3-upper-one-digit-multiplication/concept.png","/lesson-illustrations/mainland-hjb-primary/hjb-primary-p3-upper-one-digit-multiplication/concept.png","P3","upper","三年级上册（老课本暂用）","hjb-primary-p3-upper-one-digit-multiplication","相同小组转化为阵列、行列和部分矩形。主题对应沪教版《用一位数乘》。","乘除法模型要先保证每组数量相同。","Review 用一位数乘 concept illustration for math correctness, source distance, age fit, and absence of readable in-image text."
"hjb-primary-p3-upper-one-digit-multiplication-worked-example","hjb-primary-p3-upper-one-digit-multiplication","worked-example","approved","approved","coordination/content-qa/mainland-hjb-primary-illustrations-v1/candidates/hjb-primary-p3-upper-one-digit-multiplication/worked-example.png","/lesson-illustrations/mainland-hjb-primary/hjb-primary-p3-upper-one-digit-multiplication/worked-example.png","P3","upper","三年级上册（老课本暂用）","hjb-primary-p3-upper-one-digit-multiplication","相同小组转化为阵列、行列和部分矩形。画面以例题工作区方式对应沪教版《用一位数乘》。","乘除法模型要先保证每组数量相同。例题中要把模型、步骤和检查连起来。","Review 用一位数乘 worked-example illustration for math correctness, source distance, age fit, and absence of readable in-image text."
"hjb-primary-p3-upper-rectangle-square-geometry-concept","hjb-primary-p3-upper-rectangle-square-geometry","concept","approved","approved","coordination/content-qa/mainland-hjb-primary-illustrations-v1/candidates/hjb-primary-p3-upper-rectangle-square-geometry/concept.png","/lesson-illustrations/mainland-hjb-primary/hjb-primary-p3-upper-rectangle-square-geometry/concept.png","P3","upper","三年级上册（老课本暂用）","hjb-primary-p3-upper-rectangle-square-geometry","平面图形、线段、角的两边、平行垂直线组和移动箭头展示几何关系。主题对应沪教版《长方形与正方形》。","几何判断要同时看形状特征、位置关系和测量线索。","Review 长方形与正方形 concept illustration for math correctness, source distance, age fit, and absence of readable in-image text."
"hjb-primary-p3-upper-rectangle-square-geometry-worked-example","hjb-primary-p3-upper-rectangle-square-geometry","worked-example","approved","approved","coordination/content-qa/mainland-hjb-primary-illustrations-v1/candidates/hjb-primary-p3-upper-rectangle-square-geometry/worked-example.png","/lesson-illustrations/mainland-hjb-primary/hjb-primary-p3-upper-rectangle-square-geometry/worked-example.png","P3","upper","三年级上册（老课本暂用）","hjb-primary-p3-upper-rectangle-square-geometry","平面图形、线段、角的两边、平行垂直线组和移动箭头展示几何关系。画面以例题工作区方式对应沪教版《长方形与正方形》。","几何判断要同时看形状特征、位置关系和测量线索。例题中要把模型、步骤和检查连起来。","Review 长方形与正方形 worked-example illustration for math correctness, source distance, age fit, and absence of readable in-image text."
"hjb-primary-p3-upper-fraction-introduction-concept","hjb-primary-p3-upper-fraction-introduction","concept","approved","approved","coordination/content-qa/mainland-hjb-primary-illustrations-v1/candidates/hjb-primary-p3-upper-fraction-introduction/concept.png","/lesson-illustrations/mainland-hjb-primary/hjb-primary-p3-upper-fraction-introduction/concept.png","P3","upper","三年级上册（老课本暂用）","hjb-primary-p3-upper-fraction-introduction","分数圆、分数条、小数条、等值分割和平衡部分展示数的意义。主题对应沪教版《分数的初步认识》。","分数和小数都要先确认整体、单位和等分关系。","Review 分数的初步认识 concept illustration for math correctness, source distance, age fit, and absence of readable in-image text."
"hjb-primary-p3-upper-fraction-introduction-worked-example","hjb-primary-p3-upper-fraction-introduction","worked-example","approved","approved","coordination/content-qa/mainland-hjb-primary-illustrations-v1/candidates/hjb-primary-p3-upper-fraction-introduction/worked-example.png","/lesson-illustrations/mainland-hjb-primary/hjb-primary-p3-upper-fraction-introduction/worked-example.png","P3","upper","三年级上册（老课本暂用）","hjb-primary-p3-upper-fraction-introduction","分数圆、分数条、小数条、等值分割和平衡部分展示数的意义。画面以例题工作区方式对应沪教版《分数的初步认识》。","分数和小数都要先确认整体、单位和等分关系。例题中要把模型、步骤和检查连起来。","Review 分数的初步认识 worked-example illustration for math correctness, source distance, age fit, and absence of readable in-image text."
"hjb-primary-p3-upper-math-square-review-concept","hjb-primary-p3-upper-math-square-review","concept","approved","approved","coordination/content-qa/mainland-hjb-primary-illustrations-v1/candidates/hjb-primary-p3-upper-math-square-review/concept.png","/lesson-illustrations/mainland-hjb-primary/hjb-primary-p3-upper-math-square-review/concept.png","P3","upper","三年级上册（老课本暂用）","hjb-primary-p3-upper-math-square-review","配对条、比例尺、比例网格和对应箭头展示比与比例关系。主题对应沪教版《三年级上册数学广场与整理复习》。","比例推理要保持对应量同步变化。","Review 三年级上册数学广场与整理复习 concept illustration for math correctness, source distance, age fit, and absence of readable in-image text."
"hjb-primary-p3-upper-math-square-review-worked-example","hjb-primary-p3-upper-math-square-review","worked-example","approved","approved","coordination/content-qa/mainland-hjb-primary-illustrations-v1/candidates/hjb-primary-p3-upper-math-square-review/worked-example.png","/lesson-illustrations/mainland-hjb-primary/hjb-primary-p3-upper-math-square-review/worked-example.png","P3","upper","三年级上册（老课本暂用）","hjb-primary-p3-upper-math-square-review","配对条、比例尺、比例网格和对应箭头展示比与比例关系。画面以例题工作区方式对应沪教版《三年级上册数学广场与整理复习》。","比例推理要保持对应量同步变化。例题中要把模型、步骤和检查连起来。","Review 三年级上册数学广场与整理复习 worked-example illustration for math correctness, source distance, age fit, and absence of readable in-image text."
"hjb-primary-p3-lower-review-multiplication-division-concept","hjb-primary-p3-lower-review-multiplication-division","concept","approved","approved","coordination/content-qa/mainland-hjb-primary-illustrations-v1/candidates/hjb-primary-p3-lower-review-multiplication-division/concept.png","/lesson-illustrations/mainland-hjb-primary/hjb-primary-p3-lower-review-multiplication-division/concept.png","P3","lower","三年级下册","hjb-primary-p3-lower-review-multiplication-division","相同小组转化为阵列、行列和部分矩形。主题对应沪教版《三年级下册复习与乘除运算》。","乘除法模型要先保证每组数量相同。","Review 三年级下册复习与乘除运算 concept illustration for math correctness, source distance, age fit, and absence of readable in-image text."
"hjb-primary-p3-lower-review-multiplication-division-worked-example","hjb-primary-p3-lower-review-multiplication-division","worked-example","approved","approved","coordination/content-qa/mainland-hjb-primary-illustrations-v1/candidates/hjb-primary-p3-lower-review-multiplication-division/worked-example.png","/lesson-illustrations/mainland-hjb-primary/hjb-primary-p3-lower-review-multiplication-division/worked-example.png","P3","lower","三年级下册","hjb-primary-p3-lower-review-multiplication-division","相同小组转化为阵列、行列和部分矩形。画面以例题工作区方式对应沪教版《三年级下册复习与乘除运算》。","乘除法模型要先保证每组数量相同。例题中要把模型、步骤和检查连起来。","Review 三年级下册复习与乘除运算 worked-example illustration for math correctness, source distance, age fit, and absence of readable in-image text."
"hjb-primary-p3-lower-two-digit-multiplication-division-concept","hjb-primary-p3-lower-two-digit-multiplication-division","concept","approved","approved","coordination/content-qa/mainland-hjb-primary-illustrations-v1/candidates/hjb-primary-p3-lower-two-digit-multiplication-division/concept.png","/lesson-illustrations/mainland-hjb-primary/hjb-primary-p3-lower-two-digit-multiplication-division/concept.png","P3","lower","三年级下册","hjb-primary-p3-lower-two-digit-multiplication-division","相同小组转化为阵列、行列和部分矩形。主题对应沪教版《两位数乘除与问题解决》。","乘除法模型要先保证每组数量相同。","Review 两位数乘除与问题解决 concept illustration for math correctness, source distance, age fit, and absence of readable in-image text."
"hjb-primary-p3-lower-two-digit-multiplication-division-worked-example","hjb-primary-p3-lower-two-digit-multiplication-division","worked-example","approved","approved","coordination/content-qa/mainland-hjb-primary-illustrations-v1/candidates/hjb-primary-p3-lower-two-digit-multiplication-division/worked-example.png","/lesson-illustrations/mainland-hjb-primary/hjb-primary-p3-lower-two-digit-multiplication-division/worked-example.png","P3","lower","三年级下册","hjb-primary-p3-lower-two-digit-multiplication-division","相同小组转化为阵列、行列和部分矩形。画面以例题工作区方式对应沪教版《两位数乘除与问题解决》。","乘除法模型要先保证每组数量相同。例题中要把模型、步骤和检查连起来。","Review 两位数乘除与问题解决 worked-example illustration for math correctness, source distance, age fit, and absence of readable in-image text."
"hjb-primary-p3-lower-decimal-introduction-concept","hjb-primary-p3-lower-decimal-introduction","concept","approved","approved","coordination/content-qa/mainland-hjb-primary-illustrations-v1/candidates/hjb-primary-p3-lower-decimal-introduction/concept.png","/lesson-illustrations/mainland-hjb-primary/hjb-primary-p3-lower-decimal-introduction/concept.png","P3","lower","三年级下册","hjb-primary-p3-lower-decimal-introduction","分数圆、分数条、小数条、等值分割和平衡部分展示数的意义。主题对应沪教版《小数的初步认识》。","分数和小数都要先确认整体、单位和等分关系。","Review 小数的初步认识 concept illustration for math correctness, source distance, age fit, and absence of readable in-image text."
"hjb-primary-p3-lower-decimal-introduction-worked-example","hjb-primary-p3-lower-decimal-introduction","worked-example","approved","approved","coordination/content-qa/mainland-hjb-primary-illustrations-v1/candidates/hjb-primary-p3-lower-decimal-introduction/worked-example.png","/lesson-illustrations/mainland-hjb-primary/hjb-primary-p3-lower-decimal-introduction/worked-example.png","P3","lower","三年级下册","hjb-primary-p3-lower-decimal-introduction","分数圆、分数条、小数条、等值分割和平衡部分展示数的意义。画面以例题工作区方式对应沪教版《小数的初步认识》。","分数和小数都要先确认整体、单位和等分关系。例题中要把模型、步骤和检查连起来。","Review 小数的初步认识 worked-example illustration for math correctness, source distance, age fit, and absence of readable in-image text."
"hjb-primary-p3-lower-area-measurement-concept","hjb-primary-p3-lower-area-measurement","concept","approved","approved","coordination/content-qa/mainland-hjb-primary-illustrations-v1/candidates/hjb-primary-p3-lower-area-measurement/concept.png","/lesson-illustrations/mainland-hjb-primary/hjb-primary-p3-lower-area-measurement/concept.png","P3","lower","三年级下册","hjb-primary-p3-lower-area-measurement","尺子、测量条、比较条、单位块和钟面弧线展示测量推理。主题对应沪教版《面积与周长》。","测量时要看清单位、起点和比较对象。","Review 面积与周长 concept illustration for math correctness, source distance, age fit, and absence of readable in-image text."
"hjb-primary-p3-lower-area-measurement-worked-example","hjb-primary-p3-lower-area-measurement","worked-example","approved","approved","coordination/content-qa/mainland-hjb-primary-illustrations-v1/candidates/hjb-primary-p3-lower-area-measurement/worked-example.png","/lesson-illustrations/mainland-hjb-primary/hjb-primary-p3-lower-area-measurement/worked-example.png","P3","lower","三年级下册","hjb-primary-p3-lower-area-measurement","尺子、测量条、比较条、单位块和钟面弧线展示测量推理。画面以例题工作区方式对应沪教版《面积与周长》。","测量时要看清单位、起点和比较对象。例题中要把模型、步骤和检查连起来。","Review 面积与周长 worked-example illustration for math correctness, source distance, age fit, and absence of readable in-image text."
"hjb-primary-p3-lower-data-statistics-concept","hjb-primary-p3-lower-data-statistics","concept","approved","approved","coordination/content-qa/mainland-hjb-primary-illustrations-v1/candidates/hjb-primary-p3-lower-data-statistics/concept.png","/lesson-illustrations/mainland-hjb-primary/hjb-primary-p3-lower-data-statistics/concept.png","P3","lower","三年级下册","hjb-primary-p3-lower-data-statistics","原创条形图、点图、分类标记、平均数天平和可能性方块展示统计思路。主题对应沪教版《数据整理与统计表达》。","读数据要先配对类别与数值，再比较和解释结论。","Review 数据整理与统计表达 concept illustration for math correctness, source distance, age fit, and absence of readable in-image text."
"hjb-primary-p3-lower-data-statistics-worked-example","hjb-primary-p3-lower-data-statistics","worked-example","approved","approved","coordination/content-qa/mainland-hjb-primary-illustrations-v1/candidates/hjb-primary-p3-lower-data-statistics/worked-example.png","/lesson-illustrations/mainland-hjb-primary/hjb-primary-p3-lower-data-statistics/worked-example.png","P3","lower","三年级下册","hjb-primary-p3-lower-data-statistics","原创条形图、点图、分类标记、平均数天平和可能性方块展示统计思路。画面以例题工作区方式对应沪教版《数据整理与统计表达》。","读数据要先配对类别与数值，再比较和解释结论。例题中要把模型、步骤和检查连起来。","Review 数据整理与统计表达 worked-example illustration for math correctness, source distance, age fit, and absence of readable in-image text."
"hjb-primary-p3-lower-math-square-review-concept","hjb-primary-p3-lower-math-square-review","concept","approved","approved","coordination/content-qa/mainland-hjb-primary-illustrations-v1/candidates/hjb-primary-p3-lower-math-square-review/concept.png","/lesson-illustrations/mainland-hjb-primary/hjb-primary-p3-lower-math-square-review/concept.png","P3","lower","三年级下册","hjb-primary-p3-lower-math-square-review","配对条、比例尺、比例网格和对应箭头展示比与比例关系。主题对应沪教版《三年级下册数学广场与整理复习》。","比例推理要保持对应量同步变化。","Review 三年级下册数学广场与整理复习 concept illustration for math correctness, source distance, age fit, and absence of readable in-image text."
"hjb-primary-p3-lower-math-square-review-worked-example","hjb-primary-p3-lower-math-square-review","worked-example","approved","approved","coordination/content-qa/mainland-hjb-primary-illustrations-v1/candidates/hjb-primary-p3-lower-math-square-review/worked-example.png","/lesson-illustrations/mainland-hjb-primary/hjb-primary-p3-lower-math-square-review/worked-example.png","P3","lower","三年级下册","hjb-primary-p3-lower-math-square-review","配对条、比例尺、比例网格和对应箭头展示比与比例关系。画面以例题工作区方式对应沪教版《三年级下册数学广场与整理复习》。","比例推理要保持对应量同步变化。例题中要把模型、步骤和检查连起来。","Review 三年级下册数学广场与整理复习 worked-example illustration for math correctness, source distance, age fit, and absence of readable in-image text."
"hjb-primary-p4-upper-review-operations-fractions-concept","hjb-primary-p4-upper-review-operations-fractions","concept","approved","approved","coordination/content-qa/mainland-hjb-primary-illustrations-v1/candidates/hjb-primary-p4-upper-review-operations-fractions/concept.png","/lesson-illustrations/mainland-hjb-primary/hjb-primary-p4-upper-review-operations-fractions/concept.png","P4","upper","四年级上册","hjb-primary-p4-upper-review-operations-fractions","配对条、比例尺、比例网格和对应箭头展示比与比例关系。主题对应沪教版《复习与提高》。","比例推理要保持对应量同步变化。","Review 复习与提高 concept illustration for math correctness, source distance, age fit, and absence of readable in-image text."
"hjb-primary-p4-upper-review-operations-fractions-worked-example","hjb-primary-p4-upper-review-operations-fractions","worked-example","approved","approved","coordination/content-qa/mainland-hjb-primary-illustrations-v1/candidates/hjb-primary-p4-upper-review-operations-fractions/worked-example.png","/lesson-illustrations/mainland-hjb-primary/hjb-primary-p4-upper-review-operations-fractions/worked-example.png","P4","upper","四年级上册","hjb-primary-p4-upper-review-operations-fractions","配对条、比例尺、比例网格和对应箭头展示比与比例关系。画面以例题工作区方式对应沪教版《复习与提高》。","比例推理要保持对应量同步变化。例题中要把模型、步骤和检查连起来。","Review 复习与提高 worked-example illustration for math correctness, source distance, age fit, and absence of readable in-image text."
"hjb-primary-p4-upper-large-numbers-measurement-concept","hjb-primary-p4-upper-large-numbers-measurement","concept","approved","approved","coordination/content-qa/mainland-hjb-primary-illustrations-v1/candidates/hjb-primary-p4-upper-large-numbers-measurement/concept.png","/lesson-illustrations/mainland-hjb-primary/hjb-primary-p4-upper-large-numbers-measurement/concept.png","P4","upper","四年级上册","hjb-primary-p4-upper-large-numbers-measurement","尺子、测量条、比较条、单位块和钟面弧线展示测量推理。主题对应沪教版《数与量》。","测量时要看清单位、起点和比较对象。","Review 数与量 concept illustration for math correctness, source distance, age fit, and absence of readable in-image text."
"hjb-primary-p4-upper-large-numbers-measurement-worked-example","hjb-primary-p4-upper-large-numbers-measurement","worked-example","approved","approved","coordination/content-qa/mainland-hjb-primary-illustrations-v1/candidates/hjb-primary-p4-upper-large-numbers-measurement/worked-example.png","/lesson-illustrations/mainland-hjb-primary/hjb-primary-p4-upper-large-numbers-measurement/worked-example.png","P4","upper","四年级上册","hjb-primary-p4-upper-large-numbers-measurement","尺子、测量条、比较条、单位块和钟面弧线展示测量推理。画面以例题工作区方式对应沪教版《数与量》。","测量时要看清单位、起点和比较对象。例题中要把模型、步骤和检查连起来。","Review 数与量 worked-example illustration for math correctness, source distance, age fit, and absence of readable in-image text."
"hjb-primary-p4-upper-fraction-extension-concept","hjb-primary-p4-upper-fraction-extension","concept","approved","approved","coordination/content-qa/mainland-hjb-primary-illustrations-v1/candidates/hjb-primary-p4-upper-fraction-extension/concept.png","/lesson-illustrations/mainland-hjb-primary/hjb-primary-p4-upper-fraction-extension/concept.png","P4","upper","四年级上册","hjb-primary-p4-upper-fraction-extension","配对条、比例尺、比例网格和对应箭头展示比与比例关系。主题对应沪教版《分数的初步认识（二）》。","比例推理要保持对应量同步变化。","Review 分数的初步认识（二） concept illustration for math correctness, source distance, age fit, and absence of readable in-image text."
"hjb-primary-p4-upper-fraction-extension-worked-example","hjb-primary-p4-upper-fraction-extension","worked-example","approved","approved","coordination/content-qa/mainland-hjb-primary-illustrations-v1/candidates/hjb-primary-p4-upper-fraction-extension/worked-example.png","/lesson-illustrations/mainland-hjb-primary/hjb-primary-p4-upper-fraction-extension/worked-example.png","P4","upper","四年级上册","hjb-primary-p4-upper-fraction-extension","配对条、比例尺、比例网格和对应箭头展示比与比例关系。画面以例题工作区方式对应沪教版《分数的初步认识（二）》。","比例推理要保持对应量同步变化。例题中要把模型、步骤和检查连起来。","Review 分数的初步认识（二） worked-example illustration for math correctness, source distance, age fit, and absence of readable in-image text."
"hjb-primary-p4-upper-four-operations-problem-solving-concept","hjb-primary-p4-upper-four-operations-problem-solving","concept","approved","approved","coordination/content-qa/mainland-hjb-primary-illustrations-v1/candidates/hjb-primary-p4-upper-four-operations-problem-solving/concept.png","/lesson-illustrations/mainland-hjb-primary/hjb-primary-p4-upper-four-operations-problem-solving/concept.png","P4","upper","四年级上册","hjb-primary-p4-upper-four-operations-problem-solving","配对条、比例尺、比例网格和对应箭头展示比与比例关系。主题对应沪教版《整数的四则运算》。","比例推理要保持对应量同步变化。","Review 整数的四则运算 concept illustration for math correctness, source distance, age fit, and absence of readable in-image text."
"hjb-primary-p4-upper-four-operations-problem-solving-worked-example","hjb-primary-p4-upper-four-operations-problem-solving","worked-example","approved","approved","coordination/content-qa/mainland-hjb-primary-illustrations-v1/candidates/hjb-primary-p4-upper-four-operations-problem-solving/worked-example.png","/lesson-illustrations/mainland-hjb-primary/hjb-primary-p4-upper-four-operations-problem-solving/worked-example.png","P4","upper","四年级上册","hjb-primary-p4-upper-four-operations-problem-solving","配对条、比例尺、比例网格和对应箭头展示比与比例关系。画面以例题工作区方式对应沪教版《整数的四则运算》。","比例推理要保持对应量同步变化。例题中要把模型、步骤和检查连起来。","Review 整数的四则运算 worked-example illustration for math correctness, source distance, age fit, and absence of readable in-image text."
"hjb-primary-p4-upper-geometry-circle-lines-angles-concept","hjb-primary-p4-upper-geometry-circle-lines-angles","concept","approved","approved","coordination/content-qa/mainland-hjb-primary-illustrations-v1/candidates/hjb-primary-p4-upper-geometry-circle-lines-angles/concept.png","/lesson-illustrations/mainland-hjb-primary/hjb-primary-p4-upper-geometry-circle-lines-angles/concept.png","P4","upper","四年级上册","hjb-primary-p4-upper-geometry-circle-lines-angles","尺子、测量条、比较条、单位块和钟面弧线展示测量推理。主题对应沪教版《几何小实践》。","测量时要看清单位、起点和比较对象。","Review 几何小实践 concept illustration for math correctness, source distance, age fit, and absence of readable in-image text."
"hjb-primary-p4-upper-geometry-circle-lines-angles-worked-example","hjb-primary-p4-upper-geometry-circle-lines-angles","worked-example","approved","approved","coordination/content-qa/mainland-hjb-primary-illustrations-v1/candidates/hjb-primary-p4-upper-geometry-circle-lines-angles/worked-example.png","/lesson-illustrations/mainland-hjb-primary/hjb-primary-p4-upper-geometry-circle-lines-angles/worked-example.png","P4","upper","四年级上册","hjb-primary-p4-upper-geometry-circle-lines-angles","尺子、测量条、比较条、单位块和钟面弧线展示测量推理。画面以例题工作区方式对应沪教版《几何小实践》。","测量时要看清单位、起点和比较对象。例题中要把模型、步骤和检查连起来。","Review 几何小实践 worked-example illustration for math correctness, source distance, age fit, and absence of readable in-image text."
"hjb-primary-p4-upper-review-integration-concept","hjb-primary-p4-upper-review-integration","concept","approved","approved","coordination/content-qa/mainland-hjb-primary-illustrations-v1/candidates/hjb-primary-p4-upper-review-integration/concept.png","/lesson-illustrations/mainland-hjb-primary/hjb-primary-p4-upper-review-integration/concept.png","P4","upper","四年级上册","hjb-primary-p4-upper-review-integration","配对条、比例尺、比例网格和对应箭头展示比与比例关系。主题对应沪教版《四年级上册整理与提高》。","比例推理要保持对应量同步变化。","Review 四年级上册整理与提高 concept illustration for math correctness, source distance, age fit, and absence of readable in-image text."
"hjb-primary-p4-upper-review-integration-worked-example","hjb-primary-p4-upper-review-integration","worked-example","approved","approved","coordination/content-qa/mainland-hjb-primary-illustrations-v1/candidates/hjb-primary-p4-upper-review-integration/worked-example.png","/lesson-illustrations/mainland-hjb-primary/hjb-primary-p4-upper-review-integration/worked-example.png","P4","upper","四年级上册","hjb-primary-p4-upper-review-integration","配对条、比例尺、比例网格和对应箭头展示比与比例关系。画面以例题工作区方式对应沪教版《四年级上册整理与提高》。","比例推理要保持对应量同步变化。例题中要把模型、步骤和检查连起来。","Review 四年级上册整理与提高 worked-example illustration for math correctness, source distance, age fit, and absence of readable in-image text."
"hjb-primary-p4-lower-review-operation-properties-concept","hjb-primary-p4-lower-review-operation-properties","concept","approved","approved","coordination/content-qa/mainland-hjb-primary-illustrations-v1/candidates/hjb-primary-p4-lower-review-operation-properties/concept.png","/lesson-illustrations/mainland-hjb-primary/hjb-primary-p4-lower-review-operation-properties/concept.png","P4","lower","四年级下册","hjb-primary-p4-lower-review-operation-properties","配对条、比例尺、比例网格和对应箭头展示比与比例关系。主题对应沪教版《复习与提高》。","比例推理要保持对应量同步变化。","Review 复习与提高 concept illustration for math correctness, source distance, age fit, and absence of readable in-image text."
"hjb-primary-p4-lower-review-operation-properties-worked-example","hjb-primary-p4-lower-review-operation-properties","worked-example","approved","approved","coordination/content-qa/mainland-hjb-primary-illustrations-v1/candidates/hjb-primary-p4-lower-review-operation-properties/worked-example.png","/lesson-illustrations/mainland-hjb-primary/hjb-primary-p4-lower-review-operation-properties/worked-example.png","P4","lower","四年级下册","hjb-primary-p4-lower-review-operation-properties","配对条、比例尺、比例网格和对应箭头展示比与比例关系。画面以例题工作区方式对应沪教版《复习与提高》。","比例推理要保持对应量同步变化。例题中要把模型、步骤和检查连起来。","Review 复习与提高 worked-example illustration for math correctness, source distance, age fit, and absence of readable in-image text."
"hjb-primary-p4-lower-decimals-meaning-add-sub-concept","hjb-primary-p4-lower-decimals-meaning-add-sub","concept","approved","approved","coordination/content-qa/mainland-hjb-primary-illustrations-v1/candidates/hjb-primary-p4-lower-decimals-meaning-add-sub/concept.png","/lesson-illustrations/mainland-hjb-primary/hjb-primary-p4-lower-decimals-meaning-add-sub/concept.png","P4","lower","四年级下册","hjb-primary-p4-lower-decimals-meaning-add-sub","分数圆、分数条、小数条、等值分割和平衡部分展示数的意义。主题对应沪教版《小数的认识与加减法》。","分数和小数都要先确认整体、单位和等分关系。","Review 小数的认识与加减法 concept illustration for math correctness, source distance, age fit, and absence of readable in-image text."
"hjb-primary-p4-lower-decimals-meaning-add-sub-worked-example","hjb-primary-p4-lower-decimals-meaning-add-sub","worked-example","approved","approved","coordination/content-qa/mainland-hjb-primary-illustrations-v1/candidates/hjb-primary-p4-lower-decimals-meaning-add-sub/worked-example.png","/lesson-illustrations/mainland-hjb-primary/hjb-primary-p4-lower-decimals-meaning-add-sub/worked-example.png","P4","lower","四年级下册","hjb-primary-p4-lower-decimals-meaning-add-sub","分数圆、分数条、小数条、等值分割和平衡部分展示数的意义。画面以例题工作区方式对应沪教版《小数的认识与加减法》。","分数和小数都要先确认整体、单位和等分关系。例题中要把模型、步骤和检查连起来。","Review 小数的认识与加减法 worked-example illustration for math correctness, source distance, age fit, and absence of readable in-image text."
"hjb-primary-p4-lower-line-statistics-concept","hjb-primary-p4-lower-line-statistics","concept","approved","approved","coordination/content-qa/mainland-hjb-primary-illustrations-v1/candidates/hjb-primary-p4-lower-line-statistics/concept.png","/lesson-illustrations/mainland-hjb-primary/hjb-primary-p4-lower-line-statistics/concept.png","P4","lower","四年级下册","hjb-primary-p4-lower-line-statistics","原创条形图、点图、分类标记、平均数天平和可能性方块展示统计思路。主题对应沪教版《统计》。","读数据要先配对类别与数值，再比较和解释结论。","Review 统计 concept illustration for math correctness, source distance, age fit, and absence of readable in-image text."
"hjb-primary-p4-lower-line-statistics-worked-example","hjb-primary-p4-lower-line-statistics","worked-example","approved","approved","coordination/content-qa/mainland-hjb-primary-illustrations-v1/candidates/hjb-primary-p4-lower-line-statistics/worked-example.png","/lesson-illustrations/mainland-hjb-primary/hjb-primary-p4-lower-line-statistics/worked-example.png","P4","lower","四年级下册","hjb-primary-p4-lower-line-statistics","原创条形图、点图、分类标记、平均数天平和可能性方块展示统计思路。画面以例题工作区方式对应沪教版《统计》。","读数据要先配对类别与数值，再比较和解释结论。例题中要把模型、步骤和检查连起来。","Review 统计 worked-example illustration for math correctness, source distance, age fit, and absence of readable in-image text."
"hjb-primary-p4-lower-vertical-parallel-lines-concept","hjb-primary-p4-lower-vertical-parallel-lines","concept","approved","approved","coordination/content-qa/mainland-hjb-primary-illustrations-v1/candidates/hjb-primary-p4-lower-vertical-parallel-lines/concept.png","/lesson-illustrations/mainland-hjb-primary/hjb-primary-p4-lower-vertical-parallel-lines/concept.png","P4","lower","四年级下册","hjb-primary-p4-lower-vertical-parallel-lines","平面图形、线段、角的两边、平行垂直线组和移动箭头展示几何关系。主题对应沪教版《几何小实践》。","几何判断要同时看形状特征、位置关系和测量线索。","Review 几何小实践 concept illustration for math correctness, source distance, age fit, and absence of readable in-image text."
"hjb-primary-p4-lower-vertical-parallel-lines-worked-example","hjb-primary-p4-lower-vertical-parallel-lines","worked-example","approved","approved","coordination/content-qa/mainland-hjb-primary-illustrations-v1/candidates/hjb-primary-p4-lower-vertical-parallel-lines/worked-example.png","/lesson-illustrations/mainland-hjb-primary/hjb-primary-p4-lower-vertical-parallel-lines/worked-example.png","P4","lower","四年级下册","hjb-primary-p4-lower-vertical-parallel-lines","平面图形、线段、角的两边、平行垂直线组和移动箭头展示几何关系。画面以例题工作区方式对应沪教版《几何小实践》。","几何判断要同时看形状特征、位置关系和测量线索。例题中要把模型、步骤和检查连起来。","Review 几何小实践 worked-example illustration for math correctness, source distance, age fit, and absence of readable in-image text."
"hjb-primary-p4-lower-review-integration-concept","hjb-primary-p4-lower-review-integration","concept","approved","approved","coordination/content-qa/mainland-hjb-primary-illustrations-v1/candidates/hjb-primary-p4-lower-review-integration/concept.png","/lesson-illustrations/mainland-hjb-primary/hjb-primary-p4-lower-review-integration/concept.png","P4","lower","四年级下册","hjb-primary-p4-lower-review-integration","配对条、比例尺、比例网格和对应箭头展示比与比例关系。主题对应沪教版《四年级下册整理与提高》。","比例推理要保持对应量同步变化。","Review 四年级下册整理与提高 concept illustration for math correctness, source distance, age fit, and absence of readable in-image text."
"hjb-primary-p4-lower-review-integration-worked-example","hjb-primary-p4-lower-review-integration","worked-example","approved","approved","coordination/content-qa/mainland-hjb-primary-illustrations-v1/candidates/hjb-primary-p4-lower-review-integration/worked-example.png","/lesson-illustrations/mainland-hjb-primary/hjb-primary-p4-lower-review-integration/worked-example.png","P4","lower","四年级下册","hjb-primary-p4-lower-review-integration","配对条、比例尺、比例网格和对应箭头展示比与比例关系。画面以例题工作区方式对应沪教版《四年级下册整理与提高》。","比例推理要保持对应量同步变化。例题中要把模型、步骤和检查连起来。","Review 四年级下册整理与提高 worked-example illustration for math correctness, source distance, age fit, and absence of readable in-image text."
"hjb-primary-p5-upper-decimal-operations-concept","hjb-primary-p5-upper-decimal-operations","concept","approved","approved","coordination/content-qa/mainland-hjb-primary-illustrations-v1/candidates/hjb-primary-p5-upper-decimal-operations/concept.png","/lesson-illustrations/mainland-hjb-primary/hjb-primary-p5-upper-decimal-operations/concept.png","P5","upper","五年级上册","hjb-primary-p5-upper-decimal-operations","分数圆、分数条、小数条、等值分割和平衡部分展示数的意义。主题对应沪教版《小数乘除法与估算》。","分数和小数都要先确认整体、单位和等分关系。","Review 小数乘除法与估算 concept illustration for math correctness, source distance, age fit, and absence of readable in-image text."
"hjb-primary-p5-upper-decimal-operations-worked-example","hjb-primary-p5-upper-decimal-operations","worked-example","approved","approved","coordination/content-qa/mainland-hjb-primary-illustrations-v1/candidates/hjb-primary-p5-upper-decimal-operations/worked-example.png","/lesson-illustrations/mainland-hjb-primary/hjb-primary-p5-upper-decimal-operations/worked-example.png","P5","upper","五年级上册","hjb-primary-p5-upper-decimal-operations","分数圆、分数条、小数条、等值分割和平衡部分展示数的意义。画面以例题工作区方式对应沪教版《小数乘除法与估算》。","分数和小数都要先确认整体、单位和等分关系。例题中要把模型、步骤和检查连起来。","Review 小数乘除法与估算 worked-example illustration for math correctness, source distance, age fit, and absence of readable in-image text."
"hjb-primary-p5-upper-equations-relationships-concept","hjb-primary-p5-upper-equations-relationships","concept","approved","approved","coordination/content-qa/mainland-hjb-primary-illustrations-v1/candidates/hjb-primary-p5-upper-equations-relationships/concept.png","/lesson-illustrations/mainland-hjb-primary/hjb-primary-p5-upper-equations-relationships/concept.png","P5","upper","五年级上册","hjb-primary-p5-upper-equations-relationships","天平、未知量方块、关系箭头、成对路径和简单坐标线索展示代数关系。主题对应沪教版《用字母表示数与简易方程》。","代数推理要保持等量关系，并逐步追踪未知量。","Review 用字母表示数与简易方程 concept illustration for math correctness, source distance, age fit, and absence of readable in-image text."
"hjb-primary-p5-upper-equations-relationships-worked-example","hjb-primary-p5-upper-equations-relationships","worked-example","approved","approved","coordination/content-qa/mainland-hjb-primary-illustrations-v1/candidates/hjb-primary-p5-upper-equations-relationships/worked-example.png","/lesson-illustrations/mainland-hjb-primary/hjb-primary-p5-upper-equations-relationships/worked-example.png","P5","upper","五年级上册","hjb-primary-p5-upper-equations-relationships","天平、未知量方块、关系箭头、成对路径和简单坐标线索展示代数关系。画面以例题工作区方式对应沪教版《用字母表示数与简易方程》。","代数推理要保持等量关系，并逐步追踪未知量。例题中要把模型、步骤和检查连起来。","Review 用字母表示数与简易方程 worked-example illustration for math correctness, source distance, age fit, and absence of readable in-image text."
"hjb-primary-p5-upper-plane-figure-area-concept","hjb-primary-p5-upper-plane-figure-area","concept","approved","approved","coordination/content-qa/mainland-hjb-primary-illustrations-v1/candidates/hjb-primary-p5-upper-plane-figure-area/concept.png","/lesson-illustrations/mainland-hjb-primary/hjb-primary-p5-upper-plane-figure-area/concept.png","P5","upper","五年级上册","hjb-primary-p5-upper-plane-figure-area","平面图形、线段、角的两边、平行垂直线组和移动箭头展示几何关系。主题对应沪教版《平面图形面积》。","几何判断要同时看形状特征、位置关系和测量线索。","Review 平面图形面积 concept illustration for math correctness, source distance, age fit, and absence of readable in-image text."
"hjb-primary-p5-upper-plane-figure-area-worked-example","hjb-primary-p5-upper-plane-figure-area","worked-example","approved","approved","coordination/content-qa/mainland-hjb-primary-illustrations-v1/candidates/hjb-primary-p5-upper-plane-figure-area/worked-example.png","/lesson-illustrations/mainland-hjb-primary/hjb-primary-p5-upper-plane-figure-area/worked-example.png","P5","upper","五年级上册","hjb-primary-p5-upper-plane-figure-area","平面图形、线段、角的两边、平行垂直线组和移动箭头展示几何关系。画面以例题工作区方式对应沪教版《平面图形面积》。","几何判断要同时看形状特征、位置关系和测量线索。例题中要把模型、步骤和检查连起来。","Review 平面图形面积 worked-example illustration for math correctness, source distance, age fit, and absence of readable in-image text."
"hjb-primary-p5-upper-data-average-concept","hjb-primary-p5-upper-data-average","concept","approved","approved","coordination/content-qa/mainland-hjb-primary-illustrations-v1/candidates/hjb-primary-p5-upper-data-average/concept.png","/lesson-illustrations/mainland-hjb-primary/hjb-primary-p5-upper-data-average/concept.png","P5","upper","五年级上册","hjb-primary-p5-upper-data-average","原创条形图、点图、分类标记、平均数天平和可能性方块展示统计思路。主题对应沪教版《数据整理与平均数》。","读数据要先配对类别与数值，再比较和解释结论。","Review 数据整理与平均数 concept illustration for math correctness, source distance, age fit, and absence of readable in-image text."
"hjb-primary-p5-upper-data-average-worked-example","hjb-primary-p5-upper-data-average","worked-example","approved","approved","coordination/content-qa/mainland-hjb-primary-illustrations-v1/candidates/hjb-primary-p5-upper-data-average/worked-example.png","/lesson-illustrations/mainland-hjb-primary/hjb-primary-p5-upper-data-average/worked-example.png","P5","upper","五年级上册","hjb-primary-p5-upper-data-average","原创条形图、点图、分类标记、平均数天平和可能性方块展示统计思路。画面以例题工作区方式对应沪教版《数据整理与平均数》。","读数据要先配对类别与数值，再比较和解释结论。例题中要把模型、步骤和检查连起来。","Review 数据整理与平均数 worked-example illustration for math correctness, source distance, age fit, and absence of readable in-image text."
"hjb-primary-p5-lower-factors-multiples-concept","hjb-primary-p5-lower-factors-multiples","concept","approved","approved","coordination/content-qa/mainland-hjb-primary-illustrations-v1/candidates/hjb-primary-p5-lower-factors-multiples/concept.png","/lesson-illustrations/mainland-hjb-primary/hjb-primary-p5-lower-factors-multiples/concept.png","P5","lower","五年级下册","hjb-primary-p5-lower-factors-multiples","相同小组转化为阵列、行列和部分矩形。主题对应沪教版《因数、倍数与数的结构》。","乘除法模型要先保证每组数量相同。","Review 因数、倍数与数的结构 concept illustration for math correctness, source distance, age fit, and absence of readable in-image text."
"hjb-primary-p5-lower-factors-multiples-worked-example","hjb-primary-p5-lower-factors-multiples","worked-example","approved","approved","coordination/content-qa/mainland-hjb-primary-illustrations-v1/candidates/hjb-primary-p5-lower-factors-multiples/worked-example.png","/lesson-illustrations/mainland-hjb-primary/hjb-primary-p5-lower-factors-multiples/worked-example.png","P5","lower","五年级下册","hjb-primary-p5-lower-factors-multiples","相同小组转化为阵列、行列和部分矩形。画面以例题工作区方式对应沪教版《因数、倍数与数的结构》。","乘除法模型要先保证每组数量相同。例题中要把模型、步骤和检查连起来。","Review 因数、倍数与数的结构 worked-example illustration for math correctness, source distance, age fit, and absence of readable in-image text."
"hjb-primary-p5-lower-fractions-equivalence-operations-concept","hjb-primary-p5-lower-fractions-equivalence-operations","concept","approved","approved","coordination/content-qa/mainland-hjb-primary-illustrations-v1/candidates/hjb-primary-p5-lower-fractions-equivalence-operations/concept.png","/lesson-illustrations/mainland-hjb-primary/hjb-primary-p5-lower-fractions-equivalence-operations/concept.png","P5","lower","五年级下册","hjb-primary-p5-lower-fractions-equivalence-operations","分数圆、分数条、小数条、等值分割和平衡部分展示数的意义。主题对应沪教版《分数意义、性质与加减》。","分数和小数都要先确认整体、单位和等分关系。","Review 分数意义、性质与加减 concept illustration for math correctness, source distance, age fit, and absence of readable in-image text."
"hjb-primary-p5-lower-fractions-equivalence-operations-worked-example","hjb-primary-p5-lower-fractions-equivalence-operations","worked-example","approved","approved","coordination/content-qa/mainland-hjb-primary-illustrations-v1/candidates/hjb-primary-p5-lower-fractions-equivalence-operations/worked-example.png","/lesson-illustrations/mainland-hjb-primary/hjb-primary-p5-lower-fractions-equivalence-operations/worked-example.png","P5","lower","五年级下册","hjb-primary-p5-lower-fractions-equivalence-operations","分数圆、分数条、小数条、等值分割和平衡部分展示数的意义。画面以例题工作区方式对应沪教版《分数意义、性质与加减》。","分数和小数都要先确认整体、单位和等分关系。例题中要把模型、步骤和检查连起来。","Review 分数意义、性质与加减 worked-example illustration for math correctness, source distance, age fit, and absence of readable in-image text."
"hjb-primary-p5-lower-cuboid-cube-concept","hjb-primary-p5-lower-cuboid-cube","concept","approved","approved","coordination/content-qa/mainland-hjb-primary-illustrations-v1/candidates/hjb-primary-p5-lower-cuboid-cube/concept.png","/lesson-illustrations/mainland-hjb-primary/hjb-primary-p5-lower-cuboid-cube/concept.png","P5","lower","五年级下册","hjb-primary-p5-lower-cuboid-cube","长方体、正方体、圆柱、圆锥、展开图、单位立方体和阴影面展示空间推理。主题对应沪教版《长方体、正方体与体积》。","立体图形要分清结构、表面积和体积。","Review 长方体、正方体与体积 concept illustration for math correctness, source distance, age fit, and absence of readable in-image text."
"hjb-primary-p5-lower-cuboid-cube-worked-example","hjb-primary-p5-lower-cuboid-cube","worked-example","approved","approved","coordination/content-qa/mainland-hjb-primary-illustrations-v1/candidates/hjb-primary-p5-lower-cuboid-cube/worked-example.png","/lesson-illustrations/mainland-hjb-primary/hjb-primary-p5-lower-cuboid-cube/worked-example.png","P5","lower","五年级下册","hjb-primary-p5-lower-cuboid-cube","长方体、正方体、圆柱、圆锥、展开图、单位立方体和阴影面展示空间推理。画面以例题工作区方式对应沪教版《长方体、正方体与体积》。","立体图形要分清结构、表面积和体积。例题中要把模型、步骤和检查连起来。","Review 长方体、正方体与体积 worked-example illustration for math correctness, source distance, age fit, and absence of readable in-image text."
"hjb-primary-p5-lower-statistics-review-concept","hjb-primary-p5-lower-statistics-review","concept","approved","approved","coordination/content-qa/mainland-hjb-primary-illustrations-v1/candidates/hjb-primary-p5-lower-statistics-review/concept.png","/lesson-illustrations/mainland-hjb-primary/hjb-primary-p5-lower-statistics-review/concept.png","P5","lower","五年级下册","hjb-primary-p5-lower-statistics-review","原创条形图、点图、分类标记、平均数天平和可能性方块展示统计思路。主题对应沪教版《统计表达与综合应用》。","读数据要先配对类别与数值，再比较和解释结论。","Review 统计表达与综合应用 concept illustration for math correctness, source distance, age fit, and absence of readable in-image text."
"hjb-primary-p5-lower-statistics-review-worked-example","hjb-primary-p5-lower-statistics-review","worked-example","approved","approved","coordination/content-qa/mainland-hjb-primary-illustrations-v1/candidates/hjb-primary-p5-lower-statistics-review/worked-example.png","/lesson-illustrations/mainland-hjb-primary/hjb-primary-p5-lower-statistics-review/worked-example.png","P5","lower","五年级下册","hjb-primary-p5-lower-statistics-review","原创条形图、点图、分类标记、平均数天平和可能性方块展示统计思路。画面以例题工作区方式对应沪教版《统计表达与综合应用》。","读数据要先配对类别与数值，再比较和解释结论。例题中要把模型、步骤和检查连起来。","Review 统计表达与综合应用 worked-example illustration for math correctness, source distance, age fit, and absence of readable in-image text."
"hjb-primary-p6-upper-divisibility-concept","hjb-primary-p6-upper-divisibility","concept","approved","approved","coordination/content-qa/mainland-hjb-primary-illustrations-v1/candidates/hjb-primary-p6-upper-divisibility/concept.png","/lesson-illustrations/mainland-hjb-primary/hjb-primary-p6-upper-divisibility/concept.png","P6","upper","6年级上册","hjb-primary-p6-upper-divisibility","天平、未知量方块、关系箭头、成对路径和简单坐标线索展示代数关系。主题对应沪教版《数的整除》。","代数推理要保持等量关系，并逐步追踪未知量。","Review 数的整除 concept illustration for math correctness, source distance, age fit, and absence of readable in-image text."
"hjb-primary-p6-upper-divisibility-worked-example","hjb-primary-p6-upper-divisibility","worked-example","approved","approved","coordination/content-qa/mainland-hjb-primary-illustrations-v1/candidates/hjb-primary-p6-upper-divisibility/worked-example.png","/lesson-illustrations/mainland-hjb-primary/hjb-primary-p6-upper-divisibility/worked-example.png","P6","upper","6年级上册","hjb-primary-p6-upper-divisibility","天平、未知量方块、关系箭头、成对路径和简单坐标线索展示代数关系。画面以例题工作区方式对应沪教版《数的整除》。","代数推理要保持等量关系，并逐步追踪未知量。例题中要把模型、步骤和检查连起来。","Review 数的整除 worked-example illustration for math correctness, source distance, age fit, and absence of readable in-image text."
"hjb-primary-p6-upper-fractions-concept","hjb-primary-p6-upper-fractions","concept","approved","approved","coordination/content-qa/mainland-hjb-primary-illustrations-v1/candidates/hjb-primary-p6-upper-fractions/concept.png","/lesson-illustrations/mainland-hjb-primary/hjb-primary-p6-upper-fractions/concept.png","P6","upper","6年级上册","hjb-primary-p6-upper-fractions","配对条、比例尺、比例网格和对应箭头展示比与比例关系。主题对应沪教版《分数》。","比例推理要保持对应量同步变化。","Review 分数 concept illustration for math correctness, source distance, age fit, and absence of readable in-image text."
"hjb-primary-p6-upper-fractions-worked-example","hjb-primary-p6-upper-fractions","worked-example","approved","approved","coordination/content-qa/mainland-hjb-primary-illustrations-v1/candidates/hjb-primary-p6-upper-fractions/worked-example.png","/lesson-illustrations/mainland-hjb-primary/hjb-primary-p6-upper-fractions/worked-example.png","P6","upper","6年级上册","hjb-primary-p6-upper-fractions","配对条、比例尺、比例网格和对应箭头展示比与比例关系。画面以例题工作区方式对应沪教版《分数》。","比例推理要保持对应量同步变化。例题中要把模型、步骤和检查连起来。","Review 分数 worked-example illustration for math correctness, source distance, age fit, and absence of readable in-image text."
"hjb-primary-p6-upper-ratio-proportion-concept","hjb-primary-p6-upper-ratio-proportion","concept","approved","approved","coordination/content-qa/mainland-hjb-primary-illustrations-v1/candidates/hjb-primary-p6-upper-ratio-proportion/concept.png","/lesson-illustrations/mainland-hjb-primary/hjb-primary-p6-upper-ratio-proportion/concept.png","P6","upper","6年级上册","hjb-primary-p6-upper-ratio-proportion","配对条、比例尺、比例网格和对应箭头展示比与比例关系。主题对应沪教版《比和比例》。","比例推理要保持对应量同步变化。","Review 比和比例 concept illustration for math correctness, source distance, age fit, and absence of readable in-image text."
"hjb-primary-p6-upper-ratio-proportion-worked-example","hjb-primary-p6-upper-ratio-proportion","worked-example","approved","approved","coordination/content-qa/mainland-hjb-primary-illustrations-v1/candidates/hjb-primary-p6-upper-ratio-proportion/worked-example.png","/lesson-illustrations/mainland-hjb-primary/hjb-primary-p6-upper-ratio-proportion/worked-example.png","P6","upper","6年级上册","hjb-primary-p6-upper-ratio-proportion","配对条、比例尺、比例网格和对应箭头展示比与比例关系。画面以例题工作区方式对应沪教版《比和比例》。","比例推理要保持对应量同步变化。例题中要把模型、步骤和检查连起来。","Review 比和比例 worked-example illustration for math correctness, source distance, age fit, and absence of readable in-image text."
"hjb-primary-p6-upper-circle-sector-concept","hjb-primary-p6-upper-circle-sector","concept","approved","approved","coordination/content-qa/mainland-hjb-primary-illustrations-v1/candidates/hjb-primary-p6-upper-circle-sector/concept.png","/lesson-illustrations/mainland-hjb-primary/hjb-primary-p6-upper-circle-sector/concept.png","P6","upper","6年级上册","hjb-primary-p6-upper-circle-sector","平面图形、线段、角的两边、平行垂直线组和移动箭头展示几何关系。主题对应沪教版《圆和扇形》。","几何判断要同时看形状特征、位置关系和测量线索。","Review 圆和扇形 concept illustration for math correctness, source distance, age fit, and absence of readable in-image text."
"hjb-primary-p6-upper-circle-sector-worked-example","hjb-primary-p6-upper-circle-sector","worked-example","approved","approved","coordination/content-qa/mainland-hjb-primary-illustrations-v1/candidates/hjb-primary-p6-upper-circle-sector/worked-example.png","/lesson-illustrations/mainland-hjb-primary/hjb-primary-p6-upper-circle-sector/worked-example.png","P6","upper","6年级上册","hjb-primary-p6-upper-circle-sector","平面图形、线段、角的两边、平行垂直线组和移动箭头展示几何关系。画面以例题工作区方式对应沪教版《圆和扇形》。","几何判断要同时看形状特征、位置关系和测量线索。例题中要把模型、步骤和检查连起来。","Review 圆和扇形 worked-example illustration for math correctness, source distance, age fit, and absence of readable in-image text."
"hjb-primary-p6-lower-ratio-proportion-concept","hjb-primary-p6-lower-ratio-proportion","concept","approved","approved","coordination/content-qa/mainland-hjb-primary-illustrations-v1/candidates/hjb-primary-p6-lower-ratio-proportion/concept.png","/lesson-illustrations/mainland-hjb-primary/hjb-primary-p6-lower-ratio-proportion/concept.png","P6","lower","六年级下册","hjb-primary-p6-lower-ratio-proportion","配对条、比例尺、比例网格和对应箭头展示比与比例关系。主题对应沪教版《比与比例》。","比例推理要保持对应量同步变化。","Review 比与比例 concept illustration for math correctness, source distance, age fit, and absence of readable in-image text."
"hjb-primary-p6-lower-ratio-proportion-worked-example","hjb-primary-p6-lower-ratio-proportion","worked-example","approved","approved","coordination/content-qa/mainland-hjb-primary-illustrations-v1/candidates/hjb-primary-p6-lower-ratio-proportion/worked-example.png","/lesson-illustrations/mainland-hjb-primary/hjb-primary-p6-lower-ratio-proportion/worked-example.png","P6","lower","六年级下册","hjb-primary-p6-lower-ratio-proportion","配对条、比例尺、比例网格和对应箭头展示比与比例关系。画面以例题工作区方式对应沪教版《比与比例》。","比例推理要保持对应量同步变化。例题中要把模型、步骤和检查连起来。","Review 比与比例 worked-example illustration for math correctness, source distance, age fit, and absence of readable in-image text."
"hjb-primary-p6-lower-circle-sector-concept","hjb-primary-p6-lower-circle-sector","concept","approved","approved","coordination/content-qa/mainland-hjb-primary-illustrations-v1/candidates/hjb-primary-p6-lower-circle-sector/concept.png","/lesson-illustrations/mainland-hjb-primary/hjb-primary-p6-lower-circle-sector/concept.png","P6","lower","六年级下册","hjb-primary-p6-lower-circle-sector","平面图形、线段、角的两边、平行垂直线组和移动箭头展示几何关系。主题对应沪教版《圆与扇形》。","几何判断要同时看形状特征、位置关系和测量线索。","Review 圆与扇形 concept illustration for math correctness, source distance, age fit, and absence of readable in-image text."
"hjb-primary-p6-lower-circle-sector-worked-example","hjb-primary-p6-lower-circle-sector","worked-example","approved","approved","coordination/content-qa/mainland-hjb-primary-illustrations-v1/candidates/hjb-primary-p6-lower-circle-sector/worked-example.png","/lesson-illustrations/mainland-hjb-primary/hjb-primary-p6-lower-circle-sector/worked-example.png","P6","lower","六年级下册","hjb-primary-p6-lower-circle-sector","平面图形、线段、角的两边、平行垂直线组和移动箭头展示几何关系。画面以例题工作区方式对应沪教版《圆与扇形》。","几何判断要同时看形状特征、位置关系和测量线索。例题中要把模型、步骤和检查连起来。","Review 圆与扇形 worked-example illustration for math correctness, source distance, age fit, and absence of readable in-image text."
"hjb-primary-p6-lower-probability-statistics-concept","hjb-primary-p6-lower-probability-statistics","concept","approved","approved","coordination/content-qa/mainland-hjb-primary-illustrations-v1/candidates/hjb-primary-p6-lower-probability-statistics/concept.png","/lesson-illustrations/mainland-hjb-primary/hjb-primary-p6-lower-probability-statistics/concept.png","P6","lower","六年级下册","hjb-primary-p6-lower-probability-statistics","原创条形图、点图、分类标记、平均数天平和可能性方块展示统计思路。主题对应沪教版《可能性与统计图表》。","读数据要先配对类别与数值，再比较和解释结论。","Review 可能性与统计图表 concept illustration for math correctness, source distance, age fit, and absence of readable in-image text."
"hjb-primary-p6-lower-probability-statistics-worked-example","hjb-primary-p6-lower-probability-statistics","worked-example","approved","approved","coordination/content-qa/mainland-hjb-primary-illustrations-v1/candidates/hjb-primary-p6-lower-probability-statistics/worked-example.png","/lesson-illustrations/mainland-hjb-primary/hjb-primary-p6-lower-probability-statistics/worked-example.png","P6","lower","六年级下册","hjb-primary-p6-lower-probability-statistics","原创条形图、点图、分类标记、平均数天平和可能性方块展示统计思路。画面以例题工作区方式对应沪教版《可能性与统计图表》。","读数据要先配对类别与数值，再比较和解释结论。例题中要把模型、步骤和检查连起来。","Review 可能性与统计图表 worked-example illustration for math correctness, source distance, age fit, and absence of readable in-image text."
"hjb-primary-p6-lower-cylinder-cone-concept","hjb-primary-p6-lower-cylinder-cone","concept","approved","approved","coordination/content-qa/mainland-hjb-primary-illustrations-v1/candidates/hjb-primary-p6-lower-cylinder-cone/concept.png","/lesson-illustrations/mainland-hjb-primary/hjb-primary-p6-lower-cylinder-cone/concept.png","P6","lower","六年级下册","hjb-primary-p6-lower-cylinder-cone","长方体、正方体、圆柱、圆锥、展开图、单位立方体和阴影面展示空间推理。主题对应沪教版《圆柱与圆锥》。","立体图形要分清结构、表面积和体积。","Review 圆柱与圆锥 concept illustration for math correctness, source distance, age fit, and absence of readable in-image text."
"hjb-primary-p6-lower-cylinder-cone-worked-example","hjb-primary-p6-lower-cylinder-cone","worked-example","approved","approved","coordination/content-qa/mainland-hjb-primary-illustrations-v1/candidates/hjb-primary-p6-lower-cylinder-cone/worked-example.png","/lesson-illustrations/mainland-hjb-primary/hjb-primary-p6-lower-cylinder-cone/worked-example.png","P6","lower","六年级下册","hjb-primary-p6-lower-cylinder-cone","长方体、正方体、圆柱、圆锥、展开图、单位立方体和阴影面展示空间推理。画面以例题工作区方式对应沪教版《圆柱与圆锥》。","立体图形要分清结构、表面积和体积。例题中要把模型、步骤和检查连起来。","Review 圆柱与圆锥 worked-example illustration for math correctness, source distance, age fit, and absence of readable in-image text."
"hjb-primary-p6-lower-linear-systems-concept","hjb-primary-p6-lower-linear-systems","concept","approved","approved","coordination/content-qa/mainland-hjb-primary-illustrations-v1/candidates/hjb-primary-p6-lower-linear-systems/concept.png","/lesson-illustrations/mainland-hjb-primary/hjb-primary-p6-lower-linear-systems/concept.png","P6","lower","六年级下册","hjb-primary-p6-lower-linear-systems","天平、未知量方块、关系箭头、成对路径和简单坐标线索展示代数关系。主题对应沪教版《二元一次方程组》。","代数推理要保持等量关系，并逐步追踪未知量。","Review 二元一次方程组 concept illustration for math correctness, source distance, age fit, and absence of readable in-image text."
"hjb-primary-p6-lower-linear-systems-worked-example","hjb-primary-p6-lower-linear-systems","worked-example","approved","approved","coordination/content-qa/mainland-hjb-primary-illustrations-v1/candidates/hjb-primary-p6-lower-linear-systems/worked-example.png","/lesson-illustrations/mainland-hjb-primary/hjb-primary-p6-lower-linear-systems/worked-example.png","P6","lower","六年级下册","hjb-primary-p6-lower-linear-systems","天平、未知量方块、关系箭头、成对路径和简单坐标线索展示代数关系。画面以例题工作区方式对应沪教版《二元一次方程组》。","代数推理要保持等量关系，并逐步追踪未知量。例题中要把模型、步骤和检查连起来。","Review 二元一次方程组 worked-example illustration for math correctness, source distance, age fit, and absence of readable in-image text."
"hjb-primary-p6-lower-rational-numbers-concept","hjb-primary-p6-lower-rational-numbers","concept","approved","approved","coordination/content-qa/mainland-hjb-primary-illustrations-v1/candidates/hjb-primary-p6-lower-rational-numbers/concept.png","/lesson-illustrations/mainland-hjb-primary/hjb-primary-p6-lower-rational-numbers/concept.png","P6","lower","六年级下册","hjb-primary-p6-lower-rational-numbers","配对条、比例尺、比例网格和对应箭头展示比与比例关系。主题对应沪教版《有理数》。","比例推理要保持对应量同步变化。","Review 有理数 concept illustration for math correctness, source distance, age fit, and absence of readable in-image text."
"hjb-primary-p6-lower-rational-numbers-worked-example","hjb-primary-p6-lower-rational-numbers","worked-example","approved","approved","coordination/content-qa/mainland-hjb-primary-illustrations-v1/candidates/hjb-primary-p6-lower-rational-numbers/worked-example.png","/lesson-illustrations/mainland-hjb-primary/hjb-primary-p6-lower-rational-numbers/worked-example.png","P6","lower","六年级下册","hjb-primary-p6-lower-rational-numbers","配对条、比例尺、比例网格和对应箭头展示比与比例关系。画面以例题工作区方式对应沪教版《有理数》。","比例推理要保持对应量同步变化。例题中要把模型、步骤和检查连起来。","Review 有理数 worked-example illustration for math correctness, source distance, age fit, and absence of readable in-image text."
"hjb-primary-p6-lower-simple-algebraic-expressions-concept","hjb-primary-p6-lower-simple-algebraic-expressions","concept","approved","approved","coordination/content-qa/mainland-hjb-primary-illustrations-v1/candidates/hjb-primary-p6-lower-simple-algebraic-expressions/concept.png","/lesson-illustrations/mainland-hjb-primary/hjb-primary-p6-lower-simple-algebraic-expressions/concept.png","P6","lower","六年级下册","hjb-primary-p6-lower-simple-algebraic-expressions","天平、未知量方块、关系箭头、成对路径和简单坐标线索展示代数关系。主题对应沪教版《简单的代数式》。","代数推理要保持等量关系，并逐步追踪未知量。","Review 简单的代数式 concept illustration for math correctness, source distance, age fit, and absence of readable in-image text."
"hjb-primary-p6-lower-simple-algebraic-expressions-worked-example","hjb-primary-p6-lower-simple-algebraic-expressions","worked-example","approved","approved","coordination/content-qa/mainland-hjb-primary-illustrations-v1/candidates/hjb-primary-p6-lower-simple-algebraic-expressions/worked-example.png","/lesson-illustrations/mainland-hjb-primary/hjb-primary-p6-lower-simple-algebraic-expressions/worked-example.png","P6","lower","六年级下册","hjb-primary-p6-lower-simple-algebraic-expressions","天平、未知量方块、关系箭头、成对路径和简单坐标线索展示代数关系。画面以例题工作区方式对应沪教版《简单的代数式》。","代数推理要保持等量关系，并逐步追踪未知量。例题中要把模型、步骤和检查连起来。","Review 简单的代数式 worked-example illustration for math correctness, source distance, age fit, and absence of readable in-image text."
"hjb-primary-p6-lower-linear-equations-inequalities-concept","hjb-primary-p6-lower-linear-equations-inequalities","concept","approved","approved","coordination/content-qa/mainland-hjb-primary-illustrations-v1/candidates/hjb-primary-p6-lower-linear-equations-inequalities/concept.png","/lesson-illustrations/mainland-hjb-primary/hjb-primary-p6-lower-linear-equations-inequalities/concept.png","P6","lower","六年级下册","hjb-primary-p6-lower-linear-equations-inequalities","天平、未知量方块、关系箭头、成对路径和简单坐标线索展示代数关系。主题对应沪教版《一元一次方程》。","代数推理要保持等量关系，并逐步追踪未知量。","Review 一元一次方程 concept illustration for math correctness, source distance, age fit, and absence of readable in-image text."
"hjb-primary-p6-lower-linear-equations-inequalities-worked-example","hjb-primary-p6-lower-linear-equations-inequalities","worked-example","approved","approved","coordination/content-qa/mainland-hjb-primary-illustrations-v1/candidates/hjb-primary-p6-lower-linear-equations-inequalities/worked-example.png","/lesson-illustrations/mainland-hjb-primary/hjb-primary-p6-lower-linear-equations-inequalities/worked-example.png","P6","lower","六年级下册","hjb-primary-p6-lower-linear-equations-inequalities","天平、未知量方块、关系箭头、成对路径和简单坐标线索展示代数关系。画面以例题工作区方式对应沪教版《一元一次方程》。","代数推理要保持等量关系，并逐步追踪未知量。例题中要把模型、步骤和检查连起来。","Review 一元一次方程 worked-example illustration for math correctness, source distance, age fit, and absence of readable in-image text."
"hjb-primary-p6-lower-segments-angles-concept","hjb-primary-p6-lower-segments-angles","concept","approved","approved","coordination/content-qa/mainland-hjb-primary-illustrations-v1/candidates/hjb-primary-p6-lower-segments-angles/concept.png","/lesson-illustrations/mainland-hjb-primary/hjb-primary-p6-lower-segments-angles/concept.png","P6","lower","六年级下册","hjb-primary-p6-lower-segments-angles","尺子、测量条、比较条、单位块和钟面弧线展示测量推理。主题对应沪教版《线段与角》。","测量时要看清单位、起点和比较对象。","Review 线段与角 concept illustration for math correctness, source distance, age fit, and absence of readable in-image text."
"hjb-primary-p6-lower-segments-angles-worked-example","hjb-primary-p6-lower-segments-angles","worked-example","approved","approved","coordination/content-qa/mainland-hjb-primary-illustrations-v1/candidates/hjb-primary-p6-lower-segments-angles/worked-example.png","/lesson-illustrations/mainland-hjb-primary/hjb-primary-p6-lower-segments-angles/worked-example.png","P6","lower","六年级下册","hjb-primary-p6-lower-segments-angles","尺子、测量条、比较条、单位块和钟面弧线展示测量推理。画面以例题工作区方式对应沪教版《线段与角》。","测量时要看清单位、起点和比较对象。例题中要把模型、步骤和检查连起来。","Review 线段与角 worked-example illustration for math correctness, source distance, age fit, and absence of readable in-image text."
"hjb-primary-p6-lower-cuboid-concept","hjb-primary-p6-lower-cuboid","concept","approved","approved","coordination/content-qa/mainland-hjb-primary-illustrations-v1/candidates/hjb-primary-p6-lower-cuboid/concept.png","/lesson-illustrations/mainland-hjb-primary/hjb-primary-p6-lower-cuboid/concept.png","P6","lower","六年级下册","hjb-primary-p6-lower-cuboid","长方体、正方体、圆柱、圆锥、展开图、单位立方体和阴影面展示空间推理。主题对应沪教版《长方体》。","立体图形要分清结构、表面积和体积。","Review 长方体 concept illustration for math correctness, source distance, age fit, and absence of readable in-image text."
"hjb-primary-p6-lower-cuboid-worked-example","hjb-primary-p6-lower-cuboid","worked-example","approved","approved","coordination/content-qa/mainland-hjb-primary-illustrations-v1/candidates/hjb-primary-p6-lower-cuboid/worked-example.png","/lesson-illustrations/mainland-hjb-primary/hjb-primary-p6-lower-cuboid/worked-example.png","P6","lower","六年级下册","hjb-primary-p6-lower-cuboid","长方体、正方体、圆柱、圆锥、展开图、单位立方体和阴影面展示空间推理。画面以例题工作区方式对应沪教版《长方体》。","立体图形要分清结构、表面积和体积。例题中要把模型、步骤和检查连起来。","Review 长方体 worked-example illustration for math correctness, source distance, age fit, and absence of readable in-image text."
